{"type":"FeatureCollection","crs":{"type":"name","properties":{"name":"EPSG:4326"}},"features":[{"type":"Feature","id":1,"geometry":{"type":"LineString","coordinates":[[100.50588225492625,13.786975450981256],[100.50704437418703,13.785182336690614],[100.50719823819401,13.784879630996123],[100.50745995510331,13.784734240713961],[100.50798682480419,13.784967161770172],[100.5082806297059,13.784914026694832],[100.50855417066737,13.78417533946358],[100.50907589797943,13.783916377836903],[100.50992169560007,13.783579238915273],[100.5102562730609,13.783320429379366],[100.51060385804139,13.783139624221036],[100.51095948612071,13.783213444814656],[100.5113144483463,13.783171770473244],[100.51211030615622,13.782446500657947],[100.51351036167911,13.781623521333234],[100.51421916773081,13.781971351454205],[100.5145637887283,13.781650928735177],[100.51481299776435,13.781187307052345],[100.51523041052482,13.780743074644311],[100.51567051622217,13.780565849502477],[100.51645702097088,13.780545639888613],[100.51693982911395,13.780249938449415],[100.51745106763744,13.779692245691603],[100.51815307031885,13.779400342674613],[100.51899285409101,13.779282281284592],[100.51985321856665,13.779092061962587],[100.52047124686482,13.778810974451066],[100.52071091410039,13.778501405417503],[100.52129651491073,13.778076820257448],[100.521632002557,13.777961777150809],[100.5219892570269,13.777969780437143],[100.52251499168045,13.77802816370005],[100.52330136004863,13.777776844872683],[100.52389847710403,13.777506181896877],[100.52406395057118,13.777104616430181],[100.52423036624344,13.776836618890256],[100.52468011339225,13.776525745412057],[100.52520344647077,13.776214416103228],[100.52619675905387,13.775479206219488],[100.52690860243845,13.775074250745341],[100.52757714943053,13.774484746525323],[100.52782812669881,13.774298372271343]]},"properties":{"objectid":1,"id_khong":1,"id":357,"num":null,"khong_name":"คลองสามเสน","from_des":"แม่น้ำเจ้าพระยา","to_des":"ทางรถไฟสายเหนือ","width_m":"14.0-30.0","length_m":2900,"deep_m":0,"tor_began":null,"tor_term":null,"budget":0,"budg_sour":null,"mercenary":null,"progress_m":0,"per":0,"remark":null,"lev":null,"shape_leng":2802.7895560399998,"owner_name":"สำนักการระบายน้","check_neme":"1","hydrop":null,"text4000":null,"namef_pa":"คลองสามเสน","shape_le_1":2976.02862332,"dcode":"1025","dname":"เขตบางพลัด","canal_name":"คลองสามเสน","risk_status":"improving_recent","evidence":"ระดับเริ่มลดลงจากรายงาน 27-29 ก.ย.","status_date":"2026-09-30","source":"BMA GIS + current situation reports"}},{"type":"Feature","id":2,"geometry":{"type":"LineString","coordinates":[[100.49452165761636,13.765843950326916],[100.49615991240726,13.764312256160526],[100.49650903805474,13.764040092531033],[100.49686639007724,13.76376652257377],[100.49869210833735,13.762627080097232],[100.49977084135693,13.761911517902387],[100.50067913241779,13.761315020083991],[100.50273699128668,13.759993565891957],[100.50311283869071,13.759716802766672],[100.50383788336651,13.759265290874003],[100.50420679229735,13.758988930223211],[100.504293005589,13.758852930507418],[100.50586932284278,13.755869496799255]]},"properties":{"objectid":2,"id_khong":2,"id":813,"num":null,"khong_name":"คลองบางลำภู","from_des":"แม่น้ำเจ้าพระยา","to_des":"คลองโอ่งอ่าง","width_m":"20.0 - 22.0","length_m":1460,"deep_m":0,"tor_began":null,"tor_term":null,"budget":0,"budg_sour":null,"mercenary":null,"progress_m":0,"per":0,"remark":null,"lev":null,"shape_leng":1461.2487930500001,"owner_name":"สำนักการระบายน้","check_neme":"1","hydrop":null,"text4000":null,"namef_pa":"คลองบางลำภู","shape_le_1":1685.59529267,"dcode":"1025","dname":"เขตบางพลัด","canal_name":"คลองบางลำภู","risk_status":"monitor","evidence":"ไม่มีหลักฐานปัจจุบันว่าระดับวิกฤต; แสดงเป็นคลอง master","status_date":"2026-09-30","source":"BMA GIS + current situation reports"}},{"type":"Feature","id":3,"geometry":{"type":"LineString","coordinates":[[100.49882413655716,13.773069366194985],[100.5006119399974,13.772145862116583],[100.50134016510721,13.771672372364735],[100.50183322253184,13.771344827286057],[100.50272164661882,13.770713826004958],[100.50386167406567,13.769801664499921],[100.50411104861382,13.769481206368365],[100.50482186701626,13.768685173987858],[100.50511903531212,13.768338214177401],[100.50568665905355,13.767665062311051],[100.50618808867762,13.767134836378512],[100.5064491156008,13.76683680775309],[100.50691590952717,13.766304894233283],[100.50719413653144,13.765989951010923],[100.50776596407717,13.765379580625316],[100.5080786833582,13.765056833267655],[100.5086713637711,13.764405031697253],[100.50905249217872,13.763976848497407],[100.50937662771494,13.763651318957505]]},"properties":{"objectid":3,"id_khong":3,"id":835,"num":null,"khong_name":null,"from_des":null,"to_des":null,"width_m":null,"length_m":0,"deep_m":0,"tor_began":null,"tor_term":null,"budget":0,"budg_sour":null,"mercenary":null,"progress_m":0,"per":0,"remark":null,"lev":null,"shape_leng":0,"owner_name":null,"check_neme":"1","hydrop":null,"text4000":null,"namef_pa":"คลองผดุงกรุงเกษม","shape_le_1":1560.84777584,"dcode":"1025","dname":"เขตบางพลัด","canal_name":"","risk_status":"monitor","evidence":"ไม่มีหลักฐานปัจจุบันว่าระดับวิกฤต; แสดงเป็นคลอง master","status_date":"2026-09-30","source":"BMA GIS + current situation reports"}},{"type":"Feature","id":4,"geometry":{"type":"LineString","coordinates":[[100.47650269953316,13.78021150981957],[100.47664570606078,13.78011675130502],[100.47668662927023,13.780087765582506],[100.47672150078728,13.780030167352649],[100.47681701467089,13.779962625106673],[100.47688742598642,13.779929666686595],[100.47701844000063,13.779928880260474],[100.47714693736698,13.779819024972651],[100.47725759584318,13.779661466931637],[100.47730598149872,13.77964292030304],[100.47745134602923,13.779656507952836],[100.47765610740801,13.779534716164848],[100.47791592734347,13.779449015386724],[100.47815810666624,13.779359534253956],[100.47824226030515,13.779353244345288],[100.47829484333649,13.779310813530541],[100.47831812635947,13.779278137870081],[100.47840964257989,13.779193447706495],[100.47895592298481,13.778905027429571],[100.479219714659,13.77877212541229],[100.47951999038496,13.778631863502527],[100.47983225846447,13.778482672267867],[100.48013463211876,13.778312482745473],[100.48039994731258,13.778167369848854],[100.48052480646325,13.778097751496345],[100.4807766244727,13.777989140352572],[100.48110634945621,13.777814899104428],[100.48145946510417,13.777625242665007],[100.48179135350031,13.777479817124423],[100.48192595973813,13.777408151662424],[100.48204684483888,13.77732518175688],[100.48216561430412,13.777221166211783],[100.48223323569141,13.777157134689704],[100.48227465473468,13.77713438148218],[100.48238369854639,13.777036118383506],[100.48252581031525,13.776909006377203],[100.48265613787147,13.776787659252639],[100.48277484637869,13.77667406471207],[100.4828993064444,13.776541274526632],[100.48300039900698,13.776427786040072],[100.48310107379508,13.77633282640848],[100.48323580847459,13.776196811261247],[100.48341147509385,13.776033618090764],[100.48359966103364,13.775848296689855],[100.48373791855981,13.775726902192813],[100.48391089583812,13.775536430300233],[100.48426120527469,13.775205258319074],[100.48453156501527,13.774929969153396],[100.48488009627445,13.774631342873338],[100.48505551347192,13.77451351834283],[100.48516868567148,13.774453548450103],[100.48547091687729,13.774262296627334],[100.48587453644319,13.774016839372663],[100.4862839463206,13.773746492604095],[100.48702288692932,13.773273249467467],[100.4874186405733,13.773014551314738],[100.48747888875502,13.772954810766846],[100.48754509772877,13.772897021960746],[100.48757021638518,13.772841378827907],[100.48764775761401,13.772718451077196],[100.48779072747935,13.772631367920876],[100.48793459097884,13.772577086142432],[100.48805747396317,13.77250937465616],[100.4883322153182,13.772301024196226],[100.48864724858639,13.77210914827767],[100.48904455333465,13.771867158714969],[100.4891026667928,13.771831741412857],[100.48909746938529,13.771661143477962],[100.48912445749383,13.771599795881787],[100.48918684961986,13.771553507166194],[100.4892534020505,13.771525991688865],[100.48948078759301,13.771607219372013],[100.48961358011763,13.771550925518037],[100.48972076474787,13.771485206559506],[100.48993318472309,13.771334709814756],[100.49005396635346,13.771236372795135],[100.4902737630513,13.77102265904954],[100.49034916275573,13.770947100285639],[100.49046392640417,13.770753633252518],[100.49055134698327,13.770649804052177],[100.49074929536317,13.77046622773733],[100.49088617352076,13.770356947401925],[100.49103163531915,13.77013410323206],[100.49111074105667,13.769957572152247],[100.49130508146203,13.76973443184177],[100.491812640653,13.769515177303994],[100.49192137363383,13.769369103869789],[100.49203733850065,13.769136857974594],[100.49244258928996,13.768525991428866],[100.49263270820994,13.76826274893372],[100.49320523006685,13.76779049856622],[100.49346756186003,13.767478918645562],[100.4937631482791,13.7671805115258],[100.49496503978057,13.766363632186689]]},"properties":{"objectid":4,"id_khong":4,"id":3277,"num":null,"khong_name":"คลองบางยี่ขัน","from_des":"แม่น้ำเจ้าพระยา","to_des":"คลองบางบำหรุ","width_m":"3.50-10","length_m":2450,"deep_m":0,"tor_began":null,"tor_term":null,"budget":0,"budg_sour":null,"mercenary":null,"progress_m":0,"per":0,"remark":null,"lev":null,"shape_leng":2510.3551745900004,"owner_name":"สนน.","check_neme":"1","hydrop":null,"text4000":null,"namef_pa":"คลองบางยี่ขัน","shape_le_1":2588.26911479,"dcode":"1025","dname":"เขตบางพลัด","canal_name":"คลองบางยี่ขัน","risk_status":"monitor","evidence":"ไม่มีหลักฐานปัจจุบันว่าระดับวิกฤต; แสดงเป็นคลอง master","status_date":"2026-09-30","source":"BMA GIS + current situation reports"}},{"type":"Feature","id":5,"geometry":{"type":"LineString","coordinates":[[100.50080027249703,13.799887002852147],[100.50045739540066,13.798817063476605],[100.500380950819,13.798574601405841],[100.50029440127751,13.798374044275846],[100.50026049502596,13.798295534536624],[100.50020381038264,13.798197280821531],[100.500116999084,13.798015342703561],[100.50002302465228,13.797786543811965],[100.49998988203728,13.797696370358922],[100.49993759170823,13.797557692732234],[100.49989719084867,13.797393907955048],[100.49980723752688,13.797257175813543],[100.499761832325,13.797121799776214],[100.49991238090382,13.797097473547172],[100.50005606667672,13.797061440630895],[100.50013800088786,13.797017379747027],[100.50017888250662,13.796981974244154],[100.5002347587929,13.796953797296824],[100.50031401649392,13.796944366298398],[100.50040808466902,13.796925355316422],[100.50048567050499,13.79689297986679],[100.50055151316958,13.796849106589008],[100.50065058602496,13.79680159724299],[100.50074295333756,13.796791001341361],[100.50085089959522,13.796795403323307],[100.50088510026656,13.79677675775071],[100.50093588166708,13.79667938458628],[100.50097852726906,13.796657343763494],[100.5010674425422,13.796631676681379],[100.50126422881853,13.796598662452343],[100.5015674221596,13.796591749134924],[100.50170917218102,13.796527348911082],[100.5020439214137,13.796374557302626],[100.50221987070995,13.796291511997879],[100.50227780285762,13.796250940826265],[100.50250837231397,13.796134031725082],[100.50259031665858,13.796091686609945],[100.50268267410458,13.79606762411892],[100.50276634991646,13.796033674077275],[100.50293195007345,13.795942285872098],[100.50302918186533,13.79588141134438],[100.50314675849624,13.795781911869973],[100.5032298704172,13.795731425796118],[100.50329672541284,13.795690799841053],[100.5035310367823,13.795598720739392],[100.50367075152617,13.795490680818933],[100.50401493721937,13.795192325036039],[100.50421386464593,13.794970049083963],[100.50449714524454,13.794712463290535],[100.50480664665304,13.794440798794938],[100.50486201202702,13.794380721391974],[100.50566648687655,13.793658306431615],[100.50617590618639,13.793200778788867],[100.50641169362333,13.793101638426418],[100.50655187909022,13.793055591594312],[100.50665899601245,13.79293103079662],[100.5067918986648,13.792819687458826],[100.50693368768164,13.792761972540173],[100.50709151444696,13.792802848242646],[100.5072097741872,13.792810438537902],[100.50744540348603,13.792686806088495],[100.50766555223623,13.792563269277139],[100.50788703378856,13.792374382221407],[100.5080775987686,13.79216896545444],[100.5085783312777,13.79185635875078],[100.50884911233749,13.791672591153151],[100.50997697992929,13.790863406351113]]},"properties":{"objectid":5,"id_khong":5,"id":3288,"num":null,"khong_name":"คลองบางพระครู","from_des":"แม่น้ำเจ้าพระยา","to_des":"หมู่บ้านภาณุรังษี","width_m":"5.0 - 7.0","length_m":1300,"deep_m":0,"tor_began":null,"tor_term":null,"budget":0,"budg_sour":null,"mercenary":null,"progress_m":0,"per":0,"remark":null,"lev":null,"shape_leng":1556.94472273,"owner_name":"สำนักการระบายน้","check_neme":"1","hydrop":null,"text4000":null,"namef_pa":"คลองบางพระครู","shape_le_1":1666.89468601,"dcode":"1025","dname":"เขตบางพลัด","canal_name":"คลองบางพระครู","risk_status":"monitor","evidence":"ไม่มีหลักฐานปัจจุบันว่าระดับวิกฤต; แสดงเป็นคลอง master","status_date":"2026-09-30","source":"BMA GIS + current situation reports"}},{"type":"Feature","id":6,"geometry":{"type":"LineString","coordinates":[[100.5892165389029,13.821953707909456],[100.58918698010145,13.820676763397117],[100.58915254496792,13.819839148919657],[100.58918245489642,13.819233553604636],[100.58932183770187,13.818586401955162],[100.58943682719024,13.818199950127758],[100.58945482726674,13.817390101060386],[100.58936474211997,13.816432742523808],[100.58921593986904,13.815690487073903],[100.58899790664915,13.81514261833403],[100.58894027624137,13.814741920461046],[100.58897983305641,13.814029081265218],[100.58894891749992,13.81370999739734],[100.5887349549341,13.812985876719035],[100.58857324970339,13.812657426768222],[100.58854896400887,13.812540099942682],[100.58854424271696,13.81222590737879],[100.58861259120285,13.811901120110477],[100.58873842549579,13.811573340444873],[100.58891856531876,13.811155740941276],[100.58899947673763,13.810749085323922],[100.58896674105337,13.80977861226688],[100.58887247829298,13.809362877854602],[100.58874746776596,13.808663846426228],[100.58866396413242,13.807910865276071],[100.58862458621984,13.807119189893513],[100.58861680447967,13.806352976421326],[100.5885896803937,13.805433526211182],[100.58861562921841,13.804636457553228],[100.5886494449894,13.804043940307528],[100.58823901391357,13.803057743744091],[100.58823390219936,13.803057505620478]]},"properties":{"objectid":6,"id_khong":6,"id":292,"num":null,"khong_name":"คลองลาดพร้าว","from_des":null,"to_des":null,"width_m":null,"length_m":0,"deep_m":0,"tor_began":null,"tor_term":null,"budget":0,"budg_sour":null,"mercenary":null,"progress_m":0,"per":0,"remark":null,"lev":null,"shape_leng":0,"owner_name":null,"check_neme":"1","hydrop":null,"text4000":null,"namef_pa":"คลองลาดพร้าว","shape_le_1":2129.10973796,"dcode":"1017","dname":"เขตห้วยขวาง","canal_name":"คลองลาดพร้าว","risk_status":"watch_improving","evidence":"วิกฤตช่วงบน 29 ก.ย.; 30 ก.ย.ไม่อยู่ใน 3 คลองหลักที่ยังสูง","status_date":"2026-09-30","source":"BMA GIS + current situation reports"}},{"type":"Feature","id":7,"geometry":{"type":"LineString","coordinates":[[100.56666591492976,13.794691093758512],[100.56724641494662,13.79499610748576],[100.56773118087426,13.795206115321824],[100.56869924658474,13.795395144186875],[100.57029642526855,13.795767493539673],[100.5715300997055,13.795998373166105],[100.57253460897402,13.796128049210296],[100.57321571705717,13.796228975216431],[100.57400309711326,13.796278247198897],[100.57469089724724,13.796353369227937]]},"properties":{"objectid":7,"id_khong":7,"id":351,"num":null,"khong_name":"คลองบางซื่อ","from_des":"ถนนรัชดาภิเษก","to_des":"ถนนวิภาวดีรังสิต","width_m":"11.0-24.0","length_m":1450,"deep_m":0,"tor_began":null,"tor_term":null,"budget":0,"budg_sour":null,"mercenary":null,"progress_m":0,"per":0,"remark":null,"lev":null,"shape_leng":1486.0974660900001,"owner_name":"สำนักการระบายน้","check_neme":"1","hydrop":null,"text4000":null,"namef_pa":"คลองบางซื่อน้อย","shape_le_1":892.8676787100001,"dcode":"1017","dname":"เขตห้วยขวาง","canal_name":"คลองบางซื่อ","risk_status":"improving_recent","evidence":"ระดับเริ่มลดลงจากรายงาน 27-29 ก.ย.","status_date":"2026-09-30","source":"BMA GIS + current situation reports"}},{"type":"Feature","id":8,"geometry":{"type":"LineString","coordinates":[[100.34006835867358,13.778380853956767],[100.34238605851458,13.7789389779577],[100.34455088088094,13.778781826667789],[100.34732199952427,13.779008528812257],[100.34886655419221,13.77926461242596],[100.35079030731404,13.779308829819517],[100.35215767981879,13.779574541345308],[100.35236177789197,13.779828292811388],[100.35410990740347,13.780073552685149],[100.35567237888034,13.780340067646568]]},"properties":{"objectid":8,"id_khong":8,"id":2282,"num":null,"khong_name":"คลองบางพรม","from_des":null,"to_des":null,"width_m":null,"length_m":0,"deep_m":0,"tor_began":null,"tor_term":null,"budget":0,"budg_sour":null,"mercenary":null,"progress_m":0,"per":0,"remark":null,"lev":null,"shape_leng":1713.96642224,"owner_name":null,"check_neme":"1","hydrop":null,"text4000":null,"namef_pa":"คลองบางพรม","shape_le_1":1719.78195589,"dcode":"1048","dname":"เขตทวีวัฒนา","canal_name":"คลองบางพรม","risk_status":"monitor","evidence":"ไม่มีหลักฐานปัจจุบันว่าระดับวิกฤต; แสดงเป็นคลอง master","status_date":"2026-09-30","source":"BMA GIS + current situation reports"}},{"type":"Feature","id":9,"geometry":{"type":"LineString","coordinates":[[100.53235856821745,13.798206565557491],[100.53189480420743,13.798301910503564],[100.53096228498018,13.798370802257939],[100.5290303686001,13.798802981142229],[100.52862233847718,13.79887275829513],[100.52799414629946,13.798805269377269],[100.52728807621389,13.798654124323821],[100.52679379556395,13.798678252810634],[100.52569265517548,13.799264933938549],[100.52511182796124,13.799209706385508],[100.52389302331942,13.79955337035167],[100.522987224973,13.799769107211901],[100.5220125792379,13.799976861702104],[100.52072268776597,13.799968038562694],[100.51973871267987,13.800066579407067],[100.51902595480576,13.800213869268724],[100.51668207401332,13.800363458777378]]},"properties":{"objectid":9,"id_khong":32,"id":363,"num":null,"khong_name":"คลองบางซื่อ","from_des":null,"to_des":null,"width_m":null,"length_m":0,"deep_m":0,"tor_began":null,"tor_term":null,"budget":0,"budg_sour":null,"mercenary":null,"progress_m":0,"per":0,"remark":null,"lev":null,"shape_leng":0,"owner_name":null,"check_neme":"1","hydrop":null,"text4000":null,"namef_pa":"คลองบางซื่อ","shape_le_1":1735.04969748,"dcode":"1002","dname":"เขตดุสิต","canal_name":"คลองบางซื่อ","risk_status":"improving_recent","evidence":"ระดับเริ่มลดลงจากรายงาน 27-29 ก.ย.","status_date":"2026-09-30","source":"BMA GIS + current situation reports"}},{"type":"Feature","id":10,"geometry":{"type":"LineString","coordinates":[[100.40673233629337,13.760050327000732],[100.4060804007511,13.760189798194007],[100.40477303225933,13.760534640842714],[100.40401655014323,13.76077728233843],[100.40230086987488,13.761234520616792],[100.399809070162,13.761776777089558],[100.39738091973865,13.762304007491322],[100.39530904955228,13.762807234066917],[100.39480657160114,13.762857709372486],[100.39402696492772,13.762997872806517],[100.39212008833297,13.763485407758902],[100.389095162095,13.763986557593485],[100.3868281860883,13.764490816744987],[100.38540794035164,13.764792181756153],[100.38076093951514,13.765738794246918],[100.37734654975301,13.76638135373062],[100.37501169320329,13.7668418719168],[100.37153806067995,13.767624050870879],[100.36910583118613,13.768118045633623],[100.36778274805725,13.768363821882877],[100.36680475931442,13.768585622356873],[100.3628171331085,13.768736063766982],[100.36147041527914,13.76878752859738],[100.35945228864742,13.768879388469355],[100.35914464370018,13.76889202318934]]},"properties":{"objectid":10,"id_khong":9,"id":2302,"num":null,"khong_name":"คลองบางพรม","from_des":null,"to_des":null,"width_m":null,"length_m":0,"deep_m":0,"tor_began":null,"tor_term":null,"budget":0,"budg_sour":null,"mercenary":null,"progress_m":0,"per":0,"remark":null,"lev":null,"shape_leng":0,"owner_name":null,"check_neme":"1","hydrop":null,"text4000":null,"namef_pa":"คลองบางพรม","shape_le_1":5250.563700729999,"dcode":"1048","dname":"เขตทวีวัฒนา","canal_name":"คลองบางพรม","risk_status":"monitor","evidence":"ไม่มีหลักฐานปัจจุบันว่าระดับวิกฤต; แสดงเป็นคลอง master","status_date":"2026-09-30","source":"BMA GIS + current situation reports"}},{"type":"Feature","id":11,"geometry":{"type":"LineString","coordinates":[[100.52798829836205,13.77413840937072],[100.52855482728219,13.773763272103071],[100.529346720875,13.773192337374066],[100.53004356260834,13.772710559096],[100.53022171209469,13.772618444207774],[100.5309861897164,13.772089519087565],[100.5310485392065,13.772003005026543],[100.53133394500647,13.771752700180187],[100.53168980422296,13.771489575624932],[100.53202585796336,13.77128820821291],[100.53240486428436,13.77111350557793],[100.5328059051505,13.770832927365683],[100.53306884021795,13.770622163818084],[100.53335419286518,13.770364446908104],[100.53357926507184,13.770124365700818],[100.53416079213099,13.769736833105833],[100.5347990458442,13.769149579155812],[100.53551035655178,13.768586540952205],[100.53580371880157,13.768400166573896],[100.53621286277725,13.768205660103511],[100.53642924239077,13.767803138400243],[100.5365394449991,13.767711443446304],[100.53680299497385,13.76758426962547],[100.53692344233005,13.767531823254165],[100.53706174215903,13.767503938069934],[100.53720396435999,13.7673061254166],[100.53738559547186,13.766977746709486],[100.53752555835675,13.766819350173137],[100.53785970955407,13.766713875330307],[100.53810054682562,13.766577081528443],[100.53858654924879,13.766207306614549],[100.53883227317371,13.76604833999041],[100.53911808473406,13.765874210563192],[100.53949883263137,13.765571607247105],[100.53974231372558,13.765454496566708],[100.53993343761458,13.76542374957524],[100.54003883335744,13.765378807243813],[100.54015161251839,13.765296855380717],[100.5402112275482,13.765166072350818],[100.540253054376,13.765020579794696],[100.54034459639888,13.764781329415472],[100.54061094778989,13.764698416888727],[100.5408999613645,13.764617893303607],[100.54096504784506,13.764565792427453],[100.54107727884833,13.764400247734613],[100.54125453057192,13.764172751502558],[100.54136979328166,13.76408581294785],[100.54156532001974,13.763959149805876],[100.54224599291136,13.763706269701371],[100.54233906464243,13.763700806643849],[100.5425042981351,13.763559511769625],[100.54270683535206,13.763339176312822],[100.54282415024741,13.763193301085916],[100.54288595662054,13.76301325082072],[100.54304325325846,13.762812899555248],[100.5432288258407,13.76270346947877],[100.54357279087971,13.762561053309161],[100.54379615222422,13.762446505766112],[100.54462738912939,13.761747312756718],[100.54542041238064,13.761360870653391],[100.54563045022863,13.761145456834107],[100.54579441446133,13.760799922910177],[100.5460639697579,13.760451195321373],[100.54639096203601,13.760407299564658],[100.54694260515895,13.76044567992624],[100.54707865795469,13.76045964723911],[100.54722919227648,13.760379895177413],[100.54729506096251,13.760064528496516],[100.54729871905919,13.759855289815377],[100.54736123258785,13.759783592142748],[100.5475973846241,13.759713154032337],[100.54778359947748,13.759702133327165],[100.54800747246583,13.759666294601681],[100.54824550965877,13.759499956834642],[100.54851164019698,13.759385046346283],[100.54893114507556,13.759239708990801],[100.54952623058739,13.758997198860735],[100.54974208979152,13.75890239558018],[100.550048706319,13.758821660213641],[100.55028456440685,13.758707028796715],[100.55057514292297,13.758483694282578],[100.55092286007633,13.758137000485045],[100.55103008605435,13.757988654570074],[100.55117954735987,13.757746506733273],[100.55144199095278,13.757454483217094],[100.55155141938512,13.757247109836298],[100.55165062578305,13.757027418869736],[100.55183563266827,13.756822009179206],[100.55206066090453,13.756591766079167],[100.55215025059668,13.756428799666676],[100.55232441873027,13.756117630452275],[100.5524695431338,13.755981335961549],[100.55256261024701,13.755975870293515],[100.55290759792946,13.755990867534676],[100.55321982621348,13.755998749903599],[100.55353896958574,13.75591061266584],[100.5538358891068,13.755886599199151],[100.55400800937345,13.756028214073847],[100.55426036868066,13.756115279148185],[100.55448696429151,13.756111318950502],[100.55477101538196,13.75605539305404],[100.55498972091338,13.755999880073809],[100.55542002650041,13.755967611782205],[100.55563414340351,13.755990932781483],[100.55590607922207,13.755994096321503],[100.5562681599813,13.755930265755925],[100.55695720742847,13.755820175666098],[100.55733486683701,13.755817789428916],[100.55763915520248,13.7557666127003],[100.55825601192612,13.75577500459709],[100.55882727334512,13.755749250367115],[100.5592425288397,13.755724481916637],[100.55979845960499,13.755652098899624],[100.56019078058121,13.755595391254857],[100.56071723230855,13.75563146055519],[100.56126313480355,13.75557630953558],[100.56192691639394,13.755451545291473],[100.56249820234014,13.75541837218865],[100.5633059239396,13.755359116074107],[100.56384704828136,13.75533110184434],[100.56450818008696,13.755186645886921],[100.56490695171733,13.75511416543123]]},"properties":{"objectid":11,"id_khong":10,"id":935,"num":null,"khong_name":"คลองสามเสน","from_des":null,"to_des":null,"width_m":null,"length_m":0,"deep_m":0,"tor_began":null,"tor_term":null,"budget":0,"budg_sour":null,"mercenary":null,"progress_m":0,"per":0,"remark":null,"lev":null,"shape_leng":0,"owner_name":null,"check_neme":"1","hydrop":null,"text4000":null,"namef_pa":"คลองสามเสน","shape_le_1":4823.43790265,"dcode":"1017","dname":"เขตห้วยขวาง","canal_name":"คลองสามเสน","risk_status":"improving_recent","evidence":"ระดับเริ่มลดลงจากรายงาน 27-29 ก.ย.","status_date":"2026-09-30","source":"BMA GIS + current situation reports"}},{"type":"Feature","id":12,"geometry":{"type":"LineString","coordinates":[[100.57469089724724,13.796353369227937],[100.57599053671827,13.796571693352234],[100.57672680359985,13.796652463625904],[100.57764864651519,13.796782287842094],[100.57961169078735,13.797212232097074],[100.58137379959538,13.79758805520561],[100.5826723790274,13.797896449974662],[100.58387241371935,13.798089887460852],[100.58571722545597,13.798525422800356],[100.58690152651108,13.798782478296744],[100.58909209845362,13.799257867771654]]},"properties":{"objectid":12,"id_khong":11,"id":1647,"num":null,"khong_name":"คลองบางซื่อ","from_des":"คลองลาดพร้าว","to_des":"ถนนรัชดาภิเษก","width_m":"12.0-18.0","length_m":1580,"deep_m":0,"tor_began":null,"tor_term":null,"budget":0,"budg_sour":null,"mercenary":null,"progress_m":0,"per":0,"remark":null,"lev":null,"shape_leng":1595.49908329,"owner_name":"สำนักการระบายน้","check_neme":"1","hydrop":null,"text4000":null,"namef_pa":"คลองบางซื่อ","shape_le_1":1590.9151012999998,"dcode":"1017","dname":"เขตห้วยขวาง","canal_name":"คลองบางซื่อ","risk_status":"improving_recent","evidence":"ระดับเริ่มลดลงจากรายงาน 27-29 ก.ย.","status_date":"2026-09-30","source":"BMA GIS + current situation reports"}},{"type":"Feature","id":13,"geometry":{"type":"LineString","coordinates":[[100.58835514150145,13.802930020594358],[100.58866640089454,13.802267930065172],[100.5890195952347,13.801322795205534],[100.58894734407394,13.80101464155766],[100.58910939214573,13.80033643640522],[100.5891349616054,13.7976362257276],[100.58932587865043,13.796040647513852],[100.58933395959988,13.794643352382787],[100.5892927888246,13.793743603523868],[100.58939146799048,13.792424708324958],[100.58941163043158,13.791865626831763],[100.58964900562827,13.790655546284274],[100.58995010418471,13.789779249741388],[100.59004390212836,13.789384350072304],[100.5900218374186,13.788715919695996],[100.58995319755884,13.787644911936319],[100.59013736843951,13.786349412721782],[100.59145943631715,13.783435038297926],[100.59206952641976,13.781579548278996],[100.59333761867416,13.7797541383972],[100.59351910177423,13.779358670260113],[100.59355580090488,13.778304153377674],[100.59356381134536,13.776898364437404],[100.5933541023088,13.77571684256115],[100.5931744209042,13.77508368458902],[100.59308940041828,13.77418422001787],[100.59308783339546,13.77265838876971],[100.59331472761315,13.771199761143052],[100.59371903072893,13.768745621461303],[100.59399469997555,13.768015257474616],[100.59447791717449,13.766855004846633],[100.59468389582189,13.766193594044832],[100.59475003855236,13.765601770953696],[100.59478052463635,13.764924416292432],[100.59466890916578,13.763982196703935],[100.59459434528421,13.763331277916873],[100.59475514317113,13.76247305788862],[100.59514498873531,13.76175903435267],[100.59605645657163,13.760390230247785],[100.59720293471176,13.758168957125017],[100.59740252961078,13.757782226896246],[100.5976410624723,13.757414222471082],[100.59781994445855,13.757177824378223],[100.60173579756305,13.753487462339685],[100.60295583833536,13.752373831865311],[100.60373098134089,13.75158879139998],[100.60404290237875,13.751038114388978]]},"properties":{"objectid":13,"id_khong":12,"id":1648,"num":null,"khong_name":"คลองลาดพร้าว","from_des":"คลองน้ำแก้ว","to_des":"คลองแสนแสบ","width_m":"18.0-30.0","length_m":6300,"deep_m":0,"tor_began":null,"tor_term":null,"budget":0,"budg_sour":null,"mercenary":null,"progress_m":0,"per":0,"remark":null,"lev":null,"shape_leng":6257.92011534,"owner_name":"สำนักการระบายน้","check_neme":"1","hydrop":null,"text4000":null,"namef_pa":"คลองลาดพร้าว","shape_le_1":6257.92834582,"dcode":"1017","dname":"เขตห้วยขวาง","canal_name":"คลองลาดพร้าว","risk_status":"watch_improving","evidence":"วิกฤตช่วงบน 29 ก.ย.; 30 ก.ย.ไม่อยู่ใน 3 คลองหลักที่ยังสูง","status_date":"2026-09-30","source":"BMA GIS + current situation reports"}},{"type":"Feature","id":14,"geometry":{"type":"MultiLineString","coordinates":[[[100.56489347588872,13.7551058463811],[100.56599282091526,13.75500695418432],[100.566238463237,13.754932190489273],[100.566623815164,13.754940224884546],[100.56683833077633,13.755012063026422],[100.5674053936729,13.754997974564096],[100.56829284805389,13.754866800406358],[100.56869850364792,13.754717814311524],[100.5694360526677,13.754587590289665],[100.57056006587104,13.75463266558081],[100.57111562213002,13.754482720415936],[100.57131882862053,13.754470942271944],[100.57160864586642,13.754594621843063],[100.57353328558848,13.75434176948663],[100.57583273395612,13.754117864931457],[100.57649708051184,13.754239143651203],[100.57758751855665,13.75406479626664],[100.57817628275203,13.754092386450315],[100.58082830296983,13.753766497593698]],[[100.58083051297083,13.753766212246115],[100.58087096829475,13.753761253340812],[100.58088444753504,13.753758726327058]]]},"properties":{"objectid":14,"id_khong":13,"id":1735,"num":null,"khong_name":"คลองสามเสน","from_des":"สะพานดำรถไฟ (กองประปา)","to_des":"คลองแสนแสบ","width_m":"5.0-11.0","length_m":8872,"deep_m":0,"tor_began":null,"tor_term":null,"budget":0,"budg_sour":null,"mercenary":null,"progress_m":0,"per":0,"remark":null,"lev":null,"shape_leng":8854.39711579,"owner_name":"สำนักการระบายน้","check_neme":"1","hydrop":"คลองสามเสนใน","text4000":"คลองสามเสนใน","namef_pa":"คลองสามเสน","shape_le_1":1751.11248697,"dcode":"1017","dname":"เขตห้วยขวาง","canal_name":"คลองสามเสน","risk_status":"improving_recent","evidence":"ระดับเริ่มลดลงจากรายงาน 27-29 ก.ย.","status_date":"2026-09-30","source":"BMA GIS + current situation reports"}},{"type":"Feature","id":15,"geometry":{"type":"MultiLineString","coordinates":[[[100.58088444753504,13.753758726327058],[100.582377996582,13.753479651385922],[100.58285915128342,13.753413752862617],[100.58339312729298,13.753242953457669],[100.5839052554229,13.753009484313157],[100.584663999269,13.752847720525793],[100.58633088573393,13.752460416743935],[100.58786111244792,13.751958125063046],[100.58870114244866,13.751639662219256],[100.58979063560443,13.751329258051957],[100.59143501350096,13.75078509073046],[100.59191587517327,13.75067742485946],[100.59288777680118,13.750388643761218],[100.5937107018773,13.750226438856515],[100.59471434352027,13.749885209980551],[100.59561186005004,13.749670192173578],[100.59627495949698,13.749439968692736],[100.59675959115951,13.749304254731886],[100.59772617120096,13.748997415686725],[100.5983990577438,13.748794326450428],[100.5988366354715,13.748624119723232],[100.60010666654709,13.748113683791116],[100.60067171862377,13.747796245184583]],[[100.58082830296983,13.753766497593698],[100.58083051297083,13.753766212246115]]]},"properties":{"objectid":15,"id_khong":14,"id":1736,"num":null,"khong_name":"คลองสามเสน","from_des":"สะพานดำรถไฟ (กองประปา)","to_des":"คลองแสนแสบ","width_m":"5.0-11.0","length_m":8872,"deep_m":0,"tor_began":null,"tor_term":null,"budget":0,"budg_sour":null,"mercenary":null,"progress_m":0,"per":0,"remark":null,"lev":null,"shape_leng":8854.39711579,"owner_name":"สำนักการระบายน้","check_neme":"1","hydrop":null,"text4000":null,"namef_pa":"คลองเขมร","shape_le_1":2246.29735226,"dcode":"1017","dname":"เขตห้วยขวาง","canal_name":"คลองสามเสน","risk_status":"improving_recent","evidence":"ระดับเริ่มลดลงจากรายงาน 27-29 ก.ย.","status_date":"2026-09-30","source":"BMA GIS + current situation reports"}},{"type":"Feature","id":16,"geometry":{"type":"LineString","coordinates":[[100.58835514150145,13.802930020594358],[100.58866640089454,13.802267930065172],[100.5890195952347,13.801322795205534],[100.58894734407394,13.80101464155766],[100.58910939214573,13.80033643640522],[100.5891349616054,13.7976362257276],[100.58932587865043,13.796040647513852],[100.58933395959988,13.794643352382787],[100.5892927888246,13.793743603523868],[100.58939146799048,13.792424708324958],[100.58941163043158,13.791865626831763],[100.58964900562827,13.790655546284274],[100.58995010418471,13.789779249741388],[100.59004390212836,13.789384350072304],[100.5900218374186,13.788715919695996],[100.58995319755884,13.787644911936319],[100.59013736843951,13.786349412721782],[100.59145943631715,13.783435038297926],[100.59206952641976,13.781579548278996],[100.59333761867416,13.7797541383972],[100.59351910177423,13.779358670260113],[100.59355580090488,13.778304153377674],[100.59356381134536,13.776898364437404],[100.5933541023088,13.77571684256115],[100.5931744209042,13.77508368458902],[100.59308940041828,13.77418422001787],[100.59308783339546,13.77265838876971],[100.59331472761315,13.771199761143052],[100.59371903072893,13.768745621461303],[100.59399469997555,13.768015257474616],[100.59447791717449,13.766855004846633],[100.59468389582189,13.766193594044832],[100.59475003855236,13.765601770953696],[100.59478052463635,13.764924416292432],[100.59466890916578,13.763982196703935],[100.59459434528421,13.763331277916873],[100.59475514317113,13.76247305788862],[100.59514498873531,13.76175903435267],[100.59605645657163,13.760390230247785],[100.59720293471176,13.758168957125017],[100.59740252961078,13.757782226896246],[100.5976410624723,13.757414222471082],[100.59781994445855,13.757177824378223],[100.60173579756305,13.753487462339685],[100.60295583833536,13.752373831865311],[100.60373098134089,13.75158879139998],[100.60404290237875,13.751038114388978]]},"properties":{"objectid":16,"id_khong":15,"id":1648,"num":null,"khong_name":"คลองลาดพร้าว","from_des":"คลองน้ำแก้ว","to_des":"คลองแสนแสบ","width_m":"18.0-30.0","length_m":6300,"deep_m":0,"tor_began":null,"tor_term":null,"budget":0,"budg_sour":null,"mercenary":null,"progress_m":0,"per":0,"remark":null,"lev":null,"shape_leng":6257.92011534,"owner_name":"สำนักการระบายน้","check_neme":"1","hydrop":null,"text4000":null,"namef_pa":"คลองลาดพร้าว","shape_le_1":6257.92834582,"dcode":"1045","dname":"เขตวังทองหลาง","canal_name":"คลองลาดพร้าว","risk_status":"watch_improving","evidence":"วิกฤตช่วงบน 29 ก.ย.; 30 ก.ย.ไม่อยู่ใน 3 คลองหลักที่ยังสูง","status_date":"2026-09-30","source":"BMA GIS + current situation reports"}},{"type":"Feature","id":17,"geometry":{"type":"LineString","coordinates":[[100.35567047793168,13.780340982110195],[100.35597809565898,13.780320939671103],[100.35601546459749,13.780214988603856],[100.35646713127686,13.776305977957515],[100.35654261945544,13.775735260783303],[100.35668491210546,13.77536228932829],[100.35726626475842,13.774343115316958],[100.35753603680627,13.77362102388794],[100.35794448755345,13.772389594405784],[100.35914838092272,13.768892002561522]]},"properties":{"objectid":17,"id_khong":16,"id":2287,"num":null,"khong_name":"คลองบางพรม","from_des":null,"to_des":null,"width_m":null,"length_m":0,"deep_m":0,"tor_began":null,"tor_term":null,"budget":0,"budg_sour":null,"mercenary":null,"progress_m":0,"per":0,"remark":null,"lev":null,"shape_leng":3529.7576322699997,"owner_name":null,"check_neme":"1","hydrop":null,"text4000":null,"namef_pa":"คลองบางพรม","shape_le_1":1354.14577962,"dcode":"1048","dname":"เขตทวีวัฒนา","canal_name":"คลองบางพรม","risk_status":"monitor","evidence":"ไม่มีหลักฐานปัจจุบันว่าระดับวิกฤต; แสดงเป็นคลอง master","status_date":"2026-09-30","source":"BMA GIS + current situation reports"}},{"type":"Feature","id":18,"geometry":{"type":"LineString","coordinates":[[100.37485629584233,13.771269464306119],[100.37564344658807,13.771407686226313],[100.37832134152028,13.771280096089036],[100.37997754300501,13.770983049243636],[100.3807590162667,13.770946492427994],[100.38225543296285,13.770790776581782],[100.38262724279426,13.770770251293742],[100.38275429794923,13.770705820619321],[100.38331146974022,13.770693020035853],[100.38449046166853,13.770534283884496],[100.38556828705894,13.770459170200585],[100.38689038790473,13.770295280108792],[100.39021303224943,13.770023388880643],[100.39119202444745,13.769962637095439],[100.39400637777477,13.769730441889061],[100.39702346226615,13.769543067306186],[100.40036487805176,13.769266325060414],[100.40281738340657,13.769129992183155],[100.40511876634514,13.768986181858631],[100.40715851673097,13.768807875515297],[100.40778250212004,13.76877303776499]]},"properties":{"objectid":18,"id_khong":17,"id":2311,"num":null,"khong_name":"คลองบางระมาด","from_des":null,"to_des":null,"width_m":null,"length_m":0,"deep_m":0,"tor_began":null,"tor_term":null,"budget":0,"budg_sour":null,"mercenary":null,"progress_m":0,"per":0,"remark":null,"lev":null,"shape_leng":0,"owner_name":null,"check_neme":"1","hydrop":null,"text4000":null,"namef_pa":"คลองบางระมาด","shape_le_1":3576.83367461,"dcode":"1048","dname":"เขตทวีวัฒนา","canal_name":"คลองบางระมาด","risk_status":"monitor","evidence":"ไม่มีหลักฐานปัจจุบันว่าระดับวิกฤต; แสดงเป็นคลอง master","status_date":"2026-09-30","source":"BMA GIS + current situation reports"}},{"type":"Feature","id":19,"geometry":{"type":"LineString","coordinates":[[100.46199214123844,13.744388915849516],[100.46047318038254,13.74406306796817],[100.45963864463302,13.743637541316764],[100.45865985014821,13.743619381363573],[100.45774493933638,13.744005730550878],[100.45738979171347,13.743973666960947],[100.45686153645356,13.743618080221871],[100.45699212256073,13.74297147186858],[100.4568060092487,13.742542103780158],[100.45639946907487,13.742090086625891],[100.45539517277565,13.741892664994955],[100.45483630207121,13.742517848884638],[100.45439596691486,13.742532375084066],[100.45400133767326,13.74202054429735],[100.45338842374747,13.741820807060614],[100.45242998471592,13.741132894711768],[100.45176893462227,13.741053005939943],[100.45116908296461,13.741166253385824],[100.45065601332097,13.741107452772217],[100.45015866398809,13.740629387801516],[100.4498198139286,13.740394770487827],[100.44918557444878,13.740855536655753],[100.44884188602519,13.74078886790346],[100.44813139934566,13.740356877451818],[100.447676439137,13.740298903543493],[100.44732386670351,13.740337756171671],[100.44678403330758,13.740589370921537],[100.44615177440038,13.740715269185799],[100.44511139816986,13.740625745447263],[100.44469819264782,13.740587766568144],[100.44402383429033,13.740525829405215],[100.44400979672392,13.740524555626783],[100.44323749849089,13.740145421325673],[100.44245471114947,13.740282493182587],[100.44136540166393,13.740308200956822],[100.44065124516827,13.740496381329669],[100.43993864886781,13.740178525230018],[100.43958963855577,13.740051773349727],[100.43900572915527,13.740004567774351],[100.43833768974649,13.740040638155877],[100.43775317150642,13.739993523533355],[100.43743360029391,13.739967729770008],[100.43631382015565,13.740011035576448],[100.43551375166476,13.740015692114923],[100.43498225095499,13.740060177597607],[100.43374107733143,13.740279059116252],[100.43254577991272,13.740280489362268],[100.4322733556836,13.740384198505922],[100.4320835480367,13.74060690778706],[100.43194628346214,13.740767945296252],[100.43163429286794,13.741312568147006],[100.4314531106239,13.74165009766605],[100.43121995747445,13.742055712578217],[100.43084489329226,13.7422971196244],[100.4304452552154,13.74235926827282],[100.42973386217973,13.742239122357942],[100.4291829981184,13.74221013962435],[100.42835509769922,13.742279375119532],[100.42772300642228,13.742297584642959],[100.42755993361158,13.742302325095569],[100.42676586242374,13.74251858525415],[100.4259446900961,13.742717375879524],[100.42546428555016,13.742903440339276],[100.4250289730057,13.743409364125965],[100.42466331151296,13.743492274064879],[100.42419387503423,13.743525262580576],[100.42349249095909,13.743673826260856],[100.4229333822966,13.743833497866982],[100.42285773983384,13.743858607184876],[100.42232747732452,13.744034830909635],[100.42170693765436,13.74414885109184],[100.42127850529172,13.744280109805315],[100.42090910356764,13.744565304734136],[100.42032384352345,13.74501713460767],[100.41973409008513,13.745558824841138],[100.41861760242031,13.746167895408883],[100.4177361893634,13.746725087114351],[100.41686767971079,13.747146183101416],[100.4159847308745,13.747411002827917],[100.41546530631548,13.747451492530104],[100.4133155495967,13.747881283028851],[100.41305812085321,13.747932738113168],[100.41191053727319,13.748231506569512],[100.4084488298531,13.748970630706154],[100.40452637219245,13.749659642326797],[100.40357804376863,13.74983441346994],[100.40209758255739,13.750235715087603],[100.39894607902589,13.75067849040528],[100.39662807298681,13.751025403998288],[100.39429244574892,13.75130840788535],[100.39028641062473,13.7518721349582],[100.38951724884741,13.75199351263327],[100.3870658509954,13.752278276393655],[100.3864615921334,13.752341959472387],[100.38625610598969,13.752371855391024],[100.38458247922401,13.752534455559253],[100.38422524661777,13.752565111696615],[100.38394141900964,13.752590656326495],[100.38356470185933,13.752640672122391],[100.38225346309608,13.752820292068966],[100.37957964415814,13.753151510520878],[100.37532040767077,13.753438136868903],[100.37322132461895,13.753575016501813],[100.36632796357517,13.753843612423083],[100.36309892243905,13.7538682684378],[100.36097492436642,13.753550478104517],[100.35255586525642,13.752111046455727]]},"properties":{"objectid":19,"id_khong":18,"id":3851,"num":null,"khong_name":"คลองบางเชือกหนัง","from_des":"คลองทวีวัฒนา","to_des":"สุดเขต","width_m":"6.0 - 10.0","length_m":12700,"deep_m":0,"tor_began":null,"tor_term":null,"budget":0,"budg_sour":null,"mercenary":null,"progress_m":0,"per":0,"remark":null,"lev":null,"shape_leng":12545.4496898,"owner_name":"สำนักการระบายน้","check_neme":"1","hydrop":null,"text4000":null,"namef_pa":"คลองบางเชือกหนัง","shape_le_1":12543.9903807,"dcode":"1048","dname":"เขตทวีวัฒนา","canal_name":"คลองบางเชือกหนัง","risk_status":"monitor","evidence":"ไม่มีหลักฐานปัจจุบันว่าระดับวิกฤต; แสดงเป็นคลอง master","status_date":"2026-09-30","source":"BMA GIS + current situation reports"}},{"type":"Feature","id":20,"geometry":{"type":"LineString","coordinates":[[100.72973595917344,13.811179409195221],[100.73184812121673,13.804718340480337],[100.73210535429435,13.803912809954836],[100.73451689741744,13.796824826939986],[100.73549456624418,13.79330042467005],[100.7370255704848,13.788987373642083],[100.73876416505442,13.783663913677715],[100.73891280246438,13.782429638100327],[100.73885040773443,13.779809464020833],[100.73888335727793,13.77844994497786],[100.73887527188147,13.777356934176387]]},"properties":{"objectid":20,"id_khong":19,"id":841,"num":null,"khong_name":"คลองสองต้นนุ่น","from_des":"คลองแสนแสบ","to_des":"คลองลำนายโส","width_m":"7.0 - 24.0","length_m":3850,"deep_m":0,"tor_began":null,"tor_term":null,"budget":0,"budg_sour":null,"mercenary":null,"progress_m":0,"per":0,"remark":null,"lev":null,"shape_leng":3893.29612697,"owner_name":"สำนักการระบายน้","check_neme":"1","hydrop":null,"text4000":null,"namef_pa":"คลองสองต้นนุ่น","shape_le_1":3896.53727058,"dcode":"1011","dname":"เขตลาดกระบัง","canal_name":"คลองสองต้นนุ่น","risk_status":"monitor","evidence":"ไม่มีหลักฐานปัจจุบันว่าระดับวิกฤต; แสดงเป็นคลอง master","status_date":"2026-09-30","source":"BMA GIS + current situation reports"}},{"type":"Feature","id":21,"geometry":{"type":"LineString","coordinates":[[100.73892322130303,13.777355150089202],[100.73895231800172,13.775557110897108],[100.73894254515577,13.774874916445448],[100.73889659440924,13.773755062974024],[100.73886740166616,13.773003875928657],[100.73881558878549,13.769182749298626],[100.73888957536585,13.767298273688164],[100.73892745373426,13.765727895088805],[100.73888700952376,13.764722677154946],[100.73889568143976,13.764069900374432],[100.73891018362849,13.757095156658792],[100.73895334464059,13.754339406357525],[100.7388941080436,13.752275046631501],[100.73894302266315,13.750039582909984],[100.73892661170855,13.749231463003362],[100.73896836779348,13.747843866393444],[100.73897035896455,13.746956726135348],[100.7389036748094,13.746123748663255],[100.73895508264494,13.74488672333009],[100.73893529640561,13.743693124506695],[100.73898853340597,13.742714173248977],[100.73896788580994,13.741837765476694],[100.7389704753208,13.740369837508341],[100.73897285362999,13.739090233729069],[100.73896044862755,13.738349046376138],[100.73896897041534,13.737778141796019],[100.73897092051054,13.736595323846466],[100.73900995225837,13.73592290370054],[100.73897215956377,13.73546067502011],[100.73897342822549,13.734691829173494],[100.73901761009976,13.733229029562013],[100.738991178468,13.732632345697612],[100.73902969089036,13.730389904369238],[100.7390231315862,13.725765812265456],[100.73905392512307,13.723975076259997]]},"properties":{"objectid":21,"id_khong":20,"id":967,"num":null,"khong_name":"คลองสอง","from_des":"คลองตาเสือ","to_des":"คลองประเวศบุรีรมย์","width_m":"6.0 - 12.0","length_m":9200,"deep_m":0,"tor_began":null,"tor_term":null,"budget":0,"budg_sour":null,"mercenary":null,"progress_m":0,"per":0,"remark":null,"lev":null,"shape_leng":5909.15620602,"owner_name":"สำนักการระบายน้","check_neme":"1","hydrop":null,"text4000":null,"namef_pa":"คลองสองต้นนุ่น","shape_le_1":5907.9120726,"dcode":"1011","dname":"เขตลาดกระบัง","canal_name":"คลองสอง","risk_status":"critical_gate","evidence":"ปตร.คลองสองสายใต้ +2.00 ม.รทก. 30 ก.ย. 07:00","status_date":"2026-09-30","source":"BMA GIS + current situation reports"}},{"type":"Feature","id":22,"geometry":{"type":"LineString","coordinates":[[100.70894516154235,13.723987000064376],[100.71315067133831,13.72395614562591],[100.7322531917164,13.723997118227992],[100.73905586926418,13.723969911539642],[100.74211680890666,13.724085603684978],[100.74646158405365,13.724133804763808],[100.75008724039414,13.724194256242104],[100.75210472626713,13.724122568205908],[100.75777022498332,13.724146917746062],[100.76085263646706,13.724189479553807],[100.76343555486274,13.724150444831494],[100.76860115053516,13.724072297140445],[100.77064121222222,13.724076474384892],[100.7753385976043,13.724186248890327],[100.78023466951099,13.724168171005918],[100.78315243568842,13.724045730888172],[100.78398920578384,13.724009053921678],[100.78922845935365,13.723971239841006],[100.7900060858127,13.723936868230451],[100.79577374917888,13.721972320611734],[100.79691462743365,13.721469009818504],[100.8010126170167,13.719975630498661],[100.80628152254502,13.71807196498154],[100.80904050033581,13.717090401573204],[100.8111290269508,13.716280264478103],[100.81297670461504,13.715576518862406],[100.81617537764303,13.71453436560456],[100.81881547316839,13.713381433732708],[100.82186003176855,13.712340255957244],[100.82655807322918,13.710684292522211],[100.8291482641908,13.709725366482514],[100.83671988262428,13.706778081547673],[100.84239660244242,13.704569324488347],[100.84797110866059,13.702239857717428],[100.85259290152182,13.700461390537528],[100.85512295433671,13.699359174106604]]},"properties":{"objectid":22,"id_khong":21,"id":970,"num":null,"khong_name":"คลองประเวศบุรีรมย์","from_des":"คลองแม่จันทร์","to_des":"คลองหลวงแพ่ง","width_m":"30.0 - 30.0","length_m":1650,"deep_m":0,"tor_began":null,"tor_term":null,"budget":0,"budg_sour":null,"mercenary":null,"progress_m":0,"per":0,"remark":null,"lev":null,"shape_leng":16330.530858,"owner_name":"สำนักการระบายน้","check_neme":"1","hydrop":null,"text4000":null,"namef_pa":"คลองประเวศบุรีรมย์","shape_le_1":16322.8766987,"dcode":"1011","dname":"เขตลาดกระบัง","canal_name":"คลองประเวศบุรีรมย์","risk_status":"high_decreasing","evidence":"ระดับยังสูงแต่ลดลง; กทม.รายงาน 30 ก.ย.","status_date":"2026-09-30","source":"BMA GIS + current situation reports"}},{"type":"Feature","id":23,"geometry":{"type":"LineString","coordinates":[[100.56666591492976,13.794691093758512],[100.56724641494662,13.79499610748576],[100.56773118087426,13.795206115321824],[100.56869924658474,13.795395144186875],[100.57029642526855,13.795767493539673],[100.5715300997055,13.795998373166105],[100.57253460897402,13.796128049210296],[100.57321571705717,13.796228975216431],[100.57400309711326,13.796278247198897],[100.57469089724724,13.796353369227937]]},"properties":{"objectid":23,"id_khong":22,"id":351,"num":null,"khong_name":"คลองบางซื่อ","from_des":"ถนนรัชดาภิเษก","to_des":"ถนนวิภาวดีรังสิต","width_m":"11.0-24.0","length_m":1450,"deep_m":0,"tor_began":null,"tor_term":null,"budget":0,"budg_sour":null,"mercenary":null,"progress_m":0,"per":0,"remark":null,"lev":null,"shape_leng":1486.0974660900001,"owner_name":"สำนักการระบายน้","check_neme":"1","hydrop":null,"text4000":null,"namef_pa":"คลองบางซื่อน้อย","shape_le_1":892.8676787100001,"dcode":"1026","dname":"เขตดินแดง","canal_name":"คลองบางซื่อ","risk_status":"improving_recent","evidence":"ระดับเริ่มลดลงจากรายงาน 27-29 ก.ย.","status_date":"2026-09-30","source":"BMA GIS + current situation reports"}},{"type":"Feature","id":24,"geometry":{"type":"LineString","coordinates":[[100.56163941448104,13.79490979060677],[100.56236153007265,13.794859021608055],[100.56292369368373,13.794850296312722],[100.5638234951967,13.794775256588002],[100.5650186747883,13.79462133593651],[100.56570101783991,13.794519387755816],[100.56607647509882,13.794486269193037],[100.5664528451684,13.794578762902285],[100.5666419501005,13.794677058678168],[100.56666591492976,13.794691093758512]]},"properties":{"objectid":24,"id_khong":23,"id":352,"num":null,"khong_name":"คลองบางซื่อ","from_des":"ถนนรัชดาภิเษก","to_des":"ถนนวิภาวดีรังสิต","width_m":"11.0-24.0","length_m":1450,"deep_m":0,"tor_began":null,"tor_term":null,"budget":0,"budg_sour":null,"mercenary":null,"progress_m":0,"per":0,"remark":null,"lev":null,"shape_leng":1486.0974660900001,"owner_name":"สำนักการระบายน้","check_neme":"1","hydrop":null,"text4000":null,"namef_pa":"คลองบางซื่อ","shape_le_1":550.59697198,"dcode":"1026","dname":"เขตดินแดง","canal_name":"คลองบางซื่อ","risk_status":"improving_recent","evidence":"ระดับเริ่มลดลงจากรายงาน 27-29 ก.ย.","status_date":"2026-09-30","source":"BMA GIS + current situation reports"}},{"type":"Feature","id":25,"geometry":{"type":"LineString","coordinates":[[100.51200905044539,13.761014744353409],[100.5140313628867,13.764622932739115],[100.51887281770232,13.773497765501324],[100.52207198420338,13.779345404764802],[100.52429450224128,13.783457429476693],[100.5275264417936,13.789397939905857],[100.52983513363328,13.793664891579889],[100.53235790674727,13.798210366171823]]},"properties":{"objectid":25,"id_khong":24,"id":359,"num":null,"khong_name":"คลองเปรมประชากร","from_des":"คลองผดุงกรุงเกษม","to_des":"คลองบางซื่อ","width_m":"12.0-25.0","length_m":6500,"deep_m":0,"tor_began":null,"tor_term":null,"budget":0,"budg_sour":null,"mercenary":null,"progress_m":0,"per":0,"remark":null,"lev":null,"shape_leng":4657.20625461,"owner_name":"สำนักการระบายน้","check_neme":"1","hydrop":null,"text4000":null,"namef_pa":"คลองเปรมประชากร","shape_le_1":4666.33161578,"dcode":"1002","dname":"เขตดุสิต","canal_name":"คลองเปรมประชากร","risk_status":"high_decreasing","evidence":"ระดับยังสูงแต่ลดลง; กทม.รายงาน 30 ก.ย.","status_date":"2026-09-30","source":"BMA GIS + current situation reports"}},{"type":"Feature","id":26,"geometry":{"type":"LineString","coordinates":[[100.5060515067401,13.755466302485676],[100.50655915632156,13.755387645851101],[100.5072556239985,13.755192333682325],[100.50827730209741,13.754852688335472],[100.50877759990793,13.754805161448802],[100.50927767933675,13.754735583341512],[100.51007289490495,13.754552853656492],[100.51141954243482,13.754330139302317],[100.51261809619095,13.75407063889849],[100.51439022709017,13.753681989500476],[100.51647713163464,13.753271236466597],[100.51725406154812,13.753069257399327]]},"properties":{"objectid":26,"id_khong":33,"id":753,"num":null,"khong_name":"คลองมหานาค","from_des":"สะพานมหาดไทยอุทิศ","to_des":"สะพานเจริญราษฎร์","width_m":"15.0 - 30.0","length_m":1250,"deep_m":0,"tor_began":null,"tor_term":null,"budget":0,"budg_sour":null,"mercenary":null,"progress_m":0,"per":0,"remark":null,"lev":null,"shape_leng":1249.43919073,"owner_name":"สำนักการระบายน้","check_neme":"1","hydrop":null,"text4000":null,"namef_pa":"คลองมหานาค","shape_le_1":1241.95465478,"dcode":"1008","dname":"เขตป้อมปราบศัตรูพ่าย","canal_name":"คลองมหานาค","risk_status":"monitor","evidence":"ไม่มีหลักฐานปัจจุบันว่าระดับวิกฤต; แสดงเป็นคลอง master","status_date":"2026-09-30","source":"BMA GIS + current situation reports"}},{"type":"Feature","id":27,"geometry":{"type":"LineString","coordinates":[[100.53732010345858,13.797756062038085],[100.53762873371518,13.797648303376759],[100.537928031597,13.79759464566397],[100.53817949962719,13.797574274769044],[100.53852942119649,13.79752969848998],[100.53867131533178,13.797512362345751],[100.5393146559259,13.797424828242438],[100.53946500774883,13.797418011869626],[100.53978732327413,13.79738544635729],[100.5398943177409,13.797361188090955],[100.5400901804588,13.797316491100668],[100.54087692524882,13.797256250381752],[100.54111145500376,13.797234807642463],[100.54182699073387,13.797143289998978],[100.5420374982269,13.79713374447661],[100.54209160509883,13.797127440898509],[100.54242702729486,13.797070117192437],[100.54251960921268,13.797057787850239],[100.54275303920008,13.797043308872839],[100.54284679556191,13.797023922348005],[100.5429802612306,13.797012510371541],[100.54313424987149,13.7970021445624],[100.54324245782183,13.796988541740888],[100.54349265823939,13.796961033391321],[100.54368509710625,13.796941026779722],[100.5445868988073,13.796818960136658],[100.54512254375813,13.796823817059378],[100.54587427919152,13.796752032445943],[100.54675343123337,13.79666534526394],[100.54745798435529,13.796551467999869],[100.54854087381578,13.79650470230497],[100.54942052916184,13.796309734690453],[100.55001910397992,13.796189560010369],[100.55040611835734,13.796115362238467],[100.55070879866335,13.796020548791015],[100.5508593183891,13.796027822929783],[100.55103014443945,13.796026744974084],[100.55118711619066,13.796098685245859],[100.55132442825759,13.796115442304327],[100.55157992141652,13.795989204421367],[100.55182037851813,13.795953524533404],[100.55221615942078,13.795925178685565],[100.55259977403786,13.79587919587386],[100.55311355481956,13.795853627555205],[100.55332896529886,13.795859315035285],[100.55343618307829,13.795869211443753],[100.5538000208162,13.795750510443103],[100.55405809112672,13.795645311532358],[100.55434923387445,13.79562819703069],[100.55451064452328,13.795644799009224],[100.55465995084596,13.795653253597669],[100.5547874133244,13.795645397681636],[100.55494589145023,13.79557616381354],[100.55525449392069,13.795477783168081],[100.55547483881524,13.795491661413442],[100.55569062104851,13.795542079371122],[100.55622939309266,13.795478661243619],[100.55654280709724,13.79538142276827],[100.55705623423799,13.795302889901642],[100.55750971217297,13.795269470720173],[100.55789265707237,13.795306988811252],[100.55815181018191,13.79536535440881],[100.5584332343295,13.79533184907349],[100.55873743555381,13.795294584218599],[100.55890152813394,13.795347677279588],[100.55904941921472,13.795326766325255],[100.55916589544299,13.795295391065105],[100.55937945805593,13.79519525811747],[100.55963520815028,13.795097207497106],[100.55996245208179,13.795084556831695],[100.56003355307739,13.795099379040176],[100.56047524300979,13.795094225119252],[100.56083468425152,13.795037810099672],[100.56129017763303,13.794940838646564],[100.56178075590545,13.794878888923444]]},"properties":{"objectid":27,"id_khong":25,"id":756,"num":null,"khong_name":"คลองบางซื่อ","from_des":null,"to_des":null,"width_m":null,"length_m":0,"deep_m":0,"tor_began":null,"tor_term":null,"budget":0,"budg_sour":null,"mercenary":null,"progress_m":0,"per":0,"remark":null,"lev":null,"shape_leng":0,"owner_name":null,"check_neme":"1","hydrop":null,"text4000":null,"namef_pa":"คลองบางซื่อ","shape_le_1":2688.90832271,"dcode":"1026","dname":"เขตดินแดง","canal_name":"คลองบางซื่อ","risk_status":"improving_recent","evidence":"ระดับเริ่มลดลงจากรายงาน 27-29 ก.ย.","status_date":"2026-09-30","source":"BMA GIS + current situation reports"}},{"type":"Feature","id":28,"geometry":{"type":"LineString","coordinates":[[100.52798829836205,13.77413840937072],[100.52855482728219,13.773763272103071],[100.529346720875,13.773192337374066],[100.53004356260834,13.772710559096],[100.53022171209469,13.772618444207774],[100.5309861897164,13.772089519087565],[100.5310485392065,13.772003005026543],[100.53133394500647,13.771752700180187],[100.53168980422296,13.771489575624932],[100.53202585796336,13.77128820821291],[100.53240486428436,13.77111350557793],[100.5328059051505,13.770832927365683],[100.53306884021795,13.770622163818084],[100.53335419286518,13.770364446908104],[100.53357926507184,13.770124365700818],[100.53416079213099,13.769736833105833],[100.5347990458442,13.769149579155812],[100.53551035655178,13.768586540952205],[100.53580371880157,13.768400166573896],[100.53621286277725,13.768205660103511],[100.53642924239077,13.767803138400243],[100.5365394449991,13.767711443446304],[100.53680299497385,13.76758426962547],[100.53692344233005,13.767531823254165],[100.53706174215903,13.767503938069934],[100.53720396435999,13.7673061254166],[100.53738559547186,13.766977746709486],[100.53752555835675,13.766819350173137],[100.53785970955407,13.766713875330307],[100.53810054682562,13.766577081528443],[100.53858654924879,13.766207306614549],[100.53883227317371,13.76604833999041],[100.53911808473406,13.765874210563192],[100.53949883263137,13.765571607247105],[100.53974231372558,13.765454496566708],[100.53993343761458,13.76542374957524],[100.54003883335744,13.765378807243813],[100.54015161251839,13.765296855380717],[100.5402112275482,13.765166072350818],[100.540253054376,13.765020579794696],[100.54034459639888,13.764781329415472],[100.54061094778989,13.764698416888727],[100.5408999613645,13.764617893303607],[100.54096504784506,13.764565792427453],[100.54107727884833,13.764400247734613],[100.54125453057192,13.764172751502558],[100.54136979328166,13.76408581294785],[100.54156532001974,13.763959149805876],[100.54224599291136,13.763706269701371],[100.54233906464243,13.763700806643849],[100.5425042981351,13.763559511769625],[100.54270683535206,13.763339176312822],[100.54282415024741,13.763193301085916],[100.54288595662054,13.76301325082072],[100.54304325325846,13.762812899555248],[100.5432288258407,13.76270346947877],[100.54357279087971,13.762561053309161],[100.54379615222422,13.762446505766112],[100.54462738912939,13.761747312756718],[100.54542041238064,13.761360870653391],[100.54563045022863,13.761145456834107],[100.54579441446133,13.760799922910177],[100.5460639697579,13.760451195321373],[100.54639096203601,13.760407299564658],[100.54694260515895,13.76044567992624],[100.54707865795469,13.76045964723911],[100.54722919227648,13.760379895177413],[100.54729506096251,13.760064528496516],[100.54729871905919,13.759855289815377],[100.54736123258785,13.759783592142748],[100.5475973846241,13.759713154032337],[100.54778359947748,13.759702133327165],[100.54800747246583,13.759666294601681],[100.54824550965877,13.759499956834642],[100.54851164019698,13.759385046346283],[100.54893114507556,13.759239708990801],[100.54952623058739,13.758997198860735],[100.54974208979152,13.75890239558018],[100.550048706319,13.758821660213641],[100.55028456440685,13.758707028796715],[100.55057514292297,13.758483694282578],[100.55092286007633,13.758137000485045],[100.55103008605435,13.757988654570074],[100.55117954735987,13.757746506733273],[100.55144199095278,13.757454483217094],[100.55155141938512,13.757247109836298],[100.55165062578305,13.757027418869736],[100.55183563266827,13.756822009179206],[100.55206066090453,13.756591766079167],[100.55215025059668,13.756428799666676],[100.55232441873027,13.756117630452275],[100.5524695431338,13.755981335961549],[100.55256261024701,13.755975870293515],[100.55290759792946,13.755990867534676],[100.55321982621348,13.755998749903599],[100.55353896958574,13.75591061266584],[100.5538358891068,13.755886599199151],[100.55400800937345,13.756028214073847],[100.55426036868066,13.756115279148185],[100.55448696429151,13.756111318950502],[100.55477101538196,13.75605539305404],[100.55498972091338,13.755999880073809],[100.55542002650041,13.755967611782205],[100.55563414340351,13.755990932781483],[100.55590607922207,13.755994096321503],[100.5562681599813,13.755930265755925],[100.55695720742847,13.755820175666098],[100.55733486683701,13.755817789428916],[100.55763915520248,13.7557666127003],[100.55825601192612,13.75577500459709],[100.55882727334512,13.755749250367115],[100.5592425288397,13.755724481916637],[100.55979845960499,13.755652098899624],[100.56019078058121,13.755595391254857],[100.56071723230855,13.75563146055519],[100.56126313480355,13.75557630953558],[100.56192691639394,13.755451545291473],[100.56249820234014,13.75541837218865],[100.5633059239396,13.755359116074107],[100.56384704828136,13.75533110184434],[100.56450818008696,13.755186645886921],[100.56490695171733,13.75511416543123]]},"properties":{"objectid":28,"id_khong":26,"id":935,"num":null,"khong_name":"คลองสามเสน","from_des":null,"to_des":null,"width_m":null,"length_m":0,"deep_m":0,"tor_began":null,"tor_term":null,"budget":0,"budg_sour":null,"mercenary":null,"progress_m":0,"per":0,"remark":null,"lev":null,"shape_leng":0,"owner_name":null,"check_neme":"1","hydrop":null,"text4000":null,"namef_pa":"คลองสามเสน","shape_le_1":4823.43790265,"dcode":"1026","dname":"เขตดินแดง","canal_name":"คลองสามเสน","risk_status":"improving_recent","evidence":"ระดับเริ่มลดลงจากรายงาน 27-29 ก.ย.","status_date":"2026-09-30","source":"BMA GIS + current situation reports"}},{"type":"Feature","id":29,"geometry":{"type":"LineString","coordinates":[[100.4579288758399,13.758473050541987],[100.45744920633565,13.75925819367718],[100.45720158255304,13.759575346064972],[100.45645825266766,13.760440765280434],[100.45542929338261,13.761422650218341],[100.45459438908901,13.762242422680638],[100.45404404557307,13.762959110044559],[100.4535358751394,13.765429953443613],[100.45338578632462,13.766909412288792],[100.45350210566514,13.767913269883326],[100.4536171845053,13.768716135211779],[100.45392066164742,13.770314472825044],[100.45457761073267,13.772344351889384],[100.4548994835586,13.773092671209243],[100.4556348370127,13.774480223644058],[100.45655587529883,13.775925870529743],[100.45745101444179,13.777325212788572],[100.45938071630272,13.778339827537858],[100.46049985701148,13.778878522486577],[100.46141683757665,13.779197712348546],[100.46233790023753,13.779326811806218],[100.46324767563061,13.779235273845298],[100.46483111998691,13.77888151730576],[100.46559424067947,13.778826723546189],[100.46607166374173,13.778866898627024],[100.46644712701162,13.779029689491225],[100.46699988360254,13.779385190228849],[100.46760532972652,13.779739291456995]]},"properties":{"objectid":29,"id_khong":27,"id":2172,"num":null,"khong_name":"คลองบางขุนศรี(ชักพระ)","from_des":"คลองบางกอกน้อย","to_des":"คลองมอญ","width_m":"5-23","length_m":4400,"deep_m":0,"tor_began":null,"tor_term":null,"budget":0,"budg_sour":null,"mercenary":null,"progress_m":0,"per":0,"remark":null,"lev":null,"shape_leng":5199.05187365,"owner_name":"สำนักงานเขต","check_neme":"1","hydrop":null,"text4000":null,"namef_pa":"คลองตลิ่งชัน (ชักพระ)","shape_le_1":3525.64219158,"dcode":"1019","dname":"เขตตลิ่งชัน","canal_name":"คลองบางขุนศรี(ชักพระ)","risk_status":"monitor","evidence":"ไม่มีหลักฐานปัจจุบันว่าระดับวิกฤต; แสดงเป็นคลอง master","status_date":"2026-09-30","source":"BMA GIS + current situation reports"}},{"type":"Feature","id":30,"geometry":{"type":"LineString","coordinates":[[100.46199206597467,13.744389006691224],[100.46208273788893,13.744759287179058],[100.46211638645202,13.745033201396742],[100.46214011038248,13.74630069119101],[100.46224199914757,13.747347738886425],[100.46234258418296,13.748172285504808],[100.46241191182504,13.748702839589406],[100.46237388210649,13.749258884627578],[100.46225012229499,13.749872917923406],[100.4620871013258,13.750771148912397],[100.46189359307066,13.751548816631601],[100.46160880717196,13.75235097579411],[100.4613433635434,13.75275590256233],[100.46089248010834,13.75343305973523],[100.4605950749527,13.75400880778314],[100.45990259569177,13.755335218589673],[100.45817656068138,13.758067689195107],[100.4579288758399,13.758473050541987]]},"properties":{"objectid":30,"id_khong":28,"id":2173,"num":null,"khong_name":"คลองบางขุนศรี(ชักพระ)","from_des":"คลองบางกอกน้อย","to_des":"คลองมอญ","width_m":"5-23","length_m":4400,"deep_m":0,"tor_began":null,"tor_term":null,"budget":0,"budg_sour":null,"mercenary":null,"progress_m":0,"per":0,"remark":null,"lev":null,"shape_leng":5199.05187365,"owner_name":"สำนักงานเขต","check_neme":"1","hydrop":null,"text4000":null,"namef_pa":"คลองบางขุนศรี","shape_le_1":1680.72427207,"dcode":"1019","dname":"เขตตลิ่งชัน","canal_name":"คลองบางขุนศรี(ชักพระ)","risk_status":"monitor","evidence":"ไม่มีหลักฐานปัจจุบันว่าระดับวิกฤต; แสดงเป็นคลอง master","status_date":"2026-09-30","source":"BMA GIS + current situation reports"}},{"type":"Feature","id":31,"geometry":{"type":"LineString","coordinates":[[100.40673233629337,13.760050327000732],[100.4060804007511,13.760189798194007],[100.40477303225933,13.760534640842714],[100.40401655014323,13.76077728233843],[100.40230086987488,13.761234520616792],[100.399809070162,13.761776777089558],[100.39738091973865,13.762304007491322],[100.39530904955228,13.762807234066917],[100.39480657160114,13.762857709372486],[100.39402696492772,13.762997872806517],[100.39212008833297,13.763485407758902],[100.389095162095,13.763986557593485],[100.3868281860883,13.764490816744987],[100.38540794035164,13.764792181756153],[100.38076093951514,13.765738794246918],[100.37734654975301,13.76638135373062],[100.37501169320329,13.7668418719168],[100.37153806067995,13.767624050870879],[100.36910583118613,13.768118045633623],[100.36778274805725,13.768363821882877],[100.36680475931442,13.768585622356873],[100.3628171331085,13.768736063766982],[100.36147041527914,13.76878752859738],[100.35945228864742,13.768879388469355],[100.35914464370018,13.76889202318934]]},"properties":{"objectid":31,"id_khong":29,"id":2302,"num":null,"khong_name":"คลองบางพรม","from_des":null,"to_des":null,"width_m":null,"length_m":0,"deep_m":0,"tor_began":null,"tor_term":null,"budget":0,"budg_sour":null,"mercenary":null,"progress_m":0,"per":0,"remark":null,"lev":null,"shape_leng":0,"owner_name":null,"check_neme":"1","hydrop":null,"text4000":null,"namef_pa":"คลองบางพรม","shape_le_1":5250.563700729999,"dcode":"1019","dname":"เขตตลิ่งชัน","canal_name":"คลองบางพรม","risk_status":"monitor","evidence":"ไม่มีหลักฐานปัจจุบันว่าระดับวิกฤต; แสดงเป็นคลอง master","status_date":"2026-09-30","source":"BMA GIS + current situation reports"}},{"type":"Feature","id":32,"geometry":{"type":"LineString","coordinates":[[100.37485629584233,13.771269464306119],[100.37564344658807,13.771407686226313],[100.37832134152028,13.771280096089036],[100.37997754300501,13.770983049243636],[100.3807590162667,13.770946492427994],[100.38225543296285,13.770790776581782],[100.38262724279426,13.770770251293742],[100.38275429794923,13.770705820619321],[100.38331146974022,13.770693020035853],[100.38449046166853,13.770534283884496],[100.38556828705894,13.770459170200585],[100.38689038790473,13.770295280108792],[100.39021303224943,13.770023388880643],[100.39119202444745,13.769962637095439],[100.39400637777477,13.769730441889061],[100.39702346226615,13.769543067306186],[100.40036487805176,13.769266325060414],[100.40281738340657,13.769129992183155],[100.40511876634514,13.768986181858631],[100.40715851673097,13.768807875515297],[100.40778250212004,13.76877303776499]]},"properties":{"objectid":32,"id_khong":30,"id":2311,"num":null,"khong_name":"คลองบางระมาด","from_des":null,"to_des":null,"width_m":null,"length_m":0,"deep_m":0,"tor_began":null,"tor_term":null,"budget":0,"budg_sour":null,"mercenary":null,"progress_m":0,"per":0,"remark":null,"lev":null,"shape_leng":0,"owner_name":null,"check_neme":"1","hydrop":null,"text4000":null,"namef_pa":"คลองบางระมาด","shape_le_1":3576.83367461,"dcode":"1019","dname":"เขตตลิ่งชัน","canal_name":"คลองบางระมาด","risk_status":"monitor","evidence":"ไม่มีหลักฐานปัจจุบันว่าระดับวิกฤต; แสดงเป็นคลอง master","status_date":"2026-09-30","source":"BMA GIS + current situation reports"}},{"type":"Feature","id":33,"geometry":{"type":"LineString","coordinates":[[100.50588225492625,13.786975450981256],[100.50704437418703,13.785182336690614],[100.50719823819401,13.784879630996123],[100.50745995510331,13.784734240713961],[100.50798682480419,13.784967161770172],[100.5082806297059,13.784914026694832],[100.50855417066737,13.78417533946358],[100.50907589797943,13.783916377836903],[100.50992169560007,13.783579238915273],[100.5102562730609,13.783320429379366],[100.51060385804139,13.783139624221036],[100.51095948612071,13.783213444814656],[100.5113144483463,13.783171770473244],[100.51211030615622,13.782446500657947],[100.51351036167911,13.781623521333234],[100.51421916773081,13.781971351454205],[100.5145637887283,13.781650928735177],[100.51481299776435,13.781187307052345],[100.51523041052482,13.780743074644311],[100.51567051622217,13.780565849502477],[100.51645702097088,13.780545639888613],[100.51693982911395,13.780249938449415],[100.51745106763744,13.779692245691603],[100.51815307031885,13.779400342674613],[100.51899285409101,13.779282281284592],[100.51985321856665,13.779092061962587],[100.52047124686482,13.778810974451066],[100.52071091410039,13.778501405417503],[100.52129651491073,13.778076820257448],[100.521632002557,13.777961777150809],[100.5219892570269,13.777969780437143],[100.52251499168045,13.77802816370005],[100.52330136004863,13.777776844872683],[100.52389847710403,13.777506181896877],[100.52406395057118,13.777104616430181],[100.52423036624344,13.776836618890256],[100.52468011339225,13.776525745412057],[100.52520344647077,13.776214416103228],[100.52619675905387,13.775479206219488],[100.52690860243845,13.775074250745341],[100.52757714943053,13.774484746525323],[100.52782812669881,13.774298372271343]]},"properties":{"objectid":33,"id_khong":31,"id":357,"num":null,"khong_name":"คลองสามเสน","from_des":"แม่น้ำเจ้าพระยา","to_des":"ทางรถไฟสายเหนือ","width_m":"14.0-30.0","length_m":2900,"deep_m":0,"tor_began":null,"tor_term":null,"budget":0,"budg_sour":null,"mercenary":null,"progress_m":0,"per":0,"remark":null,"lev":null,"shape_leng":2802.7895560399998,"owner_name":"สำนักการระบายน้","check_neme":"1","hydrop":null,"text4000":null,"namef_pa":"คลองสามเสน","shape_le_1":2976.02862332,"dcode":"1002","dname":"เขตดุสิต","canal_name":"คลองสามเสน","risk_status":"improving_recent","evidence":"ระดับเริ่มลดลงจากรายงาน 27-29 ก.ย.","status_date":"2026-09-30","source":"BMA GIS + current situation reports"}},{"type":"Feature","id":34,"geometry":{"type":"MultiLineString","coordinates":[[[100.58962013647114,13.843943157243046],[100.5896956354921,13.84361507012688],[100.58989099183358,13.84247096155015],[100.59003928943564,13.841485038158742],[100.59040631589916,13.840100782385713],[100.59063864276838,13.839279332380825],[100.59074256209668,13.838800953445135],[100.59084282736258,13.83816679641463],[100.59090654404672,13.837530888923675]],[[100.58961591290294,13.843961439832915],[100.58961806199892,13.843952207905788]]]},"properties":{"objectid":34,"id_khong":142,"id":280,"num":null,"khong_name":"คลองลาดพร้าว","from_des":null,"to_des":null,"width_m":null,"length_m":0,"deep_m":0,"tor_began":null,"tor_term":null,"budget":0,"budg_sour":null,"mercenary":null,"progress_m":0,"per":0,"remark":null,"lev":null,"shape_leng":0,"owner_name":null,"check_neme":"1","hydrop":null,"text4000":null,"namef_pa":"คลองลาดพร้าว","shape_le_1":725.10112557,"dcode":"1030","dname":"เขตจตุจักร","canal_name":"คลองลาดพร้าว","risk_status":"watch_improving","evidence":"วิกฤตช่วงบน 29 ก.ย.; 30 ก.ย.ไม่อยู่ใน 3 คลองหลักที่ยังสูง","status_date":"2026-09-30","source":"BMA GIS + current situation reports"}},{"type":"Feature","id":35,"geometry":{"type":"LineString","coordinates":[[100.53732010345858,13.797756062038085],[100.53762873371518,13.797648303376759],[100.537928031597,13.79759464566397],[100.53817949962719,13.797574274769044],[100.53852942119649,13.79752969848998],[100.53867131533178,13.797512362345751],[100.5393146559259,13.797424828242438],[100.53946500774883,13.797418011869626],[100.53978732327413,13.79738544635729],[100.5398943177409,13.797361188090955],[100.5400901804588,13.797316491100668],[100.54087692524882,13.797256250381752],[100.54111145500376,13.797234807642463],[100.54182699073387,13.797143289998978],[100.5420374982269,13.79713374447661],[100.54209160509883,13.797127440898509],[100.54242702729486,13.797070117192437],[100.54251960921268,13.797057787850239],[100.54275303920008,13.797043308872839],[100.54284679556191,13.797023922348005],[100.5429802612306,13.797012510371541],[100.54313424987149,13.7970021445624],[100.54324245782183,13.796988541740888],[100.54349265823939,13.796961033391321],[100.54368509710625,13.796941026779722],[100.5445868988073,13.796818960136658],[100.54512254375813,13.796823817059378],[100.54587427919152,13.796752032445943],[100.54675343123337,13.79666534526394],[100.54745798435529,13.796551467999869],[100.54854087381578,13.79650470230497],[100.54942052916184,13.796309734690453],[100.55001910397992,13.796189560010369],[100.55040611835734,13.796115362238467],[100.55070879866335,13.796020548791015],[100.5508593183891,13.796027822929783],[100.55103014443945,13.796026744974084],[100.55118711619066,13.796098685245859],[100.55132442825759,13.796115442304327],[100.55157992141652,13.795989204421367],[100.55182037851813,13.795953524533404],[100.55221615942078,13.795925178685565],[100.55259977403786,13.79587919587386],[100.55311355481956,13.795853627555205],[100.55332896529886,13.795859315035285],[100.55343618307829,13.795869211443753],[100.5538000208162,13.795750510443103],[100.55405809112672,13.795645311532358],[100.55434923387445,13.79562819703069],[100.55451064452328,13.795644799009224],[100.55465995084596,13.795653253597669],[100.5547874133244,13.795645397681636],[100.55494589145023,13.79557616381354],[100.55525449392069,13.795477783168081],[100.55547483881524,13.795491661413442],[100.55569062104851,13.795542079371122],[100.55622939309266,13.795478661243619],[100.55654280709724,13.79538142276827],[100.55705623423799,13.795302889901642],[100.55750971217297,13.795269470720173],[100.55789265707237,13.795306988811252],[100.55815181018191,13.79536535440881],[100.5584332343295,13.79533184907349],[100.55873743555381,13.795294584218599],[100.55890152813394,13.795347677279588],[100.55904941921472,13.795326766325255],[100.55916589544299,13.795295391065105],[100.55937945805593,13.79519525811747],[100.55963520815028,13.795097207497106],[100.55996245208179,13.795084556831695],[100.56003355307739,13.795099379040176],[100.56047524300979,13.795094225119252],[100.56083468425152,13.795037810099672],[100.56129017763303,13.794940838646564],[100.56178075590545,13.794878888923444]]},"properties":{"objectid":35,"id_khong":34,"id":756,"num":null,"khong_name":"คลองบางซื่อ","from_des":null,"to_des":null,"width_m":null,"length_m":0,"deep_m":0,"tor_began":null,"tor_term":null,"budget":0,"budg_sour":null,"mercenary":null,"progress_m":0,"per":0,"remark":null,"lev":null,"shape_leng":0,"owner_name":null,"check_neme":"1","hydrop":null,"text4000":null,"namef_pa":"คลองบางซื่อ","shape_le_1":2688.90832271,"dcode":"1002","dname":"เขตดุสิต","canal_name":"คลองบางซื่อ","risk_status":"improving_recent","evidence":"ระดับเริ่มลดลงจากรายงาน 27-29 ก.ย.","status_date":"2026-09-30","source":"BMA GIS + current situation reports"}},{"type":"Feature","id":36,"geometry":{"type":"LineString","coordinates":[[100.49882413655716,13.773069366194985],[100.5006119399974,13.772145862116583],[100.50134016510721,13.771672372364735],[100.50183322253184,13.771344827286057],[100.50272164661882,13.770713826004958],[100.50386167406567,13.769801664499921],[100.50411104861382,13.769481206368365],[100.50482186701626,13.768685173987858],[100.50511903531212,13.768338214177401],[100.50568665905355,13.767665062311051],[100.50618808867762,13.767134836378512],[100.5064491156008,13.76683680775309],[100.50691590952717,13.766304894233283],[100.50719413653144,13.765989951010923],[100.50776596407717,13.765379580625316],[100.5080786833582,13.765056833267655],[100.5086713637711,13.764405031697253],[100.50905249217872,13.763976848497407],[100.50937662771494,13.763651318957505]]},"properties":{"objectid":36,"id_khong":35,"id":835,"num":null,"khong_name":null,"from_des":null,"to_des":null,"width_m":null,"length_m":0,"deep_m":0,"tor_began":null,"tor_term":null,"budget":0,"budg_sour":null,"mercenary":null,"progress_m":0,"per":0,"remark":null,"lev":null,"shape_leng":0,"owner_name":null,"check_neme":"1","hydrop":null,"text4000":null,"namef_pa":"คลองผดุงกรุงเกษม","shape_le_1":1560.84777584,"dcode":"1002","dname":"เขตดุสิต","canal_name":"","risk_status":"monitor","evidence":"ไม่มีหลักฐานปัจจุบันว่าระดับวิกฤต; แสดงเป็นคลอง master","status_date":"2026-09-30","source":"BMA GIS + current situation reports"}},{"type":"Feature","id":37,"geometry":{"type":"LineString","coordinates":[[100.53732010345858,13.797756062038085],[100.53762873371518,13.797648303376759],[100.537928031597,13.79759464566397],[100.53817949962719,13.797574274769044],[100.53852942119649,13.79752969848998],[100.53867131533178,13.797512362345751],[100.5393146559259,13.797424828242438],[100.53946500774883,13.797418011869626],[100.53978732327413,13.79738544635729],[100.5398943177409,13.797361188090955],[100.5400901804588,13.797316491100668],[100.54087692524882,13.797256250381752],[100.54111145500376,13.797234807642463],[100.54182699073387,13.797143289998978],[100.5420374982269,13.79713374447661],[100.54209160509883,13.797127440898509],[100.54242702729486,13.797070117192437],[100.54251960921268,13.797057787850239],[100.54275303920008,13.797043308872839],[100.54284679556191,13.797023922348005],[100.5429802612306,13.797012510371541],[100.54313424987149,13.7970021445624],[100.54324245782183,13.796988541740888],[100.54349265823939,13.796961033391321],[100.54368509710625,13.796941026779722],[100.5445868988073,13.796818960136658],[100.54512254375813,13.796823817059378],[100.54587427919152,13.796752032445943],[100.54675343123337,13.79666534526394],[100.54745798435529,13.796551467999869],[100.54854087381578,13.79650470230497],[100.54942052916184,13.796309734690453],[100.55001910397992,13.796189560010369],[100.55040611835734,13.796115362238467],[100.55070879866335,13.796020548791015],[100.5508593183891,13.796027822929783],[100.55103014443945,13.796026744974084],[100.55118711619066,13.796098685245859],[100.55132442825759,13.796115442304327],[100.55157992141652,13.795989204421367],[100.55182037851813,13.795953524533404],[100.55221615942078,13.795925178685565],[100.55259977403786,13.79587919587386],[100.55311355481956,13.795853627555205],[100.55332896529886,13.795859315035285],[100.55343618307829,13.795869211443753],[100.5538000208162,13.795750510443103],[100.55405809112672,13.795645311532358],[100.55434923387445,13.79562819703069],[100.55451064452328,13.795644799009224],[100.55465995084596,13.795653253597669],[100.5547874133244,13.795645397681636],[100.55494589145023,13.79557616381354],[100.55525449392069,13.795477783168081],[100.55547483881524,13.795491661413442],[100.55569062104851,13.795542079371122],[100.55622939309266,13.795478661243619],[100.55654280709724,13.79538142276827],[100.55705623423799,13.795302889901642],[100.55750971217297,13.795269470720173],[100.55789265707237,13.795306988811252],[100.55815181018191,13.79536535440881],[100.5584332343295,13.79533184907349],[100.55873743555381,13.795294584218599],[100.55890152813394,13.795347677279588],[100.55904941921472,13.795326766325255],[100.55916589544299,13.795295391065105],[100.55937945805593,13.79519525811747],[100.55963520815028,13.795097207497106],[100.55996245208179,13.795084556831695],[100.56003355307739,13.795099379040176],[100.56047524300979,13.795094225119252],[100.56083468425152,13.795037810099672],[100.56129017763303,13.794940838646564],[100.56178075590545,13.794878888923444]]},"properties":{"objectid":37,"id_khong":36,"id":756,"num":null,"khong_name":"คลองบางซื่อ","from_des":null,"to_des":null,"width_m":null,"length_m":0,"deep_m":0,"tor_began":null,"tor_term":null,"budget":0,"budg_sour":null,"mercenary":null,"progress_m":0,"per":0,"remark":null,"lev":null,"shape_leng":0,"owner_name":null,"check_neme":"1","hydrop":null,"text4000":null,"namef_pa":"คลองบางซื่อ","shape_le_1":2688.90832271,"dcode":"1014","dname":"เขตพญาไท","canal_name":"คลองบางซื่อ","risk_status":"improving_recent","evidence":"ระดับเริ่มลดลงจากรายงาน 27-29 ก.ย.","status_date":"2026-09-30","source":"BMA GIS + current situation reports"}},{"type":"Feature","id":38,"geometry":{"type":"LineString","coordinates":[[100.52798829836205,13.77413840937072],[100.52855482728219,13.773763272103071],[100.529346720875,13.773192337374066],[100.53004356260834,13.772710559096],[100.53022171209469,13.772618444207774],[100.5309861897164,13.772089519087565],[100.5310485392065,13.772003005026543],[100.53133394500647,13.771752700180187],[100.53168980422296,13.771489575624932],[100.53202585796336,13.77128820821291],[100.53240486428436,13.77111350557793],[100.5328059051505,13.770832927365683],[100.53306884021795,13.770622163818084],[100.53335419286518,13.770364446908104],[100.53357926507184,13.770124365700818],[100.53416079213099,13.769736833105833],[100.5347990458442,13.769149579155812],[100.53551035655178,13.768586540952205],[100.53580371880157,13.768400166573896],[100.53621286277725,13.768205660103511],[100.53642924239077,13.767803138400243],[100.5365394449991,13.767711443446304],[100.53680299497385,13.76758426962547],[100.53692344233005,13.767531823254165],[100.53706174215903,13.767503938069934],[100.53720396435999,13.7673061254166],[100.53738559547186,13.766977746709486],[100.53752555835675,13.766819350173137],[100.53785970955407,13.766713875330307],[100.53810054682562,13.766577081528443],[100.53858654924879,13.766207306614549],[100.53883227317371,13.76604833999041],[100.53911808473406,13.765874210563192],[100.53949883263137,13.765571607247105],[100.53974231372558,13.765454496566708],[100.53993343761458,13.76542374957524],[100.54003883335744,13.765378807243813],[100.54015161251839,13.765296855380717],[100.5402112275482,13.765166072350818],[100.540253054376,13.765020579794696],[100.54034459639888,13.764781329415472],[100.54061094778989,13.764698416888727],[100.5408999613645,13.764617893303607],[100.54096504784506,13.764565792427453],[100.54107727884833,13.764400247734613],[100.54125453057192,13.764172751502558],[100.54136979328166,13.76408581294785],[100.54156532001974,13.763959149805876],[100.54224599291136,13.763706269701371],[100.54233906464243,13.763700806643849],[100.5425042981351,13.763559511769625],[100.54270683535206,13.763339176312822],[100.54282415024741,13.763193301085916],[100.54288595662054,13.76301325082072],[100.54304325325846,13.762812899555248],[100.5432288258407,13.76270346947877],[100.54357279087971,13.762561053309161],[100.54379615222422,13.762446505766112],[100.54462738912939,13.761747312756718],[100.54542041238064,13.761360870653391],[100.54563045022863,13.761145456834107],[100.54579441446133,13.760799922910177],[100.5460639697579,13.760451195321373],[100.54639096203601,13.760407299564658],[100.54694260515895,13.76044567992624],[100.54707865795469,13.76045964723911],[100.54722919227648,13.760379895177413],[100.54729506096251,13.760064528496516],[100.54729871905919,13.759855289815377],[100.54736123258785,13.759783592142748],[100.5475973846241,13.759713154032337],[100.54778359947748,13.759702133327165],[100.54800747246583,13.759666294601681],[100.54824550965877,13.759499956834642],[100.54851164019698,13.759385046346283],[100.54893114507556,13.759239708990801],[100.54952623058739,13.758997198860735],[100.54974208979152,13.75890239558018],[100.550048706319,13.758821660213641],[100.55028456440685,13.758707028796715],[100.55057514292297,13.758483694282578],[100.55092286007633,13.758137000485045],[100.55103008605435,13.757988654570074],[100.55117954735987,13.757746506733273],[100.55144199095278,13.757454483217094],[100.55155141938512,13.757247109836298],[100.55165062578305,13.757027418869736],[100.55183563266827,13.756822009179206],[100.55206066090453,13.756591766079167],[100.55215025059668,13.756428799666676],[100.55232441873027,13.756117630452275],[100.5524695431338,13.755981335961549],[100.55256261024701,13.755975870293515],[100.55290759792946,13.755990867534676],[100.55321982621348,13.755998749903599],[100.55353896958574,13.75591061266584],[100.5538358891068,13.755886599199151],[100.55400800937345,13.756028214073847],[100.55426036868066,13.756115279148185],[100.55448696429151,13.756111318950502],[100.55477101538196,13.75605539305404],[100.55498972091338,13.755999880073809],[100.55542002650041,13.755967611782205],[100.55563414340351,13.755990932781483],[100.55590607922207,13.755994096321503],[100.5562681599813,13.755930265755925],[100.55695720742847,13.755820175666098],[100.55733486683701,13.755817789428916],[100.55763915520248,13.7557666127003],[100.55825601192612,13.75577500459709],[100.55882727334512,13.755749250367115],[100.5592425288397,13.755724481916637],[100.55979845960499,13.755652098899624],[100.56019078058121,13.755595391254857],[100.56071723230855,13.75563146055519],[100.56126313480355,13.75557630953558],[100.56192691639394,13.755451545291473],[100.56249820234014,13.75541837218865],[100.5633059239396,13.755359116074107],[100.56384704828136,13.75533110184434],[100.56450818008696,13.755186645886921],[100.56490695171733,13.75511416543123]]},"properties":{"objectid":38,"id_khong":37,"id":935,"num":null,"khong_name":"คลองสามเสน","from_des":null,"to_des":null,"width_m":null,"length_m":0,"deep_m":0,"tor_began":null,"tor_term":null,"budget":0,"budg_sour":null,"mercenary":null,"progress_m":0,"per":0,"remark":null,"lev":null,"shape_leng":0,"owner_name":null,"check_neme":"1","hydrop":null,"text4000":null,"namef_pa":"คลองสามเสน","shape_le_1":4823.43790265,"dcode":"1014","dname":"เขตพญาไท","canal_name":"คลองสามเสน","risk_status":"improving_recent","evidence":"ระดับเริ่มลดลงจากรายงาน 27-29 ก.ย.","status_date":"2026-09-30","source":"BMA GIS + current situation reports"}},{"type":"Feature","id":39,"geometry":{"type":"LineString","coordinates":[[100.49092181710434,13.761937396233321],[100.49319962239923,13.759130622484907],[100.49511567988947,13.756968870654752],[100.49519786423592,13.756677903565384],[100.49527841005839,13.756224902908539],[100.49553868213367,13.755002978282787],[100.49560344299194,13.754706152640225],[100.49589188047914,13.753464896952108],[100.49613778437072,13.752394619689984],[100.49613742788888,13.752338497857085],[100.4962676516218,13.751147637913014],[100.4963680471925,13.749954700006208],[100.49633455213018,13.748654755034682],[100.49627468195261,13.74735605557509],[100.49628567975505,13.745989776518684],[100.49628070837898,13.745471138574525],[100.49631810997073,13.745345108977983],[100.4964028022249,13.74481318411734],[100.49645012962867,13.744437114232074],[100.49641687506838,13.744255479694527],[100.49538304983889,13.743145787331068],[100.49504863000166,13.742823003154417],[100.49481990449964,13.742526148463922],[100.493718062696,13.740896203969964]]},"properties":{"objectid":39,"id_khong":38,"id":815,"num":null,"khong_name":"คลองหลอด","from_des":"ประตูระบายน้ำสะพานพระปิ่นเก","to_des":"แม่น้ำเจ้าพระยา","width_m":"16.3 - 16.3","length_m":1800,"deep_m":0,"tor_began":null,"tor_term":null,"budget":0,"budg_sour":null,"mercenary":null,"progress_m":0,"per":0,"remark":null,"lev":null,"shape_leng":1827.23441847,"owner_name":"สำนักการระบายน้","check_neme":"1","hydrop":null,"text4000":null,"namef_pa":"คลองหลอด","shape_le_1":2608.6975005400004,"dcode":"1020","dname":"เขตบางกอกน้อย","canal_name":"คลองหลอด","risk_status":"monitor","evidence":"ไม่มีหลักฐานปัจจุบันว่าระดับวิกฤต; แสดงเป็นคลอง master","status_date":"2026-09-30","source":"BMA GIS + current situation reports"}},{"type":"Feature","id":40,"geometry":{"type":"LineString","coordinates":[[100.46199206597467,13.744389006691224],[100.4624785850364,13.744296648772318],[100.46276492222775,13.744274254681724],[100.46299326199411,13.74419544764714],[100.4632497860239,13.744062697813913],[100.46371856264683,13.743728774931277],[100.46445110733593,13.743360930102295],[100.46507113927251,13.743305642184218],[100.46546473300569,13.743266791502078],[100.46589303474292,13.743156698488418],[100.46632076179365,13.742954151743987],[100.46688500222746,13.742951971123489],[100.46806748072049,13.74293725436662],[100.46968753543962,13.74306525094601],[100.4705809826616,13.74310511445269],[100.47139771477144,13.74319269909967],[100.47211381773451,13.743369089232662],[100.47258724799009,13.743428623227882],[100.47339119408,13.743580806916704],[100.47405368590242,13.74367038856749],[100.47443786465651,13.743784678509282],[100.4746809362433,13.743928460450846],[100.47512896922869,13.744279153793038],[100.4754353782849,13.744576829743096],[100.47554341451057,13.744538495901237],[100.47625528884716,13.74425804561161],[100.47697993902884,13.744008876758608],[100.47708811512689,13.744078089835822],[100.47721257159961,13.744275179390819],[100.47728179764232,13.744431838760079],[100.47736235819707,13.744657116855322],[100.47771919370288,13.745408178248823],[100.47806756785171,13.746244333175175],[100.47824163531463,13.746290646840947],[100.47883399073405,13.746028979804766],[100.47952172610799,13.745887211296978],[100.4801339621418,13.745986838089225],[100.48072121666362,13.745957465237677],[100.48142539158525,13.745981162765936],[100.48212722246662,13.746068406361667],[100.48280202799934,13.746235342467616],[100.4835629931651,13.746546901586592],[100.48455317473096,13.746919438956205],[100.48516850057902,13.747181982388787],[100.4862099654728,13.747536309173858],[100.48696776361527,13.747803863757296],[100.48761383532108,13.748032233126114],[100.48820022598633,13.748215773538337]]},"properties":{"objectid":40,"id_khong":39,"id":2537,"num":null,"khong_name":"คลองมอญ","from_des":"แม่น้ำเจ้าพระยา","to_des":"คลองบางกอกใหญ่","width_m":"10-15","length_m":2950,"deep_m":0,"tor_began":null,"tor_term":null,"budget":0,"budg_sour":null,"mercenary":null,"progress_m":0,"per":0,"remark":null,"lev":null,"shape_leng":3162.34756947,"owner_name":"สนน.","check_neme":"1","hydrop":null,"text4000":null,"namef_pa":"คลองมอญ","shape_le_1":3132.19085461,"dcode":"1020","dname":"เขตบางกอกน้อย","canal_name":"คลองมอญ","risk_status":"monitor","evidence":"ไม่มีหลักฐานปัจจุบันว่าระดับวิกฤต; แสดงเป็นคลอง master","status_date":"2026-09-30","source":"BMA GIS + current situation reports"}},{"type":"Feature","id":41,"geometry":{"type":"MultiLineString","coordinates":[[[100.58873388945979,13.846341859050533],[100.58901289353389,13.84548422938315],[100.58956612338451,13.84417793172561],[100.58961591290294,13.843961439832915]],[[100.58961806199892,13.843952207905788],[100.58962013647114,13.843943157243046]]]},"properties":{"objectid":41,"id_khong":143,"id":281,"num":null,"khong_name":"คลองบางบัว","from_des":null,"to_des":null,"width_m":null,"length_m":0,"deep_m":0,"tor_began":null,"tor_term":null,"budget":0,"budg_sour":null,"mercenary":null,"progress_m":0,"per":0,"remark":null,"lev":null,"shape_leng":0,"owner_name":null,"check_neme":"1","hydrop":null,"text4000":null,"namef_pa":"คลองบางบัว","shape_le_1":281.54262975,"dcode":"1030","dname":"เขตจตุจักร","canal_name":"คลองบางบัว","risk_status":"monitor","evidence":"ไม่มีหลักฐานปัจจุบันว่าระดับวิกฤต; แสดงเป็นคลอง master","status_date":"2026-09-30","source":"BMA GIS + current situation reports"}},{"type":"Feature","id":42,"geometry":{"type":"LineString","coordinates":[[100.52798829836205,13.77413840937072],[100.52855482728219,13.773763272103071],[100.529346720875,13.773192337374066],[100.53004356260834,13.772710559096],[100.53022171209469,13.772618444207774],[100.5309861897164,13.772089519087565],[100.5310485392065,13.772003005026543],[100.53133394500647,13.771752700180187],[100.53168980422296,13.771489575624932],[100.53202585796336,13.77128820821291],[100.53240486428436,13.77111350557793],[100.5328059051505,13.770832927365683],[100.53306884021795,13.770622163818084],[100.53335419286518,13.770364446908104],[100.53357926507184,13.770124365700818],[100.53416079213099,13.769736833105833],[100.5347990458442,13.769149579155812],[100.53551035655178,13.768586540952205],[100.53580371880157,13.768400166573896],[100.53621286277725,13.768205660103511],[100.53642924239077,13.767803138400243],[100.5365394449991,13.767711443446304],[100.53680299497385,13.76758426962547],[100.53692344233005,13.767531823254165],[100.53706174215903,13.767503938069934],[100.53720396435999,13.7673061254166],[100.53738559547186,13.766977746709486],[100.53752555835675,13.766819350173137],[100.53785970955407,13.766713875330307],[100.53810054682562,13.766577081528443],[100.53858654924879,13.766207306614549],[100.53883227317371,13.76604833999041],[100.53911808473406,13.765874210563192],[100.53949883263137,13.765571607247105],[100.53974231372558,13.765454496566708],[100.53993343761458,13.76542374957524],[100.54003883335744,13.765378807243813],[100.54015161251839,13.765296855380717],[100.5402112275482,13.765166072350818],[100.540253054376,13.765020579794696],[100.54034459639888,13.764781329415472],[100.54061094778989,13.764698416888727],[100.5408999613645,13.764617893303607],[100.54096504784506,13.764565792427453],[100.54107727884833,13.764400247734613],[100.54125453057192,13.764172751502558],[100.54136979328166,13.76408581294785],[100.54156532001974,13.763959149805876],[100.54224599291136,13.763706269701371],[100.54233906464243,13.763700806643849],[100.5425042981351,13.763559511769625],[100.54270683535206,13.763339176312822],[100.54282415024741,13.763193301085916],[100.54288595662054,13.76301325082072],[100.54304325325846,13.762812899555248],[100.5432288258407,13.76270346947877],[100.54357279087971,13.762561053309161],[100.54379615222422,13.762446505766112],[100.54462738912939,13.761747312756718],[100.54542041238064,13.761360870653391],[100.54563045022863,13.761145456834107],[100.54579441446133,13.760799922910177],[100.5460639697579,13.760451195321373],[100.54639096203601,13.760407299564658],[100.54694260515895,13.76044567992624],[100.54707865795469,13.76045964723911],[100.54722919227648,13.760379895177413],[100.54729506096251,13.760064528496516],[100.54729871905919,13.759855289815377],[100.54736123258785,13.759783592142748],[100.5475973846241,13.759713154032337],[100.54778359947748,13.759702133327165],[100.54800747246583,13.759666294601681],[100.54824550965877,13.759499956834642],[100.54851164019698,13.759385046346283],[100.54893114507556,13.759239708990801],[100.54952623058739,13.758997198860735],[100.54974208979152,13.75890239558018],[100.550048706319,13.758821660213641],[100.55028456440685,13.758707028796715],[100.55057514292297,13.758483694282578],[100.55092286007633,13.758137000485045],[100.55103008605435,13.757988654570074],[100.55117954735987,13.757746506733273],[100.55144199095278,13.757454483217094],[100.55155141938512,13.757247109836298],[100.55165062578305,13.757027418869736],[100.55183563266827,13.756822009179206],[100.55206066090453,13.756591766079167],[100.55215025059668,13.756428799666676],[100.55232441873027,13.756117630452275],[100.5524695431338,13.755981335961549],[100.55256261024701,13.755975870293515],[100.55290759792946,13.755990867534676],[100.55321982621348,13.755998749903599],[100.55353896958574,13.75591061266584],[100.5538358891068,13.755886599199151],[100.55400800937345,13.756028214073847],[100.55426036868066,13.756115279148185],[100.55448696429151,13.756111318950502],[100.55477101538196,13.75605539305404],[100.55498972091338,13.755999880073809],[100.55542002650041,13.755967611782205],[100.55563414340351,13.755990932781483],[100.55590607922207,13.755994096321503],[100.5562681599813,13.755930265755925],[100.55695720742847,13.755820175666098],[100.55733486683701,13.755817789428916],[100.55763915520248,13.7557666127003],[100.55825601192612,13.75577500459709],[100.55882727334512,13.755749250367115],[100.5592425288397,13.755724481916637],[100.55979845960499,13.755652098899624],[100.56019078058121,13.755595391254857],[100.56071723230855,13.75563146055519],[100.56126313480355,13.75557630953558],[100.56192691639394,13.755451545291473],[100.56249820234014,13.75541837218865],[100.5633059239396,13.755359116074107],[100.56384704828136,13.75533110184434],[100.56450818008696,13.755186645886921],[100.56490695171733,13.75511416543123]]},"properties":{"objectid":42,"id_khong":40,"id":935,"num":null,"khong_name":"คลองสามเสน","from_des":null,"to_des":null,"width_m":null,"length_m":0,"deep_m":0,"tor_began":null,"tor_term":null,"budget":0,"budg_sour":null,"mercenary":null,"progress_m":0,"per":0,"remark":null,"lev":null,"shape_leng":0,"owner_name":null,"check_neme":"1","hydrop":null,"text4000":null,"namef_pa":"คลองสามเสน","shape_le_1":4823.43790265,"dcode":"1037","dname":"เขตราชเทวี","canal_name":"คลองสามเสน","risk_status":"improving_recent","evidence":"ระดับเริ่มลดลงจากรายงาน 27-29 ก.ย.","status_date":"2026-09-30","source":"BMA GIS + current situation reports"}},{"type":"Feature","id":43,"geometry":{"type":"LineString","coordinates":[[100.49452165761636,13.765843950326916],[100.49615991240726,13.764312256160526],[100.49650903805474,13.764040092531033],[100.49686639007724,13.76376652257377],[100.49869210833735,13.762627080097232],[100.49977084135693,13.761911517902387],[100.50067913241779,13.761315020083991],[100.50273699128668,13.759993565891957],[100.50311283869071,13.759716802766672],[100.50383788336651,13.759265290874003],[100.50420679229735,13.758988930223211],[100.504293005589,13.758852930507418],[100.50586932284278,13.755869496799255]]},"properties":{"objectid":43,"id_khong":41,"id":813,"num":null,"khong_name":"คลองบางลำภู","from_des":"แม่น้ำเจ้าพระยา","to_des":"คลองโอ่งอ่าง","width_m":"20.0 - 22.0","length_m":1460,"deep_m":0,"tor_began":null,"tor_term":null,"budget":0,"budg_sour":null,"mercenary":null,"progress_m":0,"per":0,"remark":null,"lev":null,"shape_leng":1461.2487930500001,"owner_name":"สำนักการระบายน้","check_neme":"1","hydrop":null,"text4000":null,"namef_pa":"คลองบางลำภู","shape_le_1":1685.59529267,"dcode":"1001","dname":"เขตพระนคร","canal_name":"คลองบางลำภู","risk_status":"monitor","evidence":"ไม่มีหลักฐานปัจจุบันว่าระดับวิกฤต; แสดงเป็นคลอง master","status_date":"2026-09-30","source":"BMA GIS + current situation reports"}},{"type":"Feature","id":44,"geometry":{"type":"LineString","coordinates":[[100.49520927961838,13.756626230018345],[100.49557194631522,13.756518560902876],[100.49636906026969,13.756271243158547],[100.49747059096299,13.755954021077017],[100.4985318949689,13.75565493337247],[100.49864494870396,13.755626138766978],[100.49925620957609,13.755472307055006],[100.49961357502838,13.755382920570536],[100.50016819955553,13.755232232633963],[100.50054287930794,13.75514373290719],[100.50107531743075,13.754981971960197],[100.5017370887055,13.754785620871688],[100.50237653007667,13.754579463592425],[100.50357155741862,13.75427863623756],[100.50476100609112,13.753952803728867],[100.505093283413,13.753864104325237],[100.50532051527455,13.753816083336188],[100.50556092280102,13.753777470315889]]},"properties":{"objectid":44,"id_khong":42,"id":814,"num":null,"khong_name":"คลอดหลอดวัดราชนัดดา(เทพธิด","from_des":"คลองคูเมืองเดิม","to_des":"คลองโอ่งอ่าง","width_m":"10.0 - 12.0","length_m":1140,"deep_m":0,"tor_began":null,"tor_term":null,"budget":0,"budg_sour":null,"mercenary":null,"progress_m":0,"per":0,"remark":null,"lev":null,"shape_leng":1139.49793255,"owner_name":"สำนักการระบายน้","check_neme":"1","hydrop":null,"text4000":null,"namef_pa":"คลอดหลอดวัดราชนัดดา(เทพธิด","shape_le_1":1163.42091075,"dcode":"1001","dname":"เขตพระนคร","canal_name":"คลอดหลอดวัดราชนัดดา(เทพธิด","risk_status":"monitor","evidence":"ไม่มีหลักฐานปัจจุบันว่าระดับวิกฤต; แสดงเป็นคลอง master","status_date":"2026-09-30","source":"BMA GIS + current situation reports"}},{"type":"Feature","id":45,"geometry":{"type":"LineString","coordinates":[[100.49092181710434,13.761937396233321],[100.49319962239923,13.759130622484907],[100.49511567988947,13.756968870654752],[100.49519786423592,13.756677903565384],[100.49527841005839,13.756224902908539],[100.49553868213367,13.755002978282787],[100.49560344299194,13.754706152640225],[100.49589188047914,13.753464896952108],[100.49613778437072,13.752394619689984],[100.49613742788888,13.752338497857085],[100.4962676516218,13.751147637913014],[100.4963680471925,13.749954700006208],[100.49633455213018,13.748654755034682],[100.49627468195261,13.74735605557509],[100.49628567975505,13.745989776518684],[100.49628070837898,13.745471138574525],[100.49631810997073,13.745345108977983],[100.4964028022249,13.74481318411734],[100.49645012962867,13.744437114232074],[100.49641687506838,13.744255479694527],[100.49538304983889,13.743145787331068],[100.49504863000166,13.742823003154417],[100.49481990449964,13.742526148463922],[100.493718062696,13.740896203969964]]},"properties":{"objectid":45,"id_khong":43,"id":815,"num":null,"khong_name":"คลองหลอด","from_des":"ประตูระบายน้ำสะพานพระปิ่นเก","to_des":"แม่น้ำเจ้าพระยา","width_m":"16.3 - 16.3","length_m":1800,"deep_m":0,"tor_began":null,"tor_term":null,"budget":0,"budg_sour":null,"mercenary":null,"progress_m":0,"per":0,"remark":null,"lev":null,"shape_leng":1827.23441847,"owner_name":"สำนักการระบายน้","check_neme":"1","hydrop":null,"text4000":null,"namef_pa":"คลองหลอด","shape_le_1":2608.6975005400004,"dcode":"1001","dname":"เขตพระนคร","canal_name":"คลองหลอด","risk_status":"monitor","evidence":"ไม่มีหลักฐานปัจจุบันว่าระดับวิกฤต; แสดงเป็นคลอง master","status_date":"2026-09-30","source":"BMA GIS + current situation reports"}},{"type":"Feature","id":46,"geometry":{"type":"LineString","coordinates":[[100.5041198276349,13.747700286269579],[100.50401307281427,13.747723531424452],[100.50383711056676,13.747763375539233],[100.50356316929641,13.747815655904919],[100.50339487397984,13.747850031132307],[100.5031637848265,13.74787837198154],[100.50294027650867,13.747899616580476],[100.50240854703104,13.747942712654297],[100.50190982062139,13.747971599109313],[100.5017611844414,13.747980005316506],[100.50113585254316,13.748028549123884],[100.50036427696068,13.748113950916895],[100.4996521328791,13.74819257180989],[100.49901580333602,13.748238465391665],[100.49818573728487,13.748311292419368],[100.49744482679394,13.74837508001239],[100.49662798498532,13.748441404479529],[100.49632526928605,13.748465835773194]]},"properties":{"objectid":46,"id_khong":44,"id":820,"num":null,"khong_name":null,"from_des":null,"to_des":null,"width_m":null,"length_m":0,"deep_m":0,"tor_began":null,"tor_term":null,"budget":0,"budg_sour":null,"mercenary":null,"progress_m":0,"per":0,"remark":null,"lev":null,"shape_leng":0,"owner_name":null,"check_neme":"1","hydrop":null,"text4000":null,"namef_pa":"คลองวัดราชบพิธ","shape_le_1":847.8006275600001,"dcode":"1001","dname":"เขตพระนคร","canal_name":"","risk_status":"monitor","evidence":"ไม่มีหลักฐานปัจจุบันว่าระดับวิกฤต; แสดงเป็นคลอง master","status_date":"2026-09-30","source":"BMA GIS + current situation reports"}},{"type":"Feature","id":47,"geometry":{"type":"LineString","coordinates":[[100.50511022712912,13.751957348630103],[100.50487679564252,13.750939156149835],[100.50458369475393,13.7497112951082],[100.50433348177808,13.748655517748793],[100.50386526483452,13.746738615599213],[100.50363831828636,13.745862451488968],[100.50352226937378,13.745456740168933],[100.5034583320978,13.745283247057452],[100.50338904011203,13.745118914551496],[100.5033773816383,13.74510823053514],[100.5033645223466,13.745076586936621],[100.50331282428156,13.745004782978615],[100.50271464509903,13.744204084737833],[100.50265073822275,13.744118888072046],[100.50262242154332,13.744078662566132],[100.50229308943635,13.74356281629297],[100.5020802455091,13.74325882364134],[100.501967379427,13.743100720116042],[100.50184164839204,13.742897959704177],[100.50102442025505,13.741702653405973],[100.50069627326712,13.741156430921077],[100.50046587394591,13.740513362495944],[100.50030057789697,13.740047847836214],[100.49982456531063,13.73869456208986]]},"properties":{"objectid":47,"id_khong":45,"id":822,"num":null,"khong_name":"คลองโอ่งอ่าง","from_des":"สะพานดำรงสถิตย์","to_des":"แม่น้ำเจ้าพระยา","width_m":"10.0 - 10.0","length_m":900,"deep_m":0,"tor_began":null,"tor_term":null,"budget":0,"budg_sour":null,"mercenary":null,"progress_m":0,"per":0,"remark":null,"lev":null,"shape_leng":1952.9329904,"owner_name":"สำนักการระบายน้","check_neme":"1","hydrop":null,"text4000":null,"namef_pa":"คลองโอ่งอ่าง","shape_le_1":1594.4018982,"dcode":"1001","dname":"เขตพระนคร","canal_name":"คลองโอ่งอ่าง","risk_status":"monitor","evidence":"ไม่มีหลักฐานปัจจุบันว่าระดับวิกฤต; แสดงเป็นคลอง master","status_date":"2026-09-30","source":"BMA GIS + current situation reports"}},{"type":"Feature","id":48,"geometry":{"type":"LineString","coordinates":[[100.50586993338634,13.755869673856402],[100.50598996671964,13.755692345981252],[100.50605515985922,13.75556063239593],[100.50603464596772,13.755453029936431],[100.50597623099507,13.755261519535411],[100.50587002181041,13.754881778338158],[100.50560916038059,13.753987389422464],[100.50520395089755,13.752281043837844],[100.50511574768153,13.751962104898567]]},"properties":{"objectid":48,"id_khong":46,"id":823,"num":null,"khong_name":"คลองโอ่งอ่าง","from_des":"สะพานดำรงสถิตย์","to_des":"แม่น้ำเจ้าพระยา","width_m":"10.0 - 10.0","length_m":900,"deep_m":0,"tor_began":null,"tor_term":null,"budget":0,"budg_sour":null,"mercenary":null,"progress_m":0,"per":0,"remark":null,"lev":null,"shape_leng":1952.9329904,"owner_name":"สำนักการระบายน้","check_neme":"1","hydrop":null,"text4000":null,"namef_pa":"คลองบางลำภู","shape_le_1":450.70899264,"dcode":"1001","dname":"เขตพระนคร","canal_name":"คลองโอ่งอ่าง","risk_status":"monitor","evidence":"ไม่มีหลักฐานปัจจุบันว่าระดับวิกฤต; แสดงเป็นคลอง master","status_date":"2026-09-30","source":"BMA GIS + current situation reports"}},{"type":"Feature","id":49,"geometry":{"type":"LineString","coordinates":[[100.49882413655716,13.773069366194985],[100.5006119399974,13.772145862116583],[100.50134016510721,13.771672372364735],[100.50183322253184,13.771344827286057],[100.50272164661882,13.770713826004958],[100.50386167406567,13.769801664499921],[100.50411104861382,13.769481206368365],[100.50482186701626,13.768685173987858],[100.50511903531212,13.768338214177401],[100.50568665905355,13.767665062311051],[100.50618808867762,13.767134836378512],[100.5064491156008,13.76683680775309],[100.50691590952717,13.766304894233283],[100.50719413653144,13.765989951010923],[100.50776596407717,13.765379580625316],[100.5080786833582,13.765056833267655],[100.5086713637711,13.764405031697253],[100.50905249217872,13.763976848497407],[100.50937662771494,13.763651318957505]]},"properties":{"objectid":49,"id_khong":47,"id":835,"num":null,"khong_name":null,"from_des":null,"to_des":null,"width_m":null,"length_m":0,"deep_m":0,"tor_began":null,"tor_term":null,"budget":0,"budg_sour":null,"mercenary":null,"progress_m":0,"per":0,"remark":null,"lev":null,"shape_leng":0,"owner_name":null,"check_neme":"1","hydrop":null,"text4000":null,"namef_pa":"คลองผดุงกรุงเกษม","shape_le_1":1560.84777584,"dcode":"1001","dname":"เขตพระนคร","canal_name":"","risk_status":"monitor","evidence":"ไม่มีหลักฐานปัจจุบันว่าระดับวิกฤต; แสดงเป็นคลอง master","status_date":"2026-09-30","source":"BMA GIS + current situation reports"}},{"type":"Feature","id":50,"geometry":{"type":"LineString","coordinates":[[100.51200905044539,13.761014744353409],[100.5140313628867,13.764622932739115],[100.51887281770232,13.773497765501324],[100.52207198420338,13.779345404764802],[100.52429450224128,13.783457429476693],[100.5275264417936,13.789397939905857],[100.52983513363328,13.793664891579889],[100.53235790674727,13.798210366171823]]},"properties":{"objectid":50,"id_khong":48,"id":359,"num":null,"khong_name":"คลองเปรมประชากร","from_des":"คลองผดุงกรุงเกษม","to_des":"คลองบางซื่อ","width_m":"12.0-25.0","length_m":6500,"deep_m":0,"tor_began":null,"tor_term":null,"budget":0,"budg_sour":null,"mercenary":null,"progress_m":0,"per":0,"remark":null,"lev":null,"shape_leng":4657.20625461,"owner_name":"สำนักการระบายน้","check_neme":"1","hydrop":null,"text4000":null,"namef_pa":"คลองเปรมประชากร","shape_le_1":4666.33161578,"dcode":"1008","dname":"เขตป้อมปราบศัตรูพ่าย","canal_name":"คลองเปรมประชากร","risk_status":"high_decreasing","evidence":"ระดับยังสูงแต่ลดลง; กทม.รายงาน 30 ก.ย.","status_date":"2026-09-30","source":"BMA GIS + current situation reports"}},{"type":"Feature","id":51,"geometry":{"type":"LineString","coordinates":[[100.42323399752173,13.510113655420785],[100.42194624702627,13.512547221400075],[100.42113067344842,13.514075478221297],[100.42052484097056,13.515299950794516],[100.42022695989633,13.516299709182245],[100.42040291046902,13.517620611918133],[100.42035405012739,13.518528758413742],[100.42049219811705,13.52627364478382]]},"properties":{"objectid":51,"id_khong":49,"id":3215,"num":null,"khong_name":"คลองพิทยาลงกรณ์","from_des":null,"to_des":null,"width_m":null,"length_m":0,"deep_m":0,"tor_began":null,"tor_term":null,"budget":0,"budg_sour":null,"mercenary":null,"progress_m":0,"per":0,"remark":null,"lev":null,"shape_leng":0,"owner_name":null,"check_neme":"1","hydrop":null,"text4000":null,"namef_pa":"คลองพิทยาลงกรณ์","shape_le_1":1864.42827504,"dcode":"1021","dname":"เขตบางขุนเทียน","canal_name":"คลองพิทยาลงกรณ์","risk_status":"monitor","evidence":"ไม่มีหลักฐานปัจจุบันว่าระดับวิกฤต; แสดงเป็นคลอง master","status_date":"2026-09-30","source":"BMA GIS + current situation reports"}},{"type":"Feature","id":52,"geometry":{"type":"LineString","coordinates":[[100.50586993338634,13.755869673856402],[100.50598996671964,13.755692345981252],[100.50605515985922,13.75556063239593],[100.50603464596772,13.755453029936431],[100.50597623099507,13.755261519535411],[100.50587002181041,13.754881778338158],[100.50560916038059,13.753987389422464],[100.50520395089755,13.752281043837844],[100.50511574768153,13.751962104898567]]},"properties":{"objectid":52,"id_khong":50,"id":823,"num":null,"khong_name":"คลองโอ่งอ่าง","from_des":"สะพานดำรงสถิตย์","to_des":"แม่น้ำเจ้าพระยา","width_m":"10.0 - 10.0","length_m":900,"deep_m":0,"tor_began":null,"tor_term":null,"budget":0,"budg_sour":null,"mercenary":null,"progress_m":0,"per":0,"remark":null,"lev":null,"shape_leng":1952.9329904,"owner_name":"สำนักการระบายน้","check_neme":"1","hydrop":null,"text4000":null,"namef_pa":"คลองบางลำภู","shape_le_1":450.70899264,"dcode":"1008","dname":"เขตป้อมปราบศัตรูพ่าย","canal_name":"คลองโอ่งอ่าง","risk_status":"monitor","evidence":"ไม่มีหลักฐานปัจจุบันว่าระดับวิกฤต; แสดงเป็นคลอง master","status_date":"2026-09-30","source":"BMA GIS + current situation reports"}},{"type":"Feature","id":53,"geometry":{"type":"LineString","coordinates":[[100.52385750314185,13.748825819722825],[100.52379680848546,13.748731752850395],[100.52369385374763,13.748269398359616],[100.52362361330047,13.747960660262775],[100.52353438598405,13.747545668228438],[100.5234379791601,13.746987294334836],[100.52327135321909,13.74604065292792],[100.52300429008602,13.744572083016694],[100.52291650975215,13.74406200667939],[100.52275224788643,13.743220817052897],[100.52259797621286,13.742379654972613],[100.52247970961332,13.741788609430333],[100.52225213039475,13.740682107471683],[100.52202678218428,13.739472021192736],[100.52185110028931,13.73840776435955],[100.52148733228985,13.736589312305652],[100.52138328581358,13.73599121835786]]},"properties":{"objectid":53,"id_khong":51,"id":656,"num":null,"khong_name":"คลองสวนหลวง 1","from_des":"คลองแสนแสบ","to_des":"ถนนพระรามที่ 4","width_m":"6.0 - 9.0","length_m":1850,"deep_m":0,"tor_began":null,"tor_term":null,"budget":0,"budg_sour":null,"mercenary":null,"progress_m":0,"per":0,"remark":null,"lev":null,"shape_leng":1444.36342191,"owner_name":"สำนักการระบายน้","check_neme":"0","hydrop":null,"text4000":null,"namef_pa":null,"shape_le_1":1445.91130017,"dcode":"1007","dname":"เขตปทุมวัน","canal_name":"คลองสวนหลวง 1","risk_status":"monitor","evidence":"ไม่มีหลักฐานปัจจุบันว่าระดับวิกฤต; แสดงเป็นคลอง master","status_date":"2026-09-30","source":"BMA GIS + current situation reports"}},{"type":"Feature","id":54,"geometry":{"type":"LineString","coordinates":[[100.36548309451283,13.726336813954838],[100.36933972182155,13.726730485449183],[100.3697936114987,13.72679340333257],[100.37029190095008,13.72684721760205],[100.3711846832769,13.726911402438311],[100.37222632539512,13.727005938990704],[100.37320468914298,13.727101635659901],[100.37515736909764,13.727278488205993],[100.3759339835991,13.72737457503603],[100.37665194377765,13.727402025757682],[100.37805101810355,13.72754497590001],[100.38007479876217,13.727740733727082],[100.38164595850238,13.727868963377885],[100.38318041956366,13.727993321425917],[100.38652632075149,13.728352976553952],[100.38725069864331,13.728460165441424],[100.38776157979092,13.728476184155815],[100.39066604126586,13.728776171799959],[100.39386974421647,13.729057081662498],[100.39430407653585,13.729086714222174],[100.39539036007005,13.729224190773474],[100.3959208720637,13.72925897010268],[100.39770667252641,13.729424565192643],[100.40186027580403,13.729806547495565],[100.40270824512614,13.729898437718365],[100.4040854594308,13.73001686838498],[100.40411680893347,13.730018859634075],[100.4045167184008,13.73005517653518],[100.40480559043836,13.730088057639836],[100.40494999951012,13.730087235875027],[100.4059755666629,13.73016861397061],[100.40627502503965,13.730199534683099],[100.40767094494743,13.730347302641718],[100.41014912965487,13.730558294680206],[100.41396573223605,13.730888670663676],[100.41819448450732,13.731248343175915],[100.42017774657278,13.73140784722032],[100.4216361961169,13.73155535573015],[100.42246153328885,13.731648210162426],[100.42482960605662,13.732120519045978]]},"properties":{"objectid":54,"id_khong":52,"id":2416,"num":null,"khong_name":"คลองบางแวก","from_des":"คลองทวีวัฒนา","to_des":"คลองพระยาราชมนตรี","width_m":"6.0 - 10.0","length_m":6500,"deep_m":0,"tor_began":null,"tor_term":null,"budget":0,"budg_sour":null,"mercenary":null,"progress_m":0,"per":0,"remark":null,"lev":null,"shape_leng":5755.06740106,"owner_name":"สำนักการระบายน้","check_neme":"1","hydrop":null,"text4000":null,"namef_pa":"คลองบางแวก","shape_le_1":6452.23500334,"dcode":"1040","dname":"เขตบางแค","canal_name":"คลองบางแวก","risk_status":"monitor","evidence":"ไม่มีหลักฐานปัจจุบันว่าระดับวิกฤต; แสดงเป็นคลอง master","status_date":"2026-09-30","source":"BMA GIS + current situation reports"}},{"type":"Feature","id":55,"geometry":{"type":"LineString","coordinates":[[100.42620756824918,13.707303360432997],[100.42459660969942,13.706759439427179],[100.42042157254052,13.705292657516924],[100.4154724792842,13.703551322747561],[100.41148828888484,13.702134984460484],[100.40766188747266,13.700822519322834],[100.40343197460538,13.699352671092758],[100.39944471808407,13.697937768898312],[100.39528219286991,13.696438378061462],[100.38448673580474,13.692708108978993],[100.38121503167727,13.691637034024353]]},"properties":{"objectid":55,"id_khong":53,"id":2418,"num":null,"khong_name":"คลองภาษีเจริญ","from_des":"คลองทวีวัฒนา","to_des":"คลองพระยาราชมนตรี","width_m":"15.0 - 30.0","length_m":5200,"deep_m":0,"tor_began":null,"tor_term":null,"budget":0,"budg_sour":null,"mercenary":null,"progress_m":0,"per":0,"remark":null,"lev":null,"shape_leng":5169.58958718,"owner_name":"สำนักการระบายน้","check_neme":"1","hydrop":null,"text4000":null,"namef_pa":"คลองภาษีเจริญ","shape_le_1":5165.9397193899995,"dcode":"1040","dname":"เขตบางแค","canal_name":"คลองภาษีเจริญ","risk_status":"monitor","evidence":"ไม่มีหลักฐานปัจจุบันว่าระดับวิกฤต; แสดงเป็นคลอง master","status_date":"2026-09-30","source":"BMA GIS + current situation reports"}},{"type":"Feature","id":56,"geometry":{"type":"LineString","coordinates":[[100.4133155495967,13.747881283028851],[100.41338358350745,13.747133821133223],[100.41350942569035,13.745345315697211],[100.4136176090626,13.744235926916566],[100.4137257970425,13.743140186242988],[100.4138843790195,13.741852553307183],[100.41390207395584,13.741510006163148],[100.4139341865403,13.741244740189497],[100.41394001270722,13.741211809414386],[100.41400998130219,13.741016009211842],[100.41412602420414,13.740225884644667],[100.41417419694666,13.739943173934202],[100.41426449430242,13.739551767603428],[100.41430469183504,13.739325138068416],[100.41438263651649,13.7387558464145]]},"properties":{"objectid":56,"id_khong":54,"id":2437,"num":null,"khong_name":"คลองเส้ดตาเหนี่ยง","from_des":"คลองบางเชือกหนัง","to_des":"คลองบางไผ่","width_m":null,"length_m":1012,"deep_m":0,"tor_began":null,"tor_term":null,"budget":0,"budg_sour":null,"mercenary":null,"progress_m":0,"per":0,"remark":null,"lev":null,"shape_leng":1016.68535764,"owner_name":null,"check_neme":"1","hydrop":null,"text4000":null,"namef_pa":"คลองตากลั่น","shape_le_1":1017.38198976,"dcode":"1040","dname":"เขตบางแค","canal_name":"คลองเส้ดตาเหนี่ยง","risk_status":"monitor","evidence":"ไม่มีหลักฐานปัจจุบันว่าระดับวิกฤต; แสดงเป็นคลอง master","status_date":"2026-09-30","source":"BMA GIS + current situation reports"}},{"type":"Feature","id":57,"geometry":{"type":"LineString","coordinates":[[100.42482960605662,13.732120519045978],[100.42659988570128,13.732477230767355],[100.42706557179102,13.732571514880753],[100.4282984713359,13.732779485014014],[100.4317493121515,13.733380933970558],[100.43395128149868,13.733655011359437],[100.43649567440166,13.733927076789913],[100.43828014995769,13.73409463893457],[100.43889292962162,13.734152072185129],[100.43977679275282,13.734250400837684],[100.4421580530362,13.734515133057974],[100.442467909422,13.734549563965846],[100.44364192088428,13.73462638932709],[100.4444981372109,13.734716908453033],[100.44496548558567,13.73480735220999],[100.44539764106733,13.734890952063322],[100.44579434052112,13.734937161250132],[100.44633853498999,13.735000581061074],[100.4481900564462,13.73524513124861],[100.44911098840588,13.735418943819866],[100.4494369414435,13.735504244690024],[100.45005845352885,13.735666888016459],[100.45031697205623,13.735734598686115],[100.45049612853778,13.735779547378758],[100.4511311935996,13.735938945244563],[100.45157227277431,13.7361215355265],[100.45249803185578,13.736558395809102],[100.45332456681929,13.736780557873503],[100.45395078252933,13.736814828032706],[100.45450453862777,13.736845275087337],[100.45485919097632,13.736873008713914],[100.4557520930837,13.73695152253754],[100.4558492666285,13.737080189089664],[100.45612487295152,13.737445224653932],[100.45754511959831,13.737795456746563],[100.45814261032746,13.738054834548638],[100.45865039763159,13.738123412195323],[100.4591460556511,13.738228120251195],[100.45963661692336,13.738470231757853],[100.46014418131317,13.738515037976184],[100.46077947679655,13.738463468226565],[100.46118975674625,13.73806681353473],[100.46169988105714,13.738131213679495]]},"properties":{"objectid":57,"id_khong":55,"id":3350,"num":null,"khong_name":"คลองบางแวก","from_des":"คลอพระยาราชมนตรี","to_des":"คลองบางกอกใหญ่","width_m":"6-10","length_m":4150,"deep_m":0,"tor_began":null,"tor_term":null,"budget":0,"budg_sour":null,"mercenary":null,"progress_m":0,"per":0,"remark":null,"lev":null,"shape_leng":4871.32424252,"owner_name":"สนน.","check_neme":"1","hydrop":null,"text4000":null,"namef_pa":"คลองบางแวก","shape_le_1":4106.84582843,"dcode":"1040","dname":"เขตบางแค","canal_name":"คลองบางแวก","risk_status":"monitor","evidence":"ไม่มีหลักฐานปัจจุบันว่าระดับวิกฤต; แสดงเป็นคลอง master","status_date":"2026-09-30","source":"BMA GIS + current situation reports"}},{"type":"Feature","id":58,"geometry":{"type":"LineString","coordinates":[[100.42620756824918,13.707303360432997],[100.42890749385153,13.708266663168315],[100.43071631975654,13.708899788016968],[100.43352547137246,13.709903526145647],[100.43518976192816,13.710498139523166],[100.4356843443347,13.710674849782176],[100.43583126490935,13.710725782934693],[100.43624704548023,13.710869961207395],[100.43633338002286,13.710899916940864],[100.43679714120607,13.711060625599528],[100.43849419731157,13.711649872980301],[100.4405417960818,13.712360432043527],[100.4440058353598,13.71358445257506],[100.44557194914692,13.714137810500437],[100.44865751729917,13.715216659244998],[100.4504820975424,13.715854598068566],[100.45296566952447,13.716718930660061],[100.45560673273086,13.717638071324084],[100.45803271559755,13.718505129279533],[100.45814954913205,13.718546916803424],[100.458287433437,13.718590026352771],[100.45840224240669,13.718637249450943],[100.46041149223505,13.719355358624922],[100.46057906378675,13.719415283012394],[100.46189956666046,13.719841735606053],[100.4630358929104,13.720247219460436],[100.46534790785603,13.72107230702958],[100.46608422589904,13.721335725972695],[100.46998499711124,13.722731282078534],[100.47045902305987,13.722991186619925]]},"properties":{"objectid":58,"id_khong":56,"id":3352,"num":null,"khong_name":"คลองภาษีเจริญ","from_des":"คลอพระยาราชมนตรี","to_des":"คลองบางกอกใหญ่","width_m":"15-30","length_m":5100,"deep_m":0,"tor_began":null,"tor_term":null,"budget":0,"budg_sour":null,"mercenary":null,"progress_m":0,"per":0,"remark":null,"lev":null,"shape_leng":5082.98530386,"owner_name":"สนน.","check_neme":"1","hydrop":null,"text4000":null,"namef_pa":"คลองภาษีเจริญ","shape_le_1":5091.8811903,"dcode":"1040","dname":"เขตบางแค","canal_name":"คลองภาษีเจริญ","risk_status":"monitor","evidence":"ไม่มีหลักฐานปัจจุบันว่าระดับวิกฤต; แสดงเป็นคลอง master","status_date":"2026-09-30","source":"BMA GIS + current situation reports"}},{"type":"Feature","id":59,"geometry":{"type":"LineString","coordinates":[[100.46199214123844,13.744388915849516],[100.46047318038254,13.74406306796817],[100.45963864463302,13.743637541316764],[100.45865985014821,13.743619381363573],[100.45774493933638,13.744005730550878],[100.45738979171347,13.743973666960947],[100.45686153645356,13.743618080221871],[100.45699212256073,13.74297147186858],[100.4568060092487,13.742542103780158],[100.45639946907487,13.742090086625891],[100.45539517277565,13.741892664994955],[100.45483630207121,13.742517848884638],[100.45439596691486,13.742532375084066],[100.45400133767326,13.74202054429735],[100.45338842374747,13.741820807060614],[100.45242998471592,13.741132894711768],[100.45176893462227,13.741053005939943],[100.45116908296461,13.741166253385824],[100.45065601332097,13.741107452772217],[100.45015866398809,13.740629387801516],[100.4498198139286,13.740394770487827],[100.44918557444878,13.740855536655753],[100.44884188602519,13.74078886790346],[100.44813139934566,13.740356877451818],[100.447676439137,13.740298903543493],[100.44732386670351,13.740337756171671],[100.44678403330758,13.740589370921537],[100.44615177440038,13.740715269185799],[100.44511139816986,13.740625745447263],[100.44469819264782,13.740587766568144],[100.44402383429033,13.740525829405215],[100.44400979672392,13.740524555626783],[100.44323749849089,13.740145421325673],[100.44245471114947,13.740282493182587],[100.44136540166393,13.740308200956822],[100.44065124516827,13.740496381329669],[100.43993864886781,13.740178525230018],[100.43958963855577,13.740051773349727],[100.43900572915527,13.740004567774351],[100.43833768974649,13.740040638155877],[100.43775317150642,13.739993523533355],[100.43743360029391,13.739967729770008],[100.43631382015565,13.740011035576448],[100.43551375166476,13.740015692114923],[100.43498225095499,13.740060177597607],[100.43374107733143,13.740279059116252],[100.43254577991272,13.740280489362268],[100.4322733556836,13.740384198505922],[100.4320835480367,13.74060690778706],[100.43194628346214,13.740767945296252],[100.43163429286794,13.741312568147006],[100.4314531106239,13.74165009766605],[100.43121995747445,13.742055712578217],[100.43084489329226,13.7422971196244],[100.4304452552154,13.74235926827282],[100.42973386217973,13.742239122357942],[100.4291829981184,13.74221013962435],[100.42835509769922,13.742279375119532],[100.42772300642228,13.742297584642959],[100.42755993361158,13.742302325095569],[100.42676586242374,13.74251858525415],[100.4259446900961,13.742717375879524],[100.42546428555016,13.742903440339276],[100.4250289730057,13.743409364125965],[100.42466331151296,13.743492274064879],[100.42419387503423,13.743525262580576],[100.42349249095909,13.743673826260856],[100.4229333822966,13.743833497866982],[100.42285773983384,13.743858607184876],[100.42232747732452,13.744034830909635],[100.42170693765436,13.74414885109184],[100.42127850529172,13.744280109805315],[100.42090910356764,13.744565304734136],[100.42032384352345,13.74501713460767],[100.41973409008513,13.745558824841138],[100.41861760242031,13.746167895408883],[100.4177361893634,13.746725087114351],[100.41686767971079,13.747146183101416],[100.4159847308745,13.747411002827917],[100.41546530631548,13.747451492530104],[100.4133155495967,13.747881283028851],[100.41305812085321,13.747932738113168],[100.41191053727319,13.748231506569512],[100.4084488298531,13.748970630706154],[100.40452637219245,13.749659642326797],[100.40357804376863,13.74983441346994],[100.40209758255739,13.750235715087603],[100.39894607902589,13.75067849040528],[100.39662807298681,13.751025403998288],[100.39429244574892,13.75130840788535],[100.39028641062473,13.7518721349582],[100.38951724884741,13.75199351263327],[100.3870658509954,13.752278276393655],[100.3864615921334,13.752341959472387],[100.38625610598969,13.752371855391024],[100.38458247922401,13.752534455559253],[100.38422524661777,13.752565111696615],[100.38394141900964,13.752590656326495],[100.38356470185933,13.752640672122391],[100.38225346309608,13.752820292068966],[100.37957964415814,13.753151510520878],[100.37532040767077,13.753438136868903],[100.37322132461895,13.753575016501813],[100.36632796357517,13.753843612423083],[100.36309892243905,13.7538682684378],[100.36097492436642,13.753550478104517],[100.35255586525642,13.752111046455727]]},"properties":{"objectid":59,"id_khong":57,"id":3851,"num":null,"khong_name":"คลองบางเชือกหนัง","from_des":"คลองทวีวัฒนา","to_des":"สุดเขต","width_m":"6.0 - 10.0","length_m":12700,"deep_m":0,"tor_began":null,"tor_term":null,"budget":0,"budg_sour":null,"mercenary":null,"progress_m":0,"per":0,"remark":null,"lev":null,"shape_leng":12545.4496898,"owner_name":"สำนักการระบายน้","check_neme":"1","hydrop":null,"text4000":null,"namef_pa":"คลองบางเชือกหนัง","shape_le_1":12543.9903807,"dcode":"1040","dname":"เขตบางแค","canal_name":"คลองบางเชือกหนัง","risk_status":"monitor","evidence":"ไม่มีหลักฐานปัจจุบันว่าระดับวิกฤต; แสดงเป็นคลอง master","status_date":"2026-09-30","source":"BMA GIS + current situation reports"}},{"type":"Feature","id":60,"geometry":{"type":"LineString","coordinates":[[100.58642189089521,13.85882742571092],[100.58679009252836,13.857509587830233],[100.5869825919908,13.857200263210116],[100.58724592312718,13.85644765713961],[100.5872919662402,13.854522169285811],[100.5872987828951,13.853706249337502],[100.58730059300844,13.852883221883065],[100.58732075344894,13.852594353456455],[100.58741121072751,13.852131697181692],[100.58750037521258,13.851849520411697],[100.58756294582253,13.851627704119727],[100.58759902661352,13.851492725623958],[100.5880685864913,13.849915767390078],[100.58824877715828,13.848884631433986],[100.58833986940618,13.848156548427546]]},"properties":{"objectid":60,"id_khong":139,"id":273,"num":null,"khong_name":"คลองลาพร้าว","from_des":null,"to_des":null,"width_m":null,"length_m":0,"deep_m":0,"tor_began":null,"tor_term":null,"budget":0,"budg_sour":null,"mercenary":null,"progress_m":0,"per":0,"remark":null,"lev":null,"shape_leng":0,"owner_name":null,"check_neme":"1","hydrop":null,"text4000":null,"namef_pa":"คลองชลประทาน","shape_le_1":1209.8736808299998,"dcode":"1030","dname":"เขตจตุจักร","canal_name":"คลองลาดพร้าว","risk_status":"watch_improving","evidence":"วิกฤตช่วงบน 29 ก.ย.; 30 ก.ย.ไม่อยู่ใน 3 คลองหลักที่ยังสูง","status_date":"2026-09-30","source":"BMA GIS + current situation reports"}},{"type":"Feature","id":61,"geometry":{"type":"LineString","coordinates":[[100.70888233066216,13.723964300530458],[100.70745718834932,13.724051784380597],[100.70664944992816,13.724060711164297],[100.70540584996827,13.723951191853288],[100.70379049519983,13.723986018355008],[100.70182294463757,13.724013048866835],[100.70065595272033,13.723997502621069],[100.69933007216095,13.723959366567506],[100.69794979713454,13.724043053335512],[100.69669351279951,13.724088828470526],[100.69518834385948,13.724085700136868],[100.69414867518562,13.72401855207611],[100.69251883331997,13.723958878788398],[100.69097257716304,13.724009956304354],[100.68981592687342,13.723980731648977],[100.68890093261079,13.723959970547996],[100.68836920826062,13.72395348570357],[100.6871062489961,13.724026278071568],[100.68597056970258,13.724040812037417],[100.68474852023455,13.724045718089311],[100.68384379530494,13.724011403177503],[100.68247684472925,13.724030840364378],[100.68155829333512,13.724003389360243],[100.6805848642072,13.724010015583225],[100.67926240087391,13.723981869613835],[100.67759480187976,13.723952717831803],[100.67612055138204,13.72393570756742],[100.67431488699482,13.723917592135404],[100.67314423495569,13.723871485990301],[100.6724319523513,13.723710934758858],[100.67000351446384,13.723005136031762],[100.66730229926154,13.722297720413009],[100.66518241689245,13.721775407635915],[100.66340121801774,13.721311523138606],[100.66220789643103,13.72097868235748],[100.66030877281804,13.720439657083908],[100.65768682748853,13.719701231981572],[100.65576463747102,13.719305741580175],[100.65374185593801,13.718850180547102],[100.6525585694531,13.718466615493725],[100.65088411048819,13.717954657961572],[100.64974967594868,13.71765506737067],[100.64785844647866,13.71723571848538]]},"properties":{"objectid":61,"id_khong":58,"id":696,"num":null,"khong_name":"คลองประเวศบุรีรมณ์","from_des":null,"to_des":null,"width_m":null,"length_m":0,"deep_m":0,"tor_began":null,"tor_term":null,"budget":0,"budg_sour":null,"mercenary":null,"progress_m":0,"per":0,"remark":null,"lev":null,"shape_leng":0,"owner_name":null,"check_neme":"1","hydrop":null,"text4000":null,"namef_pa":"คลองประเวศบุรีรมณ์","shape_le_1":6701.13627385,"dcode":"1034","dname":"เขตสวนหลวง","canal_name":"คลองประเวศบุรีรมย์","risk_status":"high_decreasing","evidence":"ระดับยังสูงแต่ลดลง; กทม.รายงาน 30 ก.ย.","status_date":"2026-09-30","source":"BMA GIS + current situation reports"}},{"type":"Feature","id":62,"geometry":{"type":"LineString","coordinates":[[100.64785844647866,13.71723571848538],[100.64491909775808,13.71646212457704],[100.64153930774512,13.715605838790607],[100.63921803524394,13.714952867006469],[100.63763121841276,13.714760054205122]]},"properties":{"objectid":62,"id_khong":59,"id":1128,"num":null,"khong_name":"คลองพระโขนง","from_des":"คลองขุนสกล","to_des":"คลองหนองบอน","width_m":"5.0 - 10.0","length_m":1680,"deep_m":0,"tor_began":null,"tor_term":null,"budget":0,"budg_sour":null,"mercenary":null,"progress_m":0,"per":0,"remark":null,"lev":null,"shape_leng":1554.9188837099998,"owner_name":"สำนักงานเขต","check_neme":"1","hydrop":null,"text4000":null,"namef_pa":"คลองประเวศบุรีรมย์","shape_le_1":1141.12237308,"dcode":"1034","dname":"เขตสวนหลวง","canal_name":"คลองพระโขนง","risk_status":"monitor","evidence":"ไม่มีหลักฐานปัจจุบันว่าระดับวิกฤต; แสดงเป็นคลอง master","status_date":"2026-09-30","source":"BMA GIS + current situation reports"}},{"type":"Feature","id":63,"geometry":{"type":"LineString","coordinates":[[100.62708000231903,13.713656192208594],[100.62745560321721,13.71335531351647],[100.627677515031,13.713165700055804],[100.6279143690572,13.71283229676161],[100.62805861761433,13.71262367406242],[100.62859906720458,13.71213934001975],[100.62903629185558,13.711787625926124],[100.62930165090819,13.711508979669304],[100.62968925208722,13.711335262071424],[100.63008558259538,13.711255561834907],[100.63051896156472,13.710932609257913],[100.63055169229186,13.71083705243322],[100.6306068898205,13.71050611083539],[100.63065902318819,13.710117804841735],[100.63062829261092,13.70973004455681],[100.63059500014083,13.709556480617668],[100.63067328357656,13.70927897770058],[100.63090503756355,13.708980940950875],[100.63124590624443,13.708608984956387],[100.63134250167847,13.70809097327312],[100.63139422764822,13.707643838194942],[100.63142453172004,13.707196843560855],[100.631498640731,13.706701212404749],[100.63161428564456,13.706226182582173],[100.63177887660189,13.70568558126316],[100.63198537812728,13.705208686307992],[100.63209649742677,13.704851259314305],[100.63230680174341,13.704538995070942],[100.63247947015721,13.704196884922899],[100.63273548302983,13.703538017208517]]},"properties":{"objectid":63,"id_khong":60,"id":1158,"num":null,"khong_name":"คลองเคล็ด","from_des":null,"to_des":null,"width_m":null,"length_m":0,"deep_m":0,"tor_began":null,"tor_term":null,"budget":0,"budg_sour":null,"mercenary":null,"progress_m":0,"per":0,"remark":null,"lev":null,"shape_leng":0,"owner_name":null,"check_neme":"1","hydrop":null,"text4000":null,"namef_pa":"คลองเคล็ด","shape_le_1":1360.94303229,"dcode":"1034","dname":"เขตสวนหลวง","canal_name":"คลองเคล็ด","risk_status":"monitor","evidence":"ไม่มีหลักฐานปัจจุบันว่าระดับวิกฤต; แสดงเป็นคลอง master","status_date":"2026-09-30","source":"BMA GIS + current situation reports"}},{"type":"Feature","id":64,"geometry":{"type":"LineString","coordinates":[[100.62571265931096,13.712397012457187],[100.62569784371729,13.712382107952159],[100.6247041191622,13.71298174905434],[100.62449607349028,13.713569535498683],[100.62436179260206,13.714263835707403],[100.62407363634581,13.714831724989754],[100.62313609822633,13.714479291879606],[100.62232994463301,13.714463799499681],[100.62219794586261,13.71358200971997],[100.62207630178652,13.713086579512161],[100.62140746547293,13.712495149934774],[100.62134581899213,13.710866339709156],[100.62108927534305,13.710275637636112],[100.62048838845713,13.711020081415842],[100.61950841181024,13.71154704284262],[100.61882481597414,13.711425905265246],[100.6181108158001,13.710393838367413],[100.61669364272078,13.70990941122056],[100.61593687996199,13.71001313569937],[100.61573899211012,13.710606815323414],[100.61640049212679,13.711343085218642],[100.61584994225738,13.712817934351314],[100.61532528490106,13.713208063142659],[100.6146466965478,13.713329257834067],[100.61413399148108,13.712858336816835],[100.61332875585664,13.712597359620627],[100.61262387217867,13.71289819797973],[100.61232530253322,13.713541875848856],[100.61215097168518,13.71555568053133],[100.61067212950778,13.715478115894019],[100.60890734520885,13.71584052649446],[100.60749365697033,13.715893738208454],[100.60668304324913,13.715504085108678]]},"properties":{"objectid":64,"id_khong":61,"id":1167,"num":null,"khong_name":"คลองพระโขนง","from_des":"แม่น้ำเจ้าพระยา","to_des":"ซอยสวนหลวง","width_m":"18.0 - 36.0","length_m":5500,"deep_m":0,"tor_began":null,"tor_term":null,"budget":0,"budg_sour":null,"mercenary":null,"progress_m":0,"per":0,"remark":null,"lev":null,"shape_leng":8898.93781024,"owner_name":"สำนักการระบายน้","check_neme":"1","hydrop":null,"text4000":null,"namef_pa":"คลองพระโขนง","shape_le_1":3385.25120543,"dcode":"1034","dname":"เขตสวนหลวง","canal_name":"คลองพระโขนง","risk_status":"monitor","evidence":"ไม่มีหลักฐานปัจจุบันว่าระดับวิกฤต; แสดงเป็นคลอง master","status_date":"2026-09-30","source":"BMA GIS + current situation reports"}},{"type":"Feature","id":65,"geometry":{"type":"LineString","coordinates":[[100.63763234697409,13.7147578773884],[100.63600983013397,13.714583816621046],[100.63457243133541,13.71488567789464],[100.63353332323985,13.714950386404679],[100.63272132382933,13.714673615312256],[100.63113176921168,13.715088612885605],[100.6294062413896,13.715453979707759],[100.62899055220032,13.715170695748128],[100.6281690253252,13.715026546219311],[100.62806430412694,13.714466393095087],[100.62676626590657,13.71339789870397],[100.6260234844809,13.712709007281184],[100.62571265931096,13.712397012457187]]},"properties":{"objectid":65,"id_khong":62,"id":1168,"num":null,"khong_name":"คลองพระโขนง","from_des":"แม่น้ำเจ้าพระยา","to_des":"ซอยสวนหลวง","width_m":"18.0 - 36.0","length_m":5500,"deep_m":0,"tor_began":null,"tor_term":null,"budget":0,"budg_sour":null,"mercenary":null,"progress_m":0,"per":0,"remark":null,"lev":null,"shape_leng":8898.93781024,"owner_name":"สำนักการระบายน้","check_neme":"1","hydrop":null,"text4000":null,"namef_pa":"คลองประเวศบุรีรมย์","shape_le_1":1460.68833235,"dcode":"1034","dname":"เขตสวนหลวง","canal_name":"คลองพระโขนง","risk_status":"monitor","evidence":"ไม่มีหลักฐานปัจจุบันว่าระดับวิกฤต; แสดงเป็นคลอง master","status_date":"2026-09-30","source":"BMA GIS + current situation reports"}},{"type":"Feature","id":66,"geometry":{"type":"LineString","coordinates":[[100.59789776790011,13.740940176861104],[100.59868792520011,13.74078612464541],[100.59881944124608,13.740627482226367],[100.59884222406103,13.740445506053332],[100.59837863853701,13.739195320441274],[100.59827834835832,13.738617679910782],[100.59829470748093,13.738354048626016],[100.59876276605378,13.738116591161807],[100.5998680207171,13.738028182188113],[100.60075427880454,13.73812762663835],[100.60174152431661,13.737963430569998],[100.60268565350344,13.73792856100049],[100.60482662353463,13.73761804470175],[100.6048309254977,13.73736515638195],[100.60469389301578,13.736633764652955],[100.60457577711166,13.735567150459731],[100.60445683172406,13.734871608803747],[100.60444252360527,13.734247684501085],[100.60454504184834,13.733021845727386],[100.60452843342179,13.732059674200674],[100.6046979398963,13.730807193023875],[100.60481053489035,13.729078821675984],[100.604848916117,13.728310049549258],[100.60515533875906,13.727414640926497],[100.6053521752615,13.726717136415902],[100.60534540603015,13.725722005082693],[100.60532576543788,13.725311573739768],[100.60538758226785,13.724020389441108],[100.60544466432125,13.723524057659063],[100.60558634347021,13.722619869113466],[100.60573969376712,13.721952198560608],[100.60579503344151,13.721199674001502],[100.60574591841718,13.720894536429965],[100.60518712106472,13.720238000713808]]},"properties":{"objectid":66,"id_khong":63,"id":1126,"num":null,"khong_name":"_______","from_des":"__________","to_des":"___________","width_m":"18.0 - 33.0","length_m":3400,"deep_m":0,"tor_began":null,"tor_term":null,"budget":0,"budg_sour":null,"mercenary":null,"progress_m":0,"per":0,"remark":null,"lev":null,"shape_leng":3054.52616314,"owner_name":"_______________","check_neme":"1","hydrop":null,"text4000":null,"namef_pa":"คลองตัน","shape_le_1":3051.63154609,"dcode":"1039","dname":"เขตวัฒนา","canal_name":"_______","risk_status":"monitor","evidence":"ไม่มีหลักฐานปัจจุบันว่าระดับวิกฤต; แสดงเป็นคลอง master","status_date":"2026-09-30","source":"BMA GIS + current situation reports"}},{"type":"Feature","id":67,"geometry":{"type":"LineString","coordinates":[[100.62571265931096,13.712397012457187],[100.62569784371729,13.712382107952159],[100.6247041191622,13.71298174905434],[100.62449607349028,13.713569535498683],[100.62436179260206,13.714263835707403],[100.62407363634581,13.714831724989754],[100.62313609822633,13.714479291879606],[100.62232994463301,13.714463799499681],[100.62219794586261,13.71358200971997],[100.62207630178652,13.713086579512161],[100.62140746547293,13.712495149934774],[100.62134581899213,13.710866339709156],[100.62108927534305,13.710275637636112],[100.62048838845713,13.711020081415842],[100.61950841181024,13.71154704284262],[100.61882481597414,13.711425905265246],[100.6181108158001,13.710393838367413],[100.61669364272078,13.70990941122056],[100.61593687996199,13.71001313569937],[100.61573899211012,13.710606815323414],[100.61640049212679,13.711343085218642],[100.61584994225738,13.712817934351314],[100.61532528490106,13.713208063142659],[100.6146466965478,13.713329257834067],[100.61413399148108,13.712858336816835],[100.61332875585664,13.712597359620627],[100.61262387217867,13.71289819797973],[100.61232530253322,13.713541875848856],[100.61215097168518,13.71555568053133],[100.61067212950778,13.715478115894019],[100.60890734520885,13.71584052649446],[100.60749365697033,13.715893738208454],[100.60668304324913,13.715504085108678]]},"properties":{"objectid":67,"id_khong":64,"id":1167,"num":null,"khong_name":"คลองพระโขนง","from_des":"แม่น้ำเจ้าพระยา","to_des":"ซอยสวนหลวง","width_m":"18.0 - 36.0","length_m":5500,"deep_m":0,"tor_began":null,"tor_term":null,"budget":0,"budg_sour":null,"mercenary":null,"progress_m":0,"per":0,"remark":null,"lev":null,"shape_leng":8898.93781024,"owner_name":"สำนักการระบายน้","check_neme":"1","hydrop":null,"text4000":null,"namef_pa":"คลองพระโขนง","shape_le_1":3385.25120543,"dcode":"1039","dname":"เขตวัฒนา","canal_name":"คลองพระโขนง","risk_status":"monitor","evidence":"ไม่มีหลักฐานปัจจุบันว่าระดับวิกฤต; แสดงเป็นคลอง master","status_date":"2026-09-30","source":"BMA GIS + current situation reports"}},{"type":"Feature","id":68,"geometry":{"type":"LineString","coordinates":[[100.60518712106472,13.720238000713808],[100.60521153668728,13.719971787158443],[100.6058577346141,13.719747351342976],[100.60640404837818,13.719330799869097],[100.60672555315199,13.718984572485256],[100.60666771622041,13.718764622319286],[100.60639880370063,13.718559870764818],[100.60607383387222,13.718396784428228],[100.60602367361817,13.718262908009489],[100.60629337299552,13.717552186463607],[100.60655930779802,13.716277117494508],[100.60652104411363,13.715829935160535],[100.6062341000189,13.715047101377875],[100.60555239279255,13.714184231546088],[100.60479119756495,13.714065275825797],[100.60364935981062,13.713880014411037],[100.60300069980637,13.713739627808616],[100.60229518971148,13.713523965630937],[100.6018416624014,13.71308634225257],[100.60175346260134,13.712536276554623],[100.60164770825224,13.711476986543408],[100.60151839677319,13.711092387431016],[100.6012645489721,13.711038905538436],[100.6007591709066,13.7112625059251],[100.5999599483709,13.711763190930832],[100.59928591439864,13.712029180647468],[100.59857075240733,13.712222504799072],[100.59823086453135,13.712173642086128],[100.59789180604096,13.712010634512982],[100.59742223287836,13.711284093960499],[100.59687761546897,13.710248421636663]]},"properties":{"objectid":68,"id_khong":65,"id":1734,"num":null,"khong_name":null,"from_des":null,"to_des":null,"width_m":null,"length_m":0,"deep_m":0,"tor_began":null,"tor_term":null,"budget":0,"budg_sour":null,"mercenary":null,"progress_m":0,"per":0,"remark":null,"lev":null,"shape_leng":0,"owner_name":null,"check_neme":"1","hydrop":null,"text4000":null,"namef_pa":"คลองพระโขนง","shape_le_1":2142.82520095,"dcode":"1039","dname":"เขตวัฒนา","canal_name":"","risk_status":"monitor","evidence":"ไม่มีหลักฐานปัจจุบันว่าระดับวิกฤต; แสดงเป็นคลอง master","status_date":"2026-09-30","source":"BMA GIS + current situation reports"}},{"type":"Feature","id":69,"geometry":{"type":"LineString","coordinates":[[100.46199206597467,13.744389006691224],[100.4624785850364,13.744296648772318],[100.46276492222775,13.744274254681724],[100.46299326199411,13.74419544764714],[100.4632497860239,13.744062697813913],[100.46371856264683,13.743728774931277],[100.46445110733593,13.743360930102295],[100.46507113927251,13.743305642184218],[100.46546473300569,13.743266791502078],[100.46589303474292,13.743156698488418],[100.46632076179365,13.742954151743987],[100.46688500222746,13.742951971123489],[100.46806748072049,13.74293725436662],[100.46968753543962,13.74306525094601],[100.4705809826616,13.74310511445269],[100.47139771477144,13.74319269909967],[100.47211381773451,13.743369089232662],[100.47258724799009,13.743428623227882],[100.47339119408,13.743580806916704],[100.47405368590242,13.74367038856749],[100.47443786465651,13.743784678509282],[100.4746809362433,13.743928460450846],[100.47512896922869,13.744279153793038],[100.4754353782849,13.744576829743096],[100.47554341451057,13.744538495901237],[100.47625528884716,13.74425804561161],[100.47697993902884,13.744008876758608],[100.47708811512689,13.744078089835822],[100.47721257159961,13.744275179390819],[100.47728179764232,13.744431838760079],[100.47736235819707,13.744657116855322],[100.47771919370288,13.745408178248823],[100.47806756785171,13.746244333175175],[100.47824163531463,13.746290646840947],[100.47883399073405,13.746028979804766],[100.47952172610799,13.745887211296978],[100.4801339621418,13.745986838089225],[100.48072121666362,13.745957465237677],[100.48142539158525,13.745981162765936],[100.48212722246662,13.746068406361667],[100.48280202799934,13.746235342467616],[100.4835629931651,13.746546901586592],[100.48455317473096,13.746919438956205],[100.48516850057902,13.747181982388787],[100.4862099654728,13.747536309173858],[100.48696776361527,13.747803863757296],[100.48761383532108,13.748032233126114],[100.48820022598633,13.748215773538337]]},"properties":{"objectid":69,"id_khong":66,"id":2537,"num":null,"khong_name":"คลองมอญ","from_des":"แม่น้ำเจ้าพระยา","to_des":"คลองบางกอกใหญ่","width_m":"10-15","length_m":2950,"deep_m":0,"tor_began":null,"tor_term":null,"budget":0,"budg_sour":null,"mercenary":null,"progress_m":0,"per":0,"remark":null,"lev":null,"shape_leng":3162.34756947,"owner_name":"สนน.","check_neme":"1","hydrop":null,"text4000":null,"namef_pa":"คลองมอญ","shape_le_1":3132.19085461,"dcode":"1016","dname":"เขตบางกอกใหญ่","canal_name":"คลองมอญ","risk_status":"monitor","evidence":"ไม่มีหลักฐานปัจจุบันว่าระดับวิกฤต; แสดงเป็นคลอง master","status_date":"2026-09-30","source":"BMA GIS + current situation reports"}},{"type":"Feature","id":70,"geometry":{"type":"LineString","coordinates":[[100.58833986940618,13.848156548427546],[100.58839959500405,13.847886672884863],[100.58843078180944,13.847761305618496],[100.5886716922888,13.846607052178507],[100.58873388945979,13.846341859050533]]},"properties":{"objectid":70,"id_khong":140,"id":274,"num":null,"khong_name":"คลองบางบัว","from_des":null,"to_des":null,"width_m":null,"length_m":0,"deep_m":0,"tor_began":null,"tor_term":null,"budget":0,"budg_sour":null,"mercenary":null,"progress_m":0,"per":0,"remark":null,"lev":null,"shape_leng":0,"owner_name":null,"check_neme":"1","hydrop":null,"text4000":null,"namef_pa":"คลองบางบัว","shape_le_1":205.24930903,"dcode":"1030","dname":"เขตจตุจักร","canal_name":"คลองบางบัว","risk_status":"monitor","evidence":"ไม่มีหลักฐานปัจจุบันว่าระดับวิกฤต; แสดงเป็นคลอง master","status_date":"2026-09-30","source":"BMA GIS + current situation reports"}},{"type":"Feature","id":71,"geometry":{"type":"LineString","coordinates":[[100.46199206597467,13.744389006691224],[100.46208273788893,13.744759287179058],[100.46211638645202,13.745033201396742],[100.46214011038248,13.74630069119101],[100.46224199914757,13.747347738886425],[100.46234258418296,13.748172285504808],[100.46241191182504,13.748702839589406],[100.46237388210649,13.749258884627578],[100.46225012229499,13.749872917923406],[100.4620871013258,13.750771148912397],[100.46189359307066,13.751548816631601],[100.46160880717196,13.75235097579411],[100.4613433635434,13.75275590256233],[100.46089248010834,13.75343305973523],[100.4605950749527,13.75400880778314],[100.45990259569177,13.755335218589673],[100.45817656068138,13.758067689195107],[100.4579288758399,13.758473050541987]]},"properties":{"objectid":71,"id_khong":67,"id":2173,"num":null,"khong_name":"คลองบางขุนศรี(ชักพระ)","from_des":"คลองบางกอกน้อย","to_des":"คลองมอญ","width_m":"5-23","length_m":4400,"deep_m":0,"tor_began":null,"tor_term":null,"budget":0,"budg_sour":null,"mercenary":null,"progress_m":0,"per":0,"remark":null,"lev":null,"shape_leng":5199.05187365,"owner_name":"สำนักงานเขต","check_neme":"1","hydrop":null,"text4000":null,"namef_pa":"คลองบางขุนศรี","shape_le_1":1680.72427207,"dcode":"1022","dname":"เขตภาษีเจริญ","canal_name":"คลองบางขุนศรี(ชักพระ)","risk_status":"monitor","evidence":"ไม่มีหลักฐานปัจจุบันว่าระดับวิกฤต; แสดงเป็นคลอง master","status_date":"2026-09-30","source":"BMA GIS + current situation reports"}},{"type":"Feature","id":72,"geometry":{"type":"LineString","coordinates":[[100.36548309451283,13.726336813954838],[100.36933972182155,13.726730485449183],[100.3697936114987,13.72679340333257],[100.37029190095008,13.72684721760205],[100.3711846832769,13.726911402438311],[100.37222632539512,13.727005938990704],[100.37320468914298,13.727101635659901],[100.37515736909764,13.727278488205993],[100.3759339835991,13.72737457503603],[100.37665194377765,13.727402025757682],[100.37805101810355,13.72754497590001],[100.38007479876217,13.727740733727082],[100.38164595850238,13.727868963377885],[100.38318041956366,13.727993321425917],[100.38652632075149,13.728352976553952],[100.38725069864331,13.728460165441424],[100.38776157979092,13.728476184155815],[100.39066604126586,13.728776171799959],[100.39386974421647,13.729057081662498],[100.39430407653585,13.729086714222174],[100.39539036007005,13.729224190773474],[100.3959208720637,13.72925897010268],[100.39770667252641,13.729424565192643],[100.40186027580403,13.729806547495565],[100.40270824512614,13.729898437718365],[100.4040854594308,13.73001686838498],[100.40411680893347,13.730018859634075],[100.4045167184008,13.73005517653518],[100.40480559043836,13.730088057639836],[100.40494999951012,13.730087235875027],[100.4059755666629,13.73016861397061],[100.40627502503965,13.730199534683099],[100.40767094494743,13.730347302641718],[100.41014912965487,13.730558294680206],[100.41396573223605,13.730888670663676],[100.41819448450732,13.731248343175915],[100.42017774657278,13.73140784722032],[100.4216361961169,13.73155535573015],[100.42246153328885,13.731648210162426],[100.42482960605662,13.732120519045978]]},"properties":{"objectid":72,"id_khong":68,"id":2416,"num":null,"khong_name":"คลองบางแวก","from_des":"คลองทวีวัฒนา","to_des":"คลองพระยาราชมนตรี","width_m":"6.0 - 10.0","length_m":6500,"deep_m":0,"tor_began":null,"tor_term":null,"budget":0,"budg_sour":null,"mercenary":null,"progress_m":0,"per":0,"remark":null,"lev":null,"shape_leng":5755.06740106,"owner_name":"สำนักการระบายน้","check_neme":"1","hydrop":null,"text4000":null,"namef_pa":"คลองบางแวก","shape_le_1":6452.23500334,"dcode":"1022","dname":"เขตภาษีเจริญ","canal_name":"คลองบางแวก","risk_status":"monitor","evidence":"ไม่มีหลักฐานปัจจุบันว่าระดับวิกฤต; แสดงเป็นคลอง master","status_date":"2026-09-30","source":"BMA GIS + current situation reports"}},{"type":"Feature","id":73,"geometry":{"type":"LineString","coordinates":[[100.46199206597467,13.744389006691224],[100.4624785850364,13.744296648772318],[100.46276492222775,13.744274254681724],[100.46299326199411,13.74419544764714],[100.4632497860239,13.744062697813913],[100.46371856264683,13.743728774931277],[100.46445110733593,13.743360930102295],[100.46507113927251,13.743305642184218],[100.46546473300569,13.743266791502078],[100.46589303474292,13.743156698488418],[100.46632076179365,13.742954151743987],[100.46688500222746,13.742951971123489],[100.46806748072049,13.74293725436662],[100.46968753543962,13.74306525094601],[100.4705809826616,13.74310511445269],[100.47139771477144,13.74319269909967],[100.47211381773451,13.743369089232662],[100.47258724799009,13.743428623227882],[100.47339119408,13.743580806916704],[100.47405368590242,13.74367038856749],[100.47443786465651,13.743784678509282],[100.4746809362433,13.743928460450846],[100.47512896922869,13.744279153793038],[100.4754353782849,13.744576829743096],[100.47554341451057,13.744538495901237],[100.47625528884716,13.74425804561161],[100.47697993902884,13.744008876758608],[100.47708811512689,13.744078089835822],[100.47721257159961,13.744275179390819],[100.47728179764232,13.744431838760079],[100.47736235819707,13.744657116855322],[100.47771919370288,13.745408178248823],[100.47806756785171,13.746244333175175],[100.47824163531463,13.746290646840947],[100.47883399073405,13.746028979804766],[100.47952172610799,13.745887211296978],[100.4801339621418,13.745986838089225],[100.48072121666362,13.745957465237677],[100.48142539158525,13.745981162765936],[100.48212722246662,13.746068406361667],[100.48280202799934,13.746235342467616],[100.4835629931651,13.746546901586592],[100.48455317473096,13.746919438956205],[100.48516850057902,13.747181982388787],[100.4862099654728,13.747536309173858],[100.48696776361527,13.747803863757296],[100.48761383532108,13.748032233126114],[100.48820022598633,13.748215773538337]]},"properties":{"objectid":73,"id_khong":69,"id":2537,"num":null,"khong_name":"คลองมอญ","from_des":"แม่น้ำเจ้าพระยา","to_des":"คลองบางกอกใหญ่","width_m":"10-15","length_m":2950,"deep_m":0,"tor_began":null,"tor_term":null,"budget":0,"budg_sour":null,"mercenary":null,"progress_m":0,"per":0,"remark":null,"lev":null,"shape_leng":3162.34756947,"owner_name":"สนน.","check_neme":"1","hydrop":null,"text4000":null,"namef_pa":"คลองมอญ","shape_le_1":3132.19085461,"dcode":"1022","dname":"เขตภาษีเจริญ","canal_name":"คลองมอญ","risk_status":"monitor","evidence":"ไม่มีหลักฐานปัจจุบันว่าระดับวิกฤต; แสดงเป็นคลอง master","status_date":"2026-09-30","source":"BMA GIS + current situation reports"}},{"type":"Feature","id":74,"geometry":{"type":"LineString","coordinates":[[100.42482960605662,13.732120519045978],[100.42659988570128,13.732477230767355],[100.42706557179102,13.732571514880753],[100.4282984713359,13.732779485014014],[100.4317493121515,13.733380933970558],[100.43395128149868,13.733655011359437],[100.43649567440166,13.733927076789913],[100.43828014995769,13.73409463893457],[100.43889292962162,13.734152072185129],[100.43977679275282,13.734250400837684],[100.4421580530362,13.734515133057974],[100.442467909422,13.734549563965846],[100.44364192088428,13.73462638932709],[100.4444981372109,13.734716908453033],[100.44496548558567,13.73480735220999],[100.44539764106733,13.734890952063322],[100.44579434052112,13.734937161250132],[100.44633853498999,13.735000581061074],[100.4481900564462,13.73524513124861],[100.44911098840588,13.735418943819866],[100.4494369414435,13.735504244690024],[100.45005845352885,13.735666888016459],[100.45031697205623,13.735734598686115],[100.45049612853778,13.735779547378758],[100.4511311935996,13.735938945244563],[100.45157227277431,13.7361215355265],[100.45249803185578,13.736558395809102],[100.45332456681929,13.736780557873503],[100.45395078252933,13.736814828032706],[100.45450453862777,13.736845275087337],[100.45485919097632,13.736873008713914],[100.4557520930837,13.73695152253754],[100.4558492666285,13.737080189089664],[100.45612487295152,13.737445224653932],[100.45754511959831,13.737795456746563],[100.45814261032746,13.738054834548638],[100.45865039763159,13.738123412195323],[100.4591460556511,13.738228120251195],[100.45963661692336,13.738470231757853],[100.46014418131317,13.738515037976184],[100.46077947679655,13.738463468226565],[100.46118975674625,13.73806681353473],[100.46169988105714,13.738131213679495]]},"properties":{"objectid":74,"id_khong":70,"id":3350,"num":null,"khong_name":"คลองบางแวก","from_des":"คลอพระยาราชมนตรี","to_des":"คลองบางกอกใหญ่","width_m":"6-10","length_m":4150,"deep_m":0,"tor_began":null,"tor_term":null,"budget":0,"budg_sour":null,"mercenary":null,"progress_m":0,"per":0,"remark":null,"lev":null,"shape_leng":4871.32424252,"owner_name":"สนน.","check_neme":"1","hydrop":null,"text4000":null,"namef_pa":"คลองบางแวก","shape_le_1":4106.84582843,"dcode":"1022","dname":"เขตภาษีเจริญ","canal_name":"คลองบางแวก","risk_status":"monitor","evidence":"ไม่มีหลักฐานปัจจุบันว่าระดับวิกฤต; แสดงเป็นคลอง master","status_date":"2026-09-30","source":"BMA GIS + current situation reports"}},{"type":"Feature","id":75,"geometry":{"type":"LineString","coordinates":[[100.42620756824918,13.707303360432997],[100.42890749385153,13.708266663168315],[100.43071631975654,13.708899788016968],[100.43352547137246,13.709903526145647],[100.43518976192816,13.710498139523166],[100.4356843443347,13.710674849782176],[100.43583126490935,13.710725782934693],[100.43624704548023,13.710869961207395],[100.43633338002286,13.710899916940864],[100.43679714120607,13.711060625599528],[100.43849419731157,13.711649872980301],[100.4405417960818,13.712360432043527],[100.4440058353598,13.71358445257506],[100.44557194914692,13.714137810500437],[100.44865751729917,13.715216659244998],[100.4504820975424,13.715854598068566],[100.45296566952447,13.716718930660061],[100.45560673273086,13.717638071324084],[100.45803271559755,13.718505129279533],[100.45814954913205,13.718546916803424],[100.458287433437,13.718590026352771],[100.45840224240669,13.718637249450943],[100.46041149223505,13.719355358624922],[100.46057906378675,13.719415283012394],[100.46189956666046,13.719841735606053],[100.4630358929104,13.720247219460436],[100.46534790785603,13.72107230702958],[100.46608422589904,13.721335725972695],[100.46998499711124,13.722731282078534],[100.47045902305987,13.722991186619925]]},"properties":{"objectid":75,"id_khong":71,"id":3352,"num":null,"khong_name":"คลองภาษีเจริญ","from_des":"คลอพระยาราชมนตรี","to_des":"คลองบางกอกใหญ่","width_m":"15-30","length_m":5100,"deep_m":0,"tor_began":null,"tor_term":null,"budget":0,"budg_sour":null,"mercenary":null,"progress_m":0,"per":0,"remark":null,"lev":null,"shape_leng":5082.98530386,"owner_name":"สนน.","check_neme":"1","hydrop":null,"text4000":null,"namef_pa":"คลองภาษีเจริญ","shape_le_1":5091.8811903,"dcode":"1022","dname":"เขตภาษีเจริญ","canal_name":"คลองภาษีเจริญ","risk_status":"monitor","evidence":"ไม่มีหลักฐานปัจจุบันว่าระดับวิกฤต; แสดงเป็นคลอง master","status_date":"2026-09-30","source":"BMA GIS + current situation reports"}},{"type":"Feature","id":76,"geometry":{"type":"LineString","coordinates":[[100.65377019533246,13.668914781324457],[100.6535225774675,13.669049187168174],[100.6533973177262,13.669110570515338],[100.65313015250696,13.669174527243749],[100.65288188170967,13.669215403481099],[100.65268242146612,13.66922766868368],[100.65233075495371,13.669219077916214],[100.65168599772004,13.669229159022978],[100.65040647995073,13.669196562892294],[100.64991953379597,13.669189683777072],[100.64851657102552,13.669074216497744],[100.6476971324443,13.669010169307287],[100.6470620355902,13.669083433760708],[100.64635210489058,13.669191804535398],[100.64588484660887,13.6692872670922],[100.6454586041777,13.66938390094924],[100.64489587997109,13.669880517595413],[100.6447308539613,13.670274906462588],[100.64393340345805,13.671238578223626],[100.64377314213543,13.671320342400735],[100.64321750422155,13.672158329572484],[100.64308098221525,13.672289097729614],[100.64297680811354,13.672457154730086],[100.64247267018332,13.673127252138192],[100.6422124075059,13.673550466216458],[100.64195889335701,13.674100606865874],[100.64167031619144,13.674650978763673],[100.64119055310024,13.675473910104223],[100.64065496901624,13.676249495817542],[100.64056029326137,13.67651282995212],[100.64024858638759,13.677532379050593],[100.64017503366274,13.677962128045351]]},"properties":{"objectid":76,"id_khong":72,"id":576,"num":null,"khong_name":"คลองเคล็ด","from_des":null,"to_des":null,"width_m":null,"length_m":0,"deep_m":0,"tor_began":null,"tor_term":null,"budget":0,"budg_sour":null,"mercenary":null,"progress_m":0,"per":0,"remark":null,"lev":null,"shape_leng":0,"owner_name":null,"check_neme":"1","hydrop":null,"text4000":null,"namef_pa":"คลองเคล็ด","shape_le_1":2036.3249406900002,"dcode":"1032","dname":"เขตประเวศ","canal_name":"คลองเคล็ด","risk_status":"monitor","evidence":"ไม่มีหลักฐานปัจจุบันว่าระดับวิกฤต; แสดงเป็นคลอง master","status_date":"2026-09-30","source":"BMA GIS + current situation reports"}},{"type":"Feature","id":77,"geometry":{"type":"LineString","coordinates":[[100.47146739241025,13.722496422522761],[100.47121686241138,13.722619924253006],[100.47045972242589,13.722993171155323],[100.47038601735797,13.723045938041137],[100.46979515336957,13.72345443452985],[100.46977599561362,13.723463315084977],[100.46833144372484,13.724132834682354],[100.46709006862505,13.725144753825573],[100.46677421212692,13.725786861765977],[100.46658273995267,13.72617616822342],[100.46583089323207,13.72723298389127],[100.46518773508673,13.72805146133541],[100.4651511979593,13.728098041131119],[100.46428164532931,13.729897006043574],[100.46333702595022,13.731433326523469],[100.46280105702412,13.732338558390591],[100.46272706305312,13.732591239543252],[100.46257787939795,13.733100675796594],[100.46257555568793,13.73364828546714],[100.46238636494128,13.73419844783938],[100.46218346753136,13.734788548574105],[100.4621041165217,13.736022215722592],[100.4620942444576,13.736176276715506],[100.46179968101191,13.73758826860266],[100.46165997665697,13.73836064636628],[100.46159642741051,13.738871834929194],[100.46157414356347,13.739409982687546],[100.46157580528364,13.740034840681089],[100.46159168690541,13.740800874713004],[100.46158775175984,13.741297611042478],[100.46157687756144,13.741991049524398],[100.46164840908446,13.742742563376016],[100.46168612463298,13.743143705348634],[100.46169167754509,13.743203050593081],[100.46180213794062,13.743641267444822],[100.46199214123844,13.744388915849516]]},"properties":{"objectid":77,"id_khong":73,"id":3354,"num":null,"khong_name":"คลองบางกอกใหญ่","from_des":"คลองบางเชือกหนัง","to_des":"คลองด่าน","width_m":"8-20","length_m":2900,"deep_m":0,"tor_began":null,"tor_term":null,"budget":0,"budg_sour":null,"mercenary":null,"progress_m":0,"per":0,"remark":null,"lev":null,"shape_leng":2777.75761108,"owner_name":"สนน.","check_neme":"1","hydrop":null,"text4000":null,"namef_pa":"คลองบางกอกใหญ่","shape_le_1":2837.3025368999997,"dcode":"1022","dname":"เขตภาษีเจริญ","canal_name":"คลองบางกอกใหญ่","risk_status":"monitor","evidence":"ไม่มีหลักฐานปัจจุบันว่าระดับวิกฤต; แสดงเป็นคลอง master","status_date":"2026-09-30","source":"BMA GIS + current situation reports"}},{"type":"Feature","id":78,"geometry":{"type":"LineString","coordinates":[[100.63274193198677,13.703544662539015],[100.63290472477605,13.702876649939764],[100.63316443709218,13.70236741157623],[100.6332500994793,13.702242676264346],[100.63350995969331,13.70175503612194],[100.63378652110389,13.701290600504432],[100.63389878179044,13.701021728085083],[100.6340670679042,13.700597680266151],[100.63459111136672,13.699719517839002],[100.63501433383703,13.698890640522507],[100.63548399060856,13.698129776507667],[100.63591829519133,13.697317000977488],[100.6363143002869,13.696554905504952],[100.63678240641126,13.69583553059836],[100.63688622289288,13.695680038702179],[100.63704830033997,13.695164214247344],[100.63718829625992,13.694376790569615],[100.63723931186796,13.693773588524596],[100.63734529367748,13.693391341739552],[100.63741888836674,13.693120826933127],[100.6374545966247,13.6929604534987],[100.63753051899533,13.69276194902713],[100.6375898379565,13.69255460677747],[100.63763761541534,13.69174800247712],[100.63766234566695,13.691598456181897],[100.63775602592739,13.690771756505686],[100.63786698039969,13.690051037774476],[100.63797448968035,13.689625582874399],[100.63800869284445,13.68951203195423],[100.63807112110025,13.689225414012908],[100.63809636201795,13.689149696955925],[100.63810088043432,13.688998476611378],[100.63809275126309,13.688892344755711],[100.63810154941918,13.688566500252485],[100.63814133906664,13.688467280632866],[100.63822659445508,13.68828489039159],[100.63826051089202,13.68812995122526],[100.63829108891126,13.687757150013766],[100.63832752996184,13.687438351007495],[100.6384371020492,13.686782528150838],[100.63854803111832,13.686322800246797],[100.63856932647656,13.686205720058643],[100.63856840444828,13.68607251955596],[100.63863604501678,13.68548176968757],[100.63868657609284,13.685326629253304],[100.63872841678437,13.684995234004385],[100.63880757311149,13.68472468225194],[100.6389339105334,13.684365705893159],[100.63901932441017,13.68394220576118],[100.63909917469901,13.683177501426908],[100.63949655864045,13.681562022674887],[100.63955788955525,13.681106238496028],[100.63957755053369,13.680764145129066],[100.63975189202442,13.679951731474473],[100.63988815659273,13.679430745169748],[100.64016397948889,13.67798398051522]]},"properties":{"objectid":78,"id_khong":82,"id":780,"num":null,"khong_name":"คลองเคล็ด","from_des":null,"to_des":null,"width_m":null,"length_m":0,"deep_m":0,"tor_began":null,"tor_term":null,"budget":0,"budg_sour":null,"mercenary":null,"progress_m":0,"per":0,"remark":null,"lev":null,"shape_leng":0,"owner_name":null,"check_neme":"1","hydrop":null,"text4000":null,"namef_pa":"คลองเคล็ด","shape_le_1":2979.43805312,"dcode":"1032","dname":"เขตประเวศ","canal_name":"คลองเคล็ด","risk_status":"monitor","evidence":"ไม่มีหลักฐานปัจจุบันว่าระดับวิกฤต; แสดงเป็นคลอง master","status_date":"2026-09-30","source":"BMA GIS + current situation reports"}},{"type":"Feature","id":79,"geometry":{"type":"LineString","coordinates":[[100.45720690020832,13.642753266457655],[100.45726043766203,13.642596959690856],[100.45733552760638,13.642326017663441],[100.45747372992372,13.6418197224308],[100.45756274887155,13.641521042737505],[100.45769525347824,13.641067561545746],[100.45778213370339,13.640743227200506],[100.4579165612121,13.640280425634488],[100.45812988603743,13.639509062746493],[100.45832754853639,13.638818769731719],[100.45842834524964,13.638464708961536],[100.45826697952457,13.63848734693873]]},"properties":{"objectid":79,"id_khong":187,"id":null,"num":null,"khong_name":null,"from_des":null,"to_des":null,"width_m":null,"length_m":null,"deep_m":null,"tor_began":null,"tor_term":null,"budget":null,"budg_sour":null,"mercenary":null,"progress_m":null,"per":null,"remark":null,"lev":null,"shape_leng":null,"owner_name":null,"check_neme":null,"hydrop":null,"text4000":null,"namef_pa":null,"shape_le_1":null,"dcode":null,"dname":null,"canal_name":"","risk_status":"monitor","evidence":"ไม่มีหลักฐานปัจจุบันว่าระดับวิกฤต; แสดงเป็นคลอง master","status_date":"2026-09-30","source":"BMA GIS + current situation reports"}},{"type":"Feature","id":80,"geometry":{"type":"LineString","coordinates":[[100.46199214123844,13.744388915849516],[100.46047318038254,13.74406306796817],[100.45963864463302,13.743637541316764],[100.45865985014821,13.743619381363573],[100.45774493933638,13.744005730550878],[100.45738979171347,13.743973666960947],[100.45686153645356,13.743618080221871],[100.45699212256073,13.74297147186858],[100.4568060092487,13.742542103780158],[100.45639946907487,13.742090086625891],[100.45539517277565,13.741892664994955],[100.45483630207121,13.742517848884638],[100.45439596691486,13.742532375084066],[100.45400133767326,13.74202054429735],[100.45338842374747,13.741820807060614],[100.45242998471592,13.741132894711768],[100.45176893462227,13.741053005939943],[100.45116908296461,13.741166253385824],[100.45065601332097,13.741107452772217],[100.45015866398809,13.740629387801516],[100.4498198139286,13.740394770487827],[100.44918557444878,13.740855536655753],[100.44884188602519,13.74078886790346],[100.44813139934566,13.740356877451818],[100.447676439137,13.740298903543493],[100.44732386670351,13.740337756171671],[100.44678403330758,13.740589370921537],[100.44615177440038,13.740715269185799],[100.44511139816986,13.740625745447263],[100.44469819264782,13.740587766568144],[100.44402383429033,13.740525829405215],[100.44400979672392,13.740524555626783],[100.44323749849089,13.740145421325673],[100.44245471114947,13.740282493182587],[100.44136540166393,13.740308200956822],[100.44065124516827,13.740496381329669],[100.43993864886781,13.740178525230018],[100.43958963855577,13.740051773349727],[100.43900572915527,13.740004567774351],[100.43833768974649,13.740040638155877],[100.43775317150642,13.739993523533355],[100.43743360029391,13.739967729770008],[100.43631382015565,13.740011035576448],[100.43551375166476,13.740015692114923],[100.43498225095499,13.740060177597607],[100.43374107733143,13.740279059116252],[100.43254577991272,13.740280489362268],[100.4322733556836,13.740384198505922],[100.4320835480367,13.74060690778706],[100.43194628346214,13.740767945296252],[100.43163429286794,13.741312568147006],[100.4314531106239,13.74165009766605],[100.43121995747445,13.742055712578217],[100.43084489329226,13.7422971196244],[100.4304452552154,13.74235926827282],[100.42973386217973,13.742239122357942],[100.4291829981184,13.74221013962435],[100.42835509769922,13.742279375119532],[100.42772300642228,13.742297584642959],[100.42755993361158,13.742302325095569],[100.42676586242374,13.74251858525415],[100.4259446900961,13.742717375879524],[100.42546428555016,13.742903440339276],[100.4250289730057,13.743409364125965],[100.42466331151296,13.743492274064879],[100.42419387503423,13.743525262580576],[100.42349249095909,13.743673826260856],[100.4229333822966,13.743833497866982],[100.42285773983384,13.743858607184876],[100.42232747732452,13.744034830909635],[100.42170693765436,13.74414885109184],[100.42127850529172,13.744280109805315],[100.42090910356764,13.744565304734136],[100.42032384352345,13.74501713460767],[100.41973409008513,13.745558824841138],[100.41861760242031,13.746167895408883],[100.4177361893634,13.746725087114351],[100.41686767971079,13.747146183101416],[100.4159847308745,13.747411002827917],[100.41546530631548,13.747451492530104],[100.4133155495967,13.747881283028851],[100.41305812085321,13.747932738113168],[100.41191053727319,13.748231506569512],[100.4084488298531,13.748970630706154],[100.40452637219245,13.749659642326797],[100.40357804376863,13.74983441346994],[100.40209758255739,13.750235715087603],[100.39894607902589,13.75067849040528],[100.39662807298681,13.751025403998288],[100.39429244574892,13.75130840788535],[100.39028641062473,13.7518721349582],[100.38951724884741,13.75199351263327],[100.3870658509954,13.752278276393655],[100.3864615921334,13.752341959472387],[100.38625610598969,13.752371855391024],[100.38458247922401,13.752534455559253],[100.38422524661777,13.752565111696615],[100.38394141900964,13.752590656326495],[100.38356470185933,13.752640672122391],[100.38225346309608,13.752820292068966],[100.37957964415814,13.753151510520878],[100.37532040767077,13.753438136868903],[100.37322132461895,13.753575016501813],[100.36632796357517,13.753843612423083],[100.36309892243905,13.7538682684378],[100.36097492436642,13.753550478104517],[100.35255586525642,13.752111046455727]]},"properties":{"objectid":80,"id_khong":74,"id":3851,"num":null,"khong_name":"คลองบางเชือกหนัง","from_des":"คลองทวีวัฒนา","to_des":"สุดเขต","width_m":"6.0 - 10.0","length_m":12700,"deep_m":0,"tor_began":null,"tor_term":null,"budget":0,"budg_sour":null,"mercenary":null,"progress_m":0,"per":0,"remark":null,"lev":null,"shape_leng":12545.4496898,"owner_name":"สำนักการระบายน้","check_neme":"1","hydrop":null,"text4000":null,"namef_pa":"คลองบางเชือกหนัง","shape_le_1":12543.9903807,"dcode":"1022","dname":"เขตภาษีเจริญ","canal_name":"คลองบางเชือกหนัง","risk_status":"monitor","evidence":"ไม่มีหลักฐานปัจจุบันว่าระดับวิกฤต; แสดงเป็นคลอง master","status_date":"2026-09-30","source":"BMA GIS + current situation reports"}},{"type":"Feature","id":81,"geometry":{"type":"LineString","coordinates":[[100.59687761546897,13.710248421636663],[100.59665001083974,13.71015219936147],[100.59606637513109,13.709941604910425],[100.595727957796,13.709839048489522],[100.59422311193038,13.709405662090843],[100.59238479571717,13.708867412090223],[100.59119340701274,13.707568386950749],[100.5899649858761,13.705510823336006],[100.58827401048364,13.705043348046663],[100.58553144045241,13.704606553412988],[100.58342335493758,13.70395039775663],[100.58157794403083,13.70372145295613],[100.58060566820897,13.703906427063211],[100.58042369892972,13.702378658988875],[100.57977861263466,13.699241502647348]]},"properties":{"objectid":81,"id_khong":75,"id":16,"num":null,"khong_name":"คลองพระโขนง","from_des":"แม่น้ำเจ้าพระยา","to_des":"ซอยสวนหลวง","width_m":"18.0 - 36.0","length_m":5500,"deep_m":0,"tor_began":null,"tor_term":null,"budget":0,"budg_sour":null,"mercenary":null,"progress_m":0,"per":0,"remark":null,"lev":null,"shape_leng":2448.58877022,"owner_name":"สำนักการระบายน้","check_neme":"1","hydrop":null,"text4000":null,"namef_pa":"คลองพระโขนง","shape_le_1":2528.77059757,"dcode":"1033","dname":"เขตคลองเตย","canal_name":"คลองพระโขนง","risk_status":"monitor","evidence":"ไม่มีหลักฐานปัจจุบันว่าระดับวิกฤต; แสดงเป็นคลอง master","status_date":"2026-09-30","source":"BMA GIS + current situation reports"}},{"type":"Feature","id":82,"geometry":{"type":"LineString","coordinates":[[100.60518712106472,13.720238000713808],[100.60521153668728,13.719971787158443],[100.6058577346141,13.719747351342976],[100.60640404837818,13.719330799869097],[100.60672555315199,13.718984572485256],[100.60666771622041,13.718764622319286],[100.60639880370063,13.718559870764818],[100.60607383387222,13.718396784428228],[100.60602367361817,13.718262908009489],[100.60629337299552,13.717552186463607],[100.60655930779802,13.716277117494508],[100.60652104411363,13.715829935160535],[100.6062341000189,13.715047101377875],[100.60555239279255,13.714184231546088],[100.60479119756495,13.714065275825797],[100.60364935981062,13.713880014411037],[100.60300069980637,13.713739627808616],[100.60229518971148,13.713523965630937],[100.6018416624014,13.71308634225257],[100.60175346260134,13.712536276554623],[100.60164770825224,13.711476986543408],[100.60151839677319,13.711092387431016],[100.6012645489721,13.711038905538436],[100.6007591709066,13.7112625059251],[100.5999599483709,13.711763190930832],[100.59928591439864,13.712029180647468],[100.59857075240733,13.712222504799072],[100.59823086453135,13.712173642086128],[100.59789180604096,13.712010634512982],[100.59742223287836,13.711284093960499],[100.59687761546897,13.710248421636663]]},"properties":{"objectid":82,"id_khong":76,"id":1734,"num":null,"khong_name":null,"from_des":null,"to_des":null,"width_m":null,"length_m":0,"deep_m":0,"tor_began":null,"tor_term":null,"budget":0,"budg_sour":null,"mercenary":null,"progress_m":0,"per":0,"remark":null,"lev":null,"shape_leng":0,"owner_name":null,"check_neme":"1","hydrop":null,"text4000":null,"namef_pa":"คลองพระโขนง","shape_le_1":2142.82520095,"dcode":"1033","dname":"เขตคลองเตย","canal_name":"","risk_status":"monitor","evidence":"ไม่มีหลักฐานปัจจุบันว่าระดับวิกฤต; แสดงเป็นคลอง master","status_date":"2026-09-30","source":"BMA GIS + current situation reports"}},{"type":"Feature","id":83,"geometry":{"type":"LineString","coordinates":[[100.4869236147757,13.731579233565814],[100.48704614696031,13.731942802552068],[100.48721163404586,13.732395404550175],[100.48732577198996,13.732600413658755],[100.48742629919502,13.732714676091625],[100.48759557527374,13.732861150310299],[100.48789601476328,13.733010539034266],[100.48810535943707,13.73307850486431],[100.48864618714892,13.73320086690899],[100.48918298508265,13.733288727594214],[100.48957718713888,13.733350064443927],[100.49003993302445,13.733411076345355],[100.49103736808257,13.733539804041005],[100.49129645356628,13.733563724595705],[100.49145759394999,13.733604685856344],[100.4922478939205,13.733725532061586],[100.49252727253295,13.733751225977903],[100.49339085633711,13.733753232851896],[100.49371822899823,13.733760379833253],[100.49413447691373,13.733787051420677],[100.49562908269355,13.73404216849486],[100.49621618351499,13.734042224896065]]},"properties":{"objectid":83,"id_khong":77,"id":3759,"num":null,"khong_name":"คลองสมเด็จเจ้าพระยา","from_des":"คลองบางไส้ไก่","to_des":"ถนนประชาธิปก","width_m":"5-7","length_m":1050,"deep_m":0,"tor_began":null,"tor_term":null,"budget":0,"budg_sour":null,"mercenary":null,"progress_m":0,"per":0,"remark":null,"lev":null,"shape_leng":1042.96510789,"owner_name":"สนน.","check_neme":"1","hydrop":null,"text4000":null,"namef_pa":"คลองสมเด็จเจ้าพระยา","shape_le_1":1108.6571685299998,"dcode":"1015","dname":"เขตธนบุรี","canal_name":"คลองสมเด็จเจ้าพระยา","risk_status":"monitor","evidence":"ไม่มีหลักฐานปัจจุบันว่าระดับวิกฤต; แสดงเป็นคลอง master","status_date":"2026-09-30","source":"BMA GIS + current situation reports"}},{"type":"Feature","id":84,"geometry":{"type":"LineString","coordinates":[[100.50511022712912,13.751957348630103],[100.50487679564252,13.750939156149835],[100.50458369475393,13.7497112951082],[100.50433348177808,13.748655517748793],[100.50386526483452,13.746738615599213],[100.50363831828636,13.745862451488968],[100.50352226937378,13.745456740168933],[100.5034583320978,13.745283247057452],[100.50338904011203,13.745118914551496],[100.5033773816383,13.74510823053514],[100.5033645223466,13.745076586936621],[100.50331282428156,13.745004782978615],[100.50271464509903,13.744204084737833],[100.50265073822275,13.744118888072046],[100.50262242154332,13.744078662566132],[100.50229308943635,13.74356281629297],[100.5020802455091,13.74325882364134],[100.501967379427,13.743100720116042],[100.50184164839204,13.742897959704177],[100.50102442025505,13.741702653405973],[100.50069627326712,13.741156430921077],[100.50046587394591,13.740513362495944],[100.50030057789697,13.740047847836214],[100.49982456531063,13.73869456208986]]},"properties":{"objectid":84,"id_khong":78,"id":822,"num":null,"khong_name":"คลองโอ่งอ่าง","from_des":"สะพานดำรงสถิตย์","to_des":"แม่น้ำเจ้าพระยา","width_m":"10.0 - 10.0","length_m":900,"deep_m":0,"tor_began":null,"tor_term":null,"budget":0,"budg_sour":null,"mercenary":null,"progress_m":0,"per":0,"remark":null,"lev":null,"shape_leng":1952.9329904,"owner_name":"สำนักการระบายน้","check_neme":"1","hydrop":null,"text4000":null,"namef_pa":"คลองโอ่งอ่าง","shape_le_1":1594.4018982,"dcode":"1018","dname":"เขตคลองสาน","canal_name":"คลองโอ่งอ่าง","risk_status":"monitor","evidence":"ไม่มีหลักฐานปัจจุบันว่าระดับวิกฤต; แสดงเป็นคลอง master","status_date":"2026-09-30","source":"BMA GIS + current situation reports"}},{"type":"Feature","id":85,"geometry":{"type":"LineString","coordinates":[[100.50795915789814,13.729522018594748],[100.50776573401656,13.73019170785989],[100.50763119229438,13.730268173950169],[100.50707297140806,13.730454593205126],[100.50206291458593,13.732123460344031],[100.49832500611058,13.733464491522133],[100.4967131996385,13.733916300301525],[100.49642087227917,13.734012967093907],[100.49621618351499,13.734042224896065]]},"properties":{"objectid":85,"id_khong":79,"id":1763,"num":null,"khong_name":"คลองสมเด็จเจ้าพระยา","from_des":"ถนนลาดหญ้า","to_des":"ถนนประชาธิปก","width_m":"6-13","length_m":1400,"deep_m":0,"tor_began":null,"tor_term":null,"budget":0,"budg_sour":null,"mercenary":null,"progress_m":0,"per":0,"remark":null,"lev":null,"shape_leng":1431.6668194,"owner_name":"สนน.","check_neme":"1","hydrop":null,"text4000":null,"namef_pa":"คลองสมเด็จเจ้าพระยา","shape_le_1":1397.7460713500002,"dcode":"1018","dname":"เขตคลองสาน","canal_name":"คลองสมเด็จเจ้าพระยา","risk_status":"monitor","evidence":"ไม่มีหลักฐานปัจจุบันว่าระดับวิกฤต; แสดงเป็นคลอง master","status_date":"2026-09-30","source":"BMA GIS + current situation reports"}},{"type":"Feature","id":86,"geometry":{"type":"LineString","coordinates":[[100.4869236147757,13.731579233565814],[100.48704614696031,13.731942802552068],[100.48721163404586,13.732395404550175],[100.48732577198996,13.732600413658755],[100.48742629919502,13.732714676091625],[100.48759557527374,13.732861150310299],[100.48789601476328,13.733010539034266],[100.48810535943707,13.73307850486431],[100.48864618714892,13.73320086690899],[100.48918298508265,13.733288727594214],[100.48957718713888,13.733350064443927],[100.49003993302445,13.733411076345355],[100.49103736808257,13.733539804041005],[100.49129645356628,13.733563724595705],[100.49145759394999,13.733604685856344],[100.4922478939205,13.733725532061586],[100.49252727253295,13.733751225977903],[100.49339085633711,13.733753232851896],[100.49371822899823,13.733760379833253],[100.49413447691373,13.733787051420677],[100.49562908269355,13.73404216849486],[100.49621618351499,13.734042224896065]]},"properties":{"objectid":86,"id_khong":80,"id":3759,"num":null,"khong_name":"คลองสมเด็จเจ้าพระยา","from_des":"คลองบางไส้ไก่","to_des":"ถนนประชาธิปก","width_m":"5-7","length_m":1050,"deep_m":0,"tor_began":null,"tor_term":null,"budget":0,"budg_sour":null,"mercenary":null,"progress_m":0,"per":0,"remark":null,"lev":null,"shape_leng":1042.96510789,"owner_name":"สนน.","check_neme":"1","hydrop":null,"text4000":null,"namef_pa":"คลองสมเด็จเจ้าพระยา","shape_le_1":1108.6571685299998,"dcode":"1018","dname":"เขตคลองสาน","canal_name":"คลองสมเด็จเจ้าพระยา","risk_status":"monitor","evidence":"ไม่มีหลักฐานปัจจุบันว่าระดับวิกฤต; แสดงเป็นคลอง master","status_date":"2026-09-30","source":"BMA GIS + current situation reports"}},{"type":"Feature","id":87,"geometry":{"type":"LineString","coordinates":[[100.70888233066216,13.723964300530458],[100.70745718834932,13.724051784380597],[100.70664944992816,13.724060711164297],[100.70540584996827,13.723951191853288],[100.70379049519983,13.723986018355008],[100.70182294463757,13.724013048866835],[100.70065595272033,13.723997502621069],[100.69933007216095,13.723959366567506],[100.69794979713454,13.724043053335512],[100.69669351279951,13.724088828470526],[100.69518834385948,13.724085700136868],[100.69414867518562,13.72401855207611],[100.69251883331997,13.723958878788398],[100.69097257716304,13.724009956304354],[100.68981592687342,13.723980731648977],[100.68890093261079,13.723959970547996],[100.68836920826062,13.72395348570357],[100.6871062489961,13.724026278071568],[100.68597056970258,13.724040812037417],[100.68474852023455,13.724045718089311],[100.68384379530494,13.724011403177503],[100.68247684472925,13.724030840364378],[100.68155829333512,13.724003389360243],[100.6805848642072,13.724010015583225],[100.67926240087391,13.723981869613835],[100.67759480187976,13.723952717831803],[100.67612055138204,13.72393570756742],[100.67431488699482,13.723917592135404],[100.67314423495569,13.723871485990301],[100.6724319523513,13.723710934758858],[100.67000351446384,13.723005136031762],[100.66730229926154,13.722297720413009],[100.66518241689245,13.721775407635915],[100.66340121801774,13.721311523138606],[100.66220789643103,13.72097868235748],[100.66030877281804,13.720439657083908],[100.65768682748853,13.719701231981572],[100.65576463747102,13.719305741580175],[100.65374185593801,13.718850180547102],[100.6525585694531,13.718466615493725],[100.65088411048819,13.717954657961572],[100.64974967594868,13.71765506737067],[100.64785844647866,13.71723571848538]]},"properties":{"objectid":87,"id_khong":81,"id":696,"num":null,"khong_name":"คลองประเวศบุรีรมณ์","from_des":null,"to_des":null,"width_m":null,"length_m":0,"deep_m":0,"tor_began":null,"tor_term":null,"budget":0,"budg_sour":null,"mercenary":null,"progress_m":0,"per":0,"remark":null,"lev":null,"shape_leng":0,"owner_name":null,"check_neme":"1","hydrop":null,"text4000":null,"namef_pa":"คลองประเวศบุรีรมณ์","shape_le_1":6701.13627385,"dcode":"1032","dname":"เขตประเวศ","canal_name":"คลองประเวศบุรีรมย์","risk_status":"high_decreasing","evidence":"ระดับยังสูงแต่ลดลง; กทม.รายงาน 30 ก.ย.","status_date":"2026-09-30","source":"BMA GIS + current situation reports"}},{"type":"Feature","id":88,"geometry":{"type":"LineString","coordinates":[[100.46722119204347,13.671623893441517],[100.46724737137964,13.671481484278498],[100.4674021544926,13.670638702107572],[100.46771509860942,13.669511287756963],[100.46777191663566,13.669306607845028],[100.46789084481857,13.668878146750265],[100.46808159673208,13.668145050169658],[100.46832760691042,13.666967963326202],[100.46837190890223,13.666748896842359],[100.46858491502002,13.665793972399825],[100.46897061919996,13.66404722193333],[100.46908176329687,13.663580938931657],[100.46919721483484,13.663096464433355],[100.46927205656704,13.662590267925673],[100.46943722664507,13.662072149967566],[100.46959618924673,13.661573499319694],[100.47002750173414,13.660214106970884],[100.4700404473376,13.660089038092183],[100.47028526018698,13.659016342918944]]},"properties":{"objectid":88,"id_khong":83,"id":1805,"num":null,"khong_name":"คลองบางมด","from_des":"คลองบางขุนเทียน","to_des":"คลองตากสุก","width_m":"6-12","length_m":4050,"deep_m":0,"tor_began":null,"tor_term":null,"budget":0,"budg_sour":null,"mercenary":null,"progress_m":0,"per":0,"remark":null,"lev":null,"shape_leng":1296.17048292,"owner_name":"สนน.","check_neme":"1","hydrop":null,"text4000":null,"namef_pa":"คลองบางมด","shape_le_1":1435.0057398699998,"dcode":"1035","dname":"เขตจอมทอง","canal_name":"คลองบางมด","risk_status":"monitor","evidence":"ไม่มีหลักฐานปัจจุบันว่าระดับวิกฤต; แสดงเป็นคลอง master","status_date":"2026-09-30","source":"BMA GIS + current situation reports"}},{"type":"Feature","id":89,"geometry":{"type":"LineString","coordinates":[[100.52436437760551,13.73166184608403],[100.52443349072384,13.73154926370749],[100.52459614488401,13.731493763718065],[100.52480289747766,13.731442870666013],[100.52489422119733,13.731263183076335],[100.52497421187996,13.731052387002372],[100.52503880309416,13.730853704747561],[100.52512885184649,13.73065378139],[100.52516510140289,13.730599965029668],[100.52521812359491,13.730569542787068],[100.52525493602194,13.730567326688783],[100.52527807862693,13.730585439538618],[100.52532903410939,13.730612779634525],[100.52553438831137,13.730345627751001],[100.52573122039385,13.730045993136294],[100.52589720331636,13.729739229030438],[100.52593084362772,13.729659310465921],[100.52599234417553,13.729654863533181],[100.52603969838385,13.729644087007689],[100.5261378494911,13.729518220459536],[100.52632204845762,13.729328469765067],[100.52644520173683,13.729201635007021],[100.5266108497675,13.728972957065467],[100.52679961647851,13.728711599911707],[100.52686896596808,13.728600552250391],[100.52699227115644,13.728403133643017],[100.52717187760916,13.728140206756308],[100.52754416235862,13.727348750617283],[100.5279929596764,13.726399206451516],[100.52815881998795,13.726039030467929],[100.52837924691738,13.725569253847755],[100.52859733479386,13.725150462525026],[100.52863973155172,13.725068952831187],[100.5291358723165,13.72415535469764],[100.5292355347614,13.723957358554909],[100.52934081535935,13.723802798605654],[100.52941009535314,13.723693106776711],[100.52961629846001,13.723276285792448],[100.52984559200496,13.722775545238164],[100.53016171243746,13.722120086584898],[100.53029887782031,13.721885798164811]]},"properties":{"objectid":89,"id_khong":84,"id":581,"num":null,"khong_name":"คลองช่องนนทรี ถ.สี่พระยา ถ","from_des":"ถนนสี่พระยา","to_des":"คลองสาทร","width_m":"9.0 - 9.7","length_m":7500,"deep_m":0,"tor_began":null,"tor_term":null,"budget":0,"budg_sour":null,"mercenary":null,"progress_m":0,"per":0,"remark":null,"lev":null,"shape_leng":1286.51083693,"owner_name":"สำนักการระบายน้","check_neme":"1","hydrop":null,"text4000":null,"namef_pa":"คลองหัวลำโพง","shape_le_1":1291.85186019,"dcode":"1004","dname":"เขตบางรัก","canal_name":"คลองช่องนนทรี ถ.สี่พระยา ถ","risk_status":"monitor","evidence":"ไม่มีหลักฐานปัจจุบันว่าระดับวิกฤต; แสดงเป็นคลอง master","status_date":"2026-09-30","source":"BMA GIS + current situation reports"}},{"type":"Feature","id":90,"geometry":{"type":"LineString","coordinates":[[100.53029193456439,13.721873188843322],[100.53045673422857,13.721550162796573],[100.53074285698624,13.720983908740966],[100.53110494217282,13.72026896865767],[100.53141693964395,13.719625283805742],[100.53178525096612,13.718871714713751],[100.5321602761645,13.71813093674349],[100.53234446906961,13.71775419729479],[100.5326132299537,13.717215885148246],[100.53285805985469,13.716714231963278],[100.5331073516473,13.71621896794494],[100.53338475184454,13.715661352421833],[100.5335711508557,13.715284597777135],[100.53399173886403,13.71447060330966],[100.53440347975257,13.713632984814785],[100.5348713777136,13.712662076003172],[100.53556314645623,13.711333337932945],[100.53607451503267,13.710295551422304],[100.53645591017974,13.709518309271637],[100.53706487068823,13.708295369281634],[100.53733799879618,13.707763442681411],[100.53775642787636,13.706949457370293],[100.5382182547741,13.706056847142309],[100.53876058191736,13.705046789475917],[100.53910335455639,13.704416824534515]]},"properties":{"objectid":90,"id_khong":85,"id":1243,"num":null,"khong_name":null,"from_des":null,"to_des":null,"width_m":null,"length_m":0,"deep_m":0,"tor_began":null,"tor_term":null,"budget":0,"budg_sour":null,"mercenary":null,"progress_m":0,"per":0,"remark":null,"lev":null,"shape_leng":0,"owner_name":null,"check_neme":"1","hydrop":null,"text4000":null,"namef_pa":"คลองขวาง","shape_le_1":2153.7337758500003,"dcode":"1004","dname":"เขตบางรัก","canal_name":"","risk_status":"monitor","evidence":"ไม่มีหลักฐานปัจจุบันว่าระดับวิกฤต; แสดงเป็นคลอง master","status_date":"2026-09-30","source":"BMA GIS + current situation reports"}},{"type":"Feature","id":91,"geometry":{"type":"LineString","coordinates":[[100.42620756824918,13.707303360432997],[100.42459660969942,13.706759439427179],[100.42042157254052,13.705292657516924],[100.4154724792842,13.703551322747561],[100.41148828888484,13.702134984460484],[100.40766188747266,13.700822519322834],[100.40343197460538,13.699352671092758],[100.39944471808407,13.697937768898312],[100.39528219286991,13.696438378061462],[100.38448673580474,13.692708108978993],[100.38121503167727,13.691637034024353]]},"properties":{"objectid":91,"id_khong":86,"id":2418,"num":null,"khong_name":"คลองภาษีเจริญ","from_des":"คลองทวีวัฒนา","to_des":"คลองพระยาราชมนตรี","width_m":"15.0 - 30.0","length_m":5200,"deep_m":0,"tor_began":null,"tor_term":null,"budget":0,"budg_sour":null,"mercenary":null,"progress_m":0,"per":0,"remark":null,"lev":null,"shape_leng":5169.58958718,"owner_name":"สำนักการระบายน้","check_neme":"1","hydrop":null,"text4000":null,"namef_pa":"คลองภาษีเจริญ","shape_le_1":5165.9397193899995,"dcode":"1023","dname":"เขตหนองแขม","canal_name":"คลองภาษีเจริญ","risk_status":"monitor","evidence":"ไม่มีหลักฐานปัจจุบันว่าระดับวิกฤต; แสดงเป็นคลอง master","status_date":"2026-09-30","source":"BMA GIS + current situation reports"}},{"type":"Feature","id":92,"geometry":{"type":"LineString","coordinates":[[100.33607390051687,13.677000720218706],[100.33758987860674,13.677420589870243],[100.34101938528258,13.678445147451772],[100.343783816011,13.679261137816233],[100.34709312382955,13.680348350624808],[100.34808489770438,13.680651337456249],[100.35051636925756,13.681451978109546],[100.35298302052068,13.682269482257398],[100.35550171990863,13.683001085904761],[100.36124294949607,13.68493999483966],[100.36318258283622,13.68552050738061],[100.36628142078258,13.686557089515679],[100.36994221749015,13.687804813730969],[100.3739515012278,13.689153851714403],[100.37569271904788,13.689794741698071],[100.37795908657829,13.690531661794097],[100.3812200240061,13.691643333175081]]},"properties":{"objectid":92,"id_khong":87,"id":3730,"num":null,"khong_name":"คลองภาษีเจริญ","from_des":"คลองศรีสำราญ","to_des":"คลองทวีวัฒนา","width_m":"15.0 - 30.0","length_m":5100,"deep_m":0,"tor_began":null,"tor_term":null,"budget":0,"budg_sour":null,"mercenary":null,"progress_m":0,"per":0,"remark":null,"lev":null,"shape_leng":5150.01117352,"owner_name":"สำนักการระบายน้","check_neme":"1","hydrop":null,"text4000":null,"namef_pa":"คลองภาษีเจริญ","shape_le_1":5145.85486634,"dcode":"1023","dname":"เขตหนองแขม","canal_name":"คลองภาษีเจริญ","risk_status":"monitor","evidence":"ไม่มีหลักฐานปัจจุบันว่าระดับวิกฤต; แสดงเป็นคลอง master","status_date":"2026-09-30","source":"BMA GIS + current situation reports"}},{"type":"Feature","id":93,"geometry":{"type":"LineString","coordinates":[[100.53913555976203,13.70443370475591],[100.53935639348892,13.70411421108376],[100.53946513864587,13.703931971717822],[100.53963634593003,13.703753681420267],[100.53969829685849,13.703690756444894],[100.53977412115395,13.703463715275097],[100.5399356806653,13.70318525987217],[100.53999735751502,13.703068653971306],[100.54013731888693,13.702892004261498],[100.54035851818871,13.70262917229172],[100.54051612750048,13.702423312298327],[100.54058090954148,13.702327020847125],[100.54066704292802,13.70210280696515],[100.54070186779784,13.701971818553973],[100.54075488953553,13.70189593512784],[100.54084953465296,13.701831450373511],[100.54100423072116,13.70162316769056],[100.54105792033697,13.701544388383601],[100.54108275008011,13.701482507959472],[100.5411688919976,13.701248081318804],[100.5412053970761,13.701141031104319],[100.54134411544919,13.70089100403369],[100.54142878053784,13.700769194440388],[100.54158745867252,13.700715968401095],[100.54187923086153,13.700345151491117],[100.54204554787636,13.700107333218071],[100.5421430869872,13.699808850688983],[100.54224568407744,13.699584533817127],[100.54240320499348,13.699365658718285],[100.54254438341734,13.69914245709945],[100.5427127728971,13.698988855491308],[100.54277183476859,13.698939142594758],[100.5428279053103,13.698874897798099],[100.54303429006231,13.698620833225192],[100.54317900019248,13.69848337497628],[100.54340265525335,13.6983759706299],[100.54355712455717,13.698145365638437],[100.54373534089393,13.697909008948558],[100.54396739232803,13.697721569464331],[100.54419977557757,13.697585009859287],[100.54434374736985,13.697556546826604],[100.54448015535274,13.697747470053692],[100.54451544270495,13.697687692636235],[100.54456452228628,13.697463619680633],[100.54480869463869,13.696879541463884],[100.54485455856384,13.696828464275374],[100.54538874070411,13.696492460230953],[100.54553942859754,13.696243622169554],[100.54554358346428,13.696086163585749],[100.54564099748966,13.695991114497483],[100.54588343647691,13.696028822286948]]},"properties":{"objectid":93,"id_khong":88,"id":913,"num":null,"khong_name":"คลองช่องนนทรี(ถ.จันทร์เก่า","from_des":"ถนนสาทรเหนือ","to_des":"แม่น้ำเจ้าพระยา","width_m":"15.0 - 15.0","length_m":3455,"deep_m":0,"tor_began":null,"tor_term":null,"budget":0,"budg_sour":null,"mercenary":null,"progress_m":0,"per":0,"remark":null,"lev":null,"shape_leng":3360.0150518799996,"owner_name":"สำนักการระบายน้","check_neme":"1","hydrop":null,"text4000":null,"namef_pa":"คลองช่องนนทรี","shape_le_1":1266.8992540200002,"dcode":"1028","dname":"เขตสาทร","canal_name":"คลองช่องนนทรี(ถ.จันทร์เก่า","risk_status":"monitor","evidence":"ไม่มีหลักฐานปัจจุบันว่าระดับวิกฤต; แสดงเป็นคลอง master","status_date":"2026-09-30","source":"BMA GIS + current situation reports"}},{"type":"Feature","id":94,"geometry":{"type":"LineString","coordinates":[[100.72954314614681,13.83655784034773],[100.72958531880283,13.83150951318168],[100.72955063334264,13.830097426040927],[100.72956326127536,13.829111985033778],[100.72963118997684,13.827734778180446]]},"properties":{"objectid":94,"id_khong":89,"id":26,"num":null,"khong_name":"คลองสามวา","from_des":"คลองแสนแสบ","to_des":"สุดเขตคลอง","width_m":"25.0 - 26.0","length_m":1200,"deep_m":0,"tor_began":null,"tor_term":null,"budget":0,"budg_sour":null,"mercenary":null,"progress_m":0,"per":0,"remark":null,"lev":null,"shape_leng":2794.6320015,"owner_name":"สำนักการระบายน้","check_neme":"1","hydrop":null,"text4000":null,"namef_pa":"คลองสามวา","shape_le_1":976.4444905099999,"dcode":"1046","dname":"เขตคลองสามวา","canal_name":"คลองสามวา","risk_status":"monitor","evidence":"ไม่มีหลักฐานปัจจุบันว่าระดับวิกฤต; แสดงเป็นคลอง master","status_date":"2026-09-30","source":"BMA GIS + current situation reports"}},{"type":"Feature","id":95,"geometry":{"type":"LineString","coordinates":[[100.53029193456439,13.721873188843322],[100.53045673422857,13.721550162796573],[100.53074285698624,13.720983908740966],[100.53110494217282,13.72026896865767],[100.53141693964395,13.719625283805742],[100.53178525096612,13.718871714713751],[100.5321602761645,13.71813093674349],[100.53234446906961,13.71775419729479],[100.5326132299537,13.717215885148246],[100.53285805985469,13.716714231963278],[100.5331073516473,13.71621896794494],[100.53338475184454,13.715661352421833],[100.5335711508557,13.715284597777135],[100.53399173886403,13.71447060330966],[100.53440347975257,13.713632984814785],[100.5348713777136,13.712662076003172],[100.53556314645623,13.711333337932945],[100.53607451503267,13.710295551422304],[100.53645591017974,13.709518309271637],[100.53706487068823,13.708295369281634],[100.53733799879618,13.707763442681411],[100.53775642787636,13.706949457370293],[100.5382182547741,13.706056847142309],[100.53876058191736,13.705046789475917],[100.53910335455639,13.704416824534515]]},"properties":{"objectid":95,"id_khong":90,"id":1243,"num":null,"khong_name":null,"from_des":null,"to_des":null,"width_m":null,"length_m":0,"deep_m":0,"tor_began":null,"tor_term":null,"budget":0,"budg_sour":null,"mercenary":null,"progress_m":0,"per":0,"remark":null,"lev":null,"shape_leng":0,"owner_name":null,"check_neme":"1","hydrop":null,"text4000":null,"namef_pa":"คลองขวาง","shape_le_1":2153.7337758500003,"dcode":"1028","dname":"เขตสาทร","canal_name":"","risk_status":"monitor","evidence":"ไม่มีหลักฐานปัจจุบันว่าระดับวิกฤต; แสดงเป็นคลอง master","status_date":"2026-09-30","source":"BMA GIS + current situation reports"}},{"type":"Feature","id":96,"geometry":{"type":"LineString","coordinates":[[100.53913555976203,13.70443370475591],[100.53935639348892,13.70411421108376],[100.53946513864587,13.703931971717822],[100.53963634593003,13.703753681420267],[100.53969829685849,13.703690756444894],[100.53977412115395,13.703463715275097],[100.5399356806653,13.70318525987217],[100.53999735751502,13.703068653971306],[100.54013731888693,13.702892004261498],[100.54035851818871,13.70262917229172],[100.54051612750048,13.702423312298327],[100.54058090954148,13.702327020847125],[100.54066704292802,13.70210280696515],[100.54070186779784,13.701971818553973],[100.54075488953553,13.70189593512784],[100.54084953465296,13.701831450373511],[100.54100423072116,13.70162316769056],[100.54105792033697,13.701544388383601],[100.54108275008011,13.701482507959472],[100.5411688919976,13.701248081318804],[100.5412053970761,13.701141031104319],[100.54134411544919,13.70089100403369],[100.54142878053784,13.700769194440388],[100.54158745867252,13.700715968401095],[100.54187923086153,13.700345151491117],[100.54204554787636,13.700107333218071],[100.5421430869872,13.699808850688983],[100.54224568407744,13.699584533817127],[100.54240320499348,13.699365658718285],[100.54254438341734,13.69914245709945],[100.5427127728971,13.698988855491308],[100.54277183476859,13.698939142594758],[100.5428279053103,13.698874897798099],[100.54303429006231,13.698620833225192],[100.54317900019248,13.69848337497628],[100.54340265525335,13.6983759706299],[100.54355712455717,13.698145365638437],[100.54373534089393,13.697909008948558],[100.54396739232803,13.697721569464331],[100.54419977557757,13.697585009859287],[100.54434374736985,13.697556546826604],[100.54448015535274,13.697747470053692],[100.54451544270495,13.697687692636235],[100.54456452228628,13.697463619680633],[100.54480869463869,13.696879541463884],[100.54485455856384,13.696828464275374],[100.54538874070411,13.696492460230953],[100.54553942859754,13.696243622169554],[100.54554358346428,13.696086163585749],[100.54564099748966,13.695991114497483],[100.54588343647691,13.696028822286948]]},"properties":{"objectid":96,"id_khong":91,"id":913,"num":null,"khong_name":"คลองช่องนนทรี(ถ.จันทร์เก่า","from_des":"ถนนสาทรเหนือ","to_des":"แม่น้ำเจ้าพระยา","width_m":"15.0 - 15.0","length_m":3455,"deep_m":0,"tor_began":null,"tor_term":null,"budget":0,"budg_sour":null,"mercenary":null,"progress_m":0,"per":0,"remark":null,"lev":null,"shape_leng":3360.0150518799996,"owner_name":"สำนักการระบายน้","check_neme":"1","hydrop":null,"text4000":null,"namef_pa":"คลองช่องนนทรี","shape_le_1":1266.8992540200002,"dcode":"1012","dname":"เขตยานนาวา","canal_name":"คลองช่องนนทรี(ถ.จันทร์เก่า","risk_status":"monitor","evidence":"ไม่มีหลักฐานปัจจุบันว่าระดับวิกฤต; แสดงเป็นคลอง master","status_date":"2026-09-30","source":"BMA GIS + current situation reports"}},{"type":"Feature","id":97,"geometry":{"type":"LineString","coordinates":[[100.55153416693734,13.695082753317063],[100.548765352213,13.69501686404125],[100.54833857822213,13.69519956000463],[100.5482416648785,13.695219597210201],[100.54822602440657,13.695112691794055],[100.54820557105835,13.695027687003739],[100.54805304993256,13.694914317933934],[100.54794414184347,13.695000132002942],[100.54783062861567,13.69513947557992],[100.54778335368081,13.695149531893295],[100.54748362969724,13.69496650088904],[100.54732950020107,13.69499177493968],[100.54725622899062,13.695188074410055],[100.54722687221476,13.695268600854106],[100.54704266627662,13.69525267196397],[100.54682129898778,13.695266256163995],[100.54669002640031,13.695359529547906],[100.54661603321125,13.695457235678555],[100.54645467135704,13.695519065878752],[100.54630869355356,13.69563683252174],[100.54616439057071,13.695637734256609],[100.54607251103045,13.695669848210953],[100.546003226898,13.695729928597467],[100.54592960340189,13.69589586434623],[100.54588343647691,13.696028822286948]]},"properties":{"objectid":97,"id_khong":92,"id":915,"num":null,"khong_name":null,"from_des":null,"to_des":null,"width_m":null,"length_m":0,"deep_m":0,"tor_began":null,"tor_term":null,"budget":0,"budg_sour":null,"mercenary":null,"progress_m":0,"per":0,"remark":null,"lev":null,"shape_leng":0,"owner_name":null,"check_neme":"1","hydrop":null,"text4000":null,"namef_pa":"คลองช่องนนทรี","shape_le_1":716.7493433899999,"dcode":"1012","dname":"เขตยานนาวา","canal_name":"","risk_status":"monitor","evidence":"ไม่มีหลักฐานปัจจุบันว่าระดับวิกฤต; แสดงเป็นคลอง master","status_date":"2026-09-30","source":"BMA GIS + current situation reports"}},{"type":"Feature","id":98,"geometry":{"type":"LineString","coordinates":[[100.53029193456439,13.721873188843322],[100.53045673422857,13.721550162796573],[100.53074285698624,13.720983908740966],[100.53110494217282,13.72026896865767],[100.53141693964395,13.719625283805742],[100.53178525096612,13.718871714713751],[100.5321602761645,13.71813093674349],[100.53234446906961,13.71775419729479],[100.5326132299537,13.717215885148246],[100.53285805985469,13.716714231963278],[100.5331073516473,13.71621896794494],[100.53338475184454,13.715661352421833],[100.5335711508557,13.715284597777135],[100.53399173886403,13.71447060330966],[100.53440347975257,13.713632984814785],[100.5348713777136,13.712662076003172],[100.53556314645623,13.711333337932945],[100.53607451503267,13.710295551422304],[100.53645591017974,13.709518309271637],[100.53706487068823,13.708295369281634],[100.53733799879618,13.707763442681411],[100.53775642787636,13.706949457370293],[100.5382182547741,13.706056847142309],[100.53876058191736,13.705046789475917],[100.53910335455639,13.704416824534515]]},"properties":{"objectid":98,"id_khong":93,"id":1243,"num":null,"khong_name":null,"from_des":null,"to_des":null,"width_m":null,"length_m":0,"deep_m":0,"tor_began":null,"tor_term":null,"budget":0,"budg_sour":null,"mercenary":null,"progress_m":0,"per":0,"remark":null,"lev":null,"shape_leng":0,"owner_name":null,"check_neme":"1","hydrop":null,"text4000":null,"namef_pa":"คลองขวาง","shape_le_1":2153.7337758500003,"dcode":"1012","dname":"เขตยานนาวา","canal_name":"","risk_status":"monitor","evidence":"ไม่มีหลักฐานปัจจุบันว่าระดับวิกฤต; แสดงเป็นคลอง master","status_date":"2026-09-30","source":"BMA GIS + current situation reports"}},{"type":"Feature","id":99,"geometry":{"type":"LineString","coordinates":[[100.48888560486512,13.684762260614342],[100.48843124612526,13.683679749240289],[100.48823658512259,13.683187643391692],[100.48809531964453,13.682494580149392],[100.48801668935262,13.682428173811157],[100.48721059646627,13.682641333795956],[100.48762172913938,13.681516296212752],[100.48782182412448,13.680968857749528],[100.48817210257427,13.680083592867346],[100.4882999190579,13.679740749257725],[100.48846768421309,13.67951976487807],[100.48833433140535,13.679357706783145],[100.4880212030511,13.679094242235182],[100.48770188848354,13.678683229027863],[100.48705626008629,13.67789920084484],[100.48648929375773,13.677210769624322],[100.48556046180754,13.676082834958821],[100.48512628387303,13.675514256720671],[100.48426346721978,13.674384474710882],[100.48236081288042,13.672117190427375],[100.48163688210657,13.671093028987809],[100.48161716862195,13.671073354766769],[100.48094054808614,13.670397582708928],[100.48069616958655,13.670093207028232],[100.4800633949258,13.66924816499601],[100.48029133845414,13.668812904075798],[100.48178071885965,13.665470811794906],[100.48208391212944,13.664783129246267]]},"properties":{"objectid":99,"id_khong":94,"id":1806,"num":null,"khong_name":"คลองบางปะแก้ว","from_des":"คลองสุขสวัสดิ์","to_des":"คลองยายจำปี","width_m":"4-15","length_m":2800,"deep_m":0,"tor_began":null,"tor_term":null,"budget":0,"budg_sour":null,"mercenary":null,"progress_m":0,"per":0,"remark":null,"lev":null,"shape_leng":2679.22278469,"owner_name":"สนน.","check_neme":"1","hydrop":null,"text4000":null,"namef_pa":"คลองบางปะแก้ว","shape_le_1":2737.30150126,"dcode":"1035","dname":"เขตจอมทอง","canal_name":"คลองบางปะแก้ว","risk_status":"monitor","evidence":"ไม่มีหลักฐานปัจจุบันว่าระดับวิกฤต; แสดงเป็นคลอง master","status_date":"2026-09-30","source":"BMA GIS + current situation reports"}},{"type":"Feature","id":100,"geometry":{"type":"LineString","coordinates":[[100.46872413858199,13.689724717720095],[100.46934245918806,13.689821638868414],[100.47012647995014,13.68999945568552],[100.47136722567775,13.690497563438026],[100.4717006779256,13.690302625419921],[100.47216456811937,13.689666865638552],[100.47270200562636,13.688906307789996],[100.47327855882583,13.688208691022025],[100.47363996423378,13.688206540057395],[100.47403379994434,13.688417395113822],[100.47542838480932,13.689331927777735],[100.47629864505856,13.690184959024386],[100.47681363440634,13.69050796775002],[100.4774035512226,13.690877975686002],[100.47852835132615,13.69170381143244],[100.47922585986078,13.692272272780993],[100.48017398571672,13.692797206520208],[100.48052416451911,13.692949204239413],[100.48074287927885,13.69304649708507],[100.48088537549837,13.69307320960533],[100.4816362487953,13.693214221967986],[100.48205076614973,13.693292446653365],[100.4823169677315,13.693668356213951],[100.48238894555617,13.693865127581464],[100.48242722470086,13.694146421397168],[100.48246910153557,13.69433288899443]]},"properties":{"objectid":100,"id_khong":95,"id":1813,"num":null,"khong_name":"คลองดาวคะนอง","from_des":"ถนนสุขสวัสดิ์","to_des":"คลองบางขุนเทียน","width_m":"10.0 - 15.0","length_m":2000,"deep_m":0,"tor_began":null,"tor_term":null,"budget":0,"budg_sour":null,"mercenary":null,"progress_m":0,"per":0,"remark":null,"lev":null,"shape_leng":1961.9257858,"owner_name":"สำนักการระบายน้","check_neme":"1","hydrop":null,"text4000":null,"namef_pa":"คลองดาวคะนอง","shape_le_1":1880.30436577,"dcode":"1035","dname":"เขตจอมทอง","canal_name":"คลองดาวคะนอง","risk_status":"monitor","evidence":"ไม่มีหลักฐานปัจจุบันว่าระดับวิกฤต; แสดงเป็นคลอง master","status_date":"2026-09-30","source":"BMA GIS + current situation reports"}},{"type":"Feature","id":101,"geometry":{"type":"LineString","coordinates":[[100.46372342969931,13.698456963539343],[100.46375030023172,13.698635119354906],[100.46418544727803,13.699630853004622],[100.46489951119531,13.7009773155394],[100.4649671282316,13.701161013285052],[100.46520200353784,13.701799041864666],[100.46546731562053,13.702882450285477],[100.46551096179886,13.7030607774648],[100.4659858257164,13.704606487713185],[100.46601579618998,13.705050424096784],[100.46606668613909,13.705929493469617],[100.46607588116082,13.706293388249618],[100.46624099183363,13.707322167833135],[100.46619667671031,13.707847342007053],[100.46599620247582,13.708676386088563],[100.46598796113084,13.709068582214915],[100.46601793282049,13.709401896694573],[100.46612409315648,13.709923556978575],[100.4663032018729,13.710369320367146],[100.46646858796022,13.710814983260839],[100.4665552992948,13.710941991765742],[100.46676080618528,13.711243174735745],[100.46700464782826,13.711468213020167],[100.46772485223396,13.711805653765122],[100.46791919680679,13.711929580953083],[100.46824022188993,13.712134276937988],[100.4684595370101,13.712423988109698],[100.46858000331426,13.712633399541797],[100.46870394202197,13.712996792624384],[100.46872246639313,13.71311905279756],[100.46879983634477,13.713521404567624],[100.4688863449258,13.7139709679758],[100.46909843794745,13.71504817827143],[100.46910673312163,13.715192912740335],[100.46913776243089,13.715732008902672],[100.46913935468324,13.715828793138144],[100.46913798449886,13.715890347969278]]},"properties":{"objectid":101,"id_khong":96,"id":1817,"num":null,"khong_name":"คลองด่าน","from_des":"คลองสนามชัย","to_des":"คลองวัดนางชี","width_m":"10.0 - 15.0","length_m":2150,"deep_m":0,"tor_began":null,"tor_term":null,"budget":0,"budg_sour":null,"mercenary":null,"progress_m":0,"per":0,"remark":null,"lev":null,"shape_leng":2934.7633615600002,"owner_name":"สำนักการระบายน้","check_neme":"1","hydrop":null,"text4000":null,"namef_pa":"คลองบางขุนเทียน","shape_le_1":2104.68233783,"dcode":"1035","dname":"เขตจอมทอง","canal_name":"คลองด่าน","risk_status":"monitor","evidence":"ไม่มีหลักฐานปัจจุบันว่าระดับวิกฤต; แสดงเป็นคลอง master","status_date":"2026-09-30","source":"BMA GIS + current situation reports"}},{"type":"Feature","id":102,"geometry":{"type":"LineString","coordinates":[[100.45825802507792,13.689425083210942],[100.45866688977931,13.689329946985747],[100.45876534940604,13.68926266807457],[100.45895773295074,13.689146573155963],[100.45927085139637,13.688903781473446],[100.45971286005893,13.688645406367598],[100.46007913289563,13.688406005706387],[100.4612564381713,13.687498266296164],[100.4617999717603,13.687102095610465],[100.46188655279694,13.687012562464755],[100.46254053037902,13.685441915195295],[100.46258782363314,13.68532324156659],[100.46271581516315,13.685002187385132],[100.46285814830435,13.684719639374272],[100.4630363480773,13.68435698657105],[100.46333317285357,13.683675141652378],[100.46374143098338,13.682349421175408],[100.46380503189863,13.682119033744739],[100.46381706205385,13.68161113186281],[100.46380362690859,13.680658450750947],[100.46383906653166,13.680385934393337],[100.46385641449235,13.67999829272172],[100.46390300840284,13.679396825590679],[100.46407333722728,13.678291767222172],[100.46417174548459,13.677649866177493],[100.46424325349837,13.676959953900752],[100.46430734962861,13.676809909230105],[100.46438228842624,13.67660105575513],[100.4643182731377,13.676048956649414],[100.4643229933662,13.675542362482505],[100.46427470632709,13.673945675696592],[100.46423648863637,13.672868058800569],[100.46434014333558,13.67122474350979]]},"properties":{"objectid":102,"id_khong":97,"id":1822,"num":null,"khong_name":"คลองบางมด (ช่วง 1)","from_des":"คลองสนามชัย","to_des":"คลองข่อย","width_m":null,"length_m":2300,"deep_m":0,"tor_began":null,"tor_term":null,"budget":0,"budg_sour":null,"mercenary":null,"progress_m":0,"per":0,"remark":null,"lev":null,"shape_leng":2297.21050316,"owner_name":null,"check_neme":"1","hydrop":null,"text4000":null,"namef_pa":"คลองบางมด","shape_le_1":2271.26239914,"dcode":"1035","dname":"เขตจอมทอง","canal_name":"คลองบางมด","risk_status":"monitor","evidence":"ไม่มีหลักฐานปัจจุบันว่าระดับวิกฤต; แสดงเป็นคลอง master","status_date":"2026-09-30","source":"BMA GIS + current situation reports"}},{"type":"Feature","id":103,"geometry":{"type":"LineString","coordinates":[[100.49807749521267,13.70473997242933],[100.49986239837627,13.702883221397263],[100.50014002552216,13.702638697405797],[100.5004973489012,13.702326901729627],[100.50080631124294,13.702106859265283],[100.50092288416974,13.702048040017097],[100.50117813820911,13.701954397985135],[100.50144394711135,13.70181803360552],[100.50184895802649,13.701584844812352],[100.5019705489174,13.701524005972313],[100.5020386095318,13.701473163447764],[100.50216617232866,13.701416174311603],[100.50245154681336,13.701239925641781],[100.50254956320657,13.701212217363787],[100.5026639681292,13.701124308977219],[100.50302029897698,13.700872978271732],[100.50355763751479,13.700553758183581],[100.50370583057462,13.70046844622501],[100.50379447521689,13.70038168831653],[100.50387143159736,13.700315246158087],[100.50397502102712,13.700240960343473],[100.50410542554573,13.700163618827466],[100.50419715887895,13.700095188450975],[100.50430181589707,13.70002089602568],[100.50465141473843,13.699802590004412],[100.50506717791824,13.699547098662942],[100.50523296985116,13.699436193055377],[100.50568924428674,13.699149726558568],[100.50602691761706,13.698926611925234]]},"properties":{"objectid":103,"id_khong":98,"id":437,"num":null,"khong_name":"คลองสวนหลวง1","from_des":"แม่น้ำเจ้าพระยา","to_des":"คลองขวางบ้านใหม่","width_m":"4.0 - 8.0","length_m":1050,"deep_m":0,"tor_began":null,"tor_term":null,"budget":0,"budg_sour":null,"mercenary":null,"progress_m":0,"per":0,"remark":null,"lev":null,"shape_leng":859.53677449,"owner_name":"สำนักการระบายน้","check_neme":"1","hydrop":null,"text4000":null,"namef_pa":"คลองสวนหลวง","shape_le_1":1083.05440967,"dcode":"1031","dname":"เขตบางคอแหลม","canal_name":"คลองสวนหลวง 1","risk_status":"monitor","evidence":"ไม่มีหลักฐานปัจจุบันว่าระดับวิกฤต; แสดงเป็นคลอง master","status_date":"2026-09-30","source":"BMA GIS + current situation reports"}},{"type":"Feature","id":104,"geometry":{"type":"LineString","coordinates":[[100.43769902939536,13.693638122455237],[100.43811865731516,13.692990472889237],[100.4383796801717,13.692750990151753],[100.43851384395721,13.692636605171613],[100.43862759638085,13.692487632746186],[100.43880235129315,13.692253440289411],[100.4389248557773,13.692064470555522],[100.43907787100746,13.691903430444116],[100.43917389233782,13.691809963271288],[100.43943607216858,13.691485517132964],[100.43955376759958,13.691345830499076],[100.4396819691556,13.691178788324859],[100.43981855518045,13.691024079871628],[100.4400235103744,13.690754373180491],[100.44030285853601,13.69039521172837],[100.44045661764157,13.690281524534305],[100.44062408420808,13.690140464007033],[100.44079573387403,13.69001031432486],[100.44092701295563,13.68987326000362],[100.440981702146,13.689815461114337],[100.44103239500701,13.689714755185754],[100.44108664156018,13.68957182234748],[100.44146559649647,13.689145380783327],[100.44170296841256,13.688829120684032],[100.44199985138854,13.688458377028335],[100.44217658681708,13.688262401722387],[100.44239749259039,13.687984105086331],[100.44249484899436,13.68787246297628],[100.44275360227083,13.687662543063215],[100.44302952534946,13.687443123404591],[100.44317002204545,13.687342797688979],[100.44323317905463,13.687111152474472],[100.44331301068064,13.68698858567635],[100.443419191255,13.686849145492546],[100.4436316710993,13.686764578190749],[100.44395321897613,13.686564052106784],[100.44395930396374,13.686286826261068],[100.44401128301621,13.68617237571361],[100.44417070570935,13.685888200821042],[100.44431552748603,13.685697380428422],[100.44442090703456,13.685564271440256],[100.4447229028241,13.685183102481911],[100.44492072146522,13.684920032286827],[100.44512430428024,13.684639756596352],[100.44523472612356,13.684470917590906],[100.44532342863377,13.684265874024915],[100.44553282821443,13.684101881016566],[100.44564853632791,13.68404987117571],[100.44590307687626,13.684099990713554],[100.44614750489937,13.684029695745075],[100.44624587453221,13.683897258934842],[100.44632060267828,13.683638702408981],[100.4463769032337,13.683395798988473],[100.44633000815162,13.683281473547888],[100.44627439212829,13.68312472077898],[100.44628564160291,13.683044399218202],[100.4464156110355,13.682881140640466],[100.44646832175846,13.682861943526907],[100.44665154862076,13.682768868630024],[100.44675036315661,13.682547317080248],[100.4468601328009,13.682347120061648],[100.44691981251223,13.682195749540172],[100.44699287878966,13.682002185057211],[100.44704625217054,13.681904174466421],[100.44712393714912,13.681705340879532],[100.44725016192754,13.681553400701983],[100.44747821163249,13.681435480065117],[100.44855312360481,13.681693009928718],[100.4486048316702,13.681659447935079],[100.44865217601574,13.681622838878353]]},"properties":{"objectid":104,"id_khong":99,"id":1823,"num":null,"khong_name":"คลองวัดสิงห์","from_des":"คลองบางโคลัด","to_des":"คลองบางบอน","width_m":"4.0 - 6.0","length_m":1800,"deep_m":0,"tor_began":null,"tor_term":null,"budget":0,"budg_sour":null,"mercenary":null,"progress_m":0,"per":0,"remark":null,"lev":null,"shape_leng":1822.17519485,"owner_name":"สำนักการระบายน้","check_neme":"1","hydrop":null,"text4000":null,"namef_pa":"คลองวัดสิงห์","shape_le_1":1925.02722395,"dcode":"1035","dname":"เขตจอมทอง","canal_name":"คลองวัดสิงห์","risk_status":"monitor","evidence":"ไม่มีหลักฐานปัจจุบันว่าระดับวิกฤต; แสดงเป็นคลอง master","status_date":"2026-09-30","source":"BMA GIS + current situation reports"}},{"type":"Feature","id":105,"geometry":{"type":"LineString","coordinates":[[100.46372342969931,13.698456963539343],[100.46344382171154,13.697993082731685],[100.46319353513303,13.697684387811172],[100.46313170993126,13.697623206517784],[100.46269793977338,13.697193766763277],[100.46255772838194,13.697031283724018],[100.46196209757757,13.696340705289105],[100.46168312079986,13.695990242395684],[100.46124052233752,13.695130473905984],[100.46098239800152,13.694551684064923],[100.46063310495867,13.694060374753294],[100.46014331562499,13.693124783929584],[100.45958960541255,13.692195172316444],[100.45954788861093,13.692130617942404],[100.45931043771728,13.69176300613932],[100.45914137863433,13.691545017544767],[100.45900889779044,13.691374171678646],[100.45867913046835,13.69083366845612],[100.45847155701595,13.690390142962471],[100.45825384535205,13.689402422936329],[100.45810283008892,13.6891554970292],[100.45780837503402,13.68896318963838],[100.45770979017793,13.688898788919188],[100.45717637584342,13.688575394043626],[100.45695305667547,13.688273039768657],[100.45670797438329,13.68801410309394],[100.45639152248413,13.687864040561895],[100.45606385375747,13.687737089153494],[100.4557591384239,13.68762373982178],[100.45561451585873,13.687510713550601],[100.45553017184375,13.687406552324596],[100.45541675964675,13.687199531065584],[100.45525774961524,13.68675508363662],[100.45512536012714,13.686498917727965],[100.45493155147814,13.686209581954266],[100.45445664110201,13.68571637875705],[100.45354912934633,13.684989737434261],[100.4532747801927,13.684842404441442],[100.45290262792709,13.684844588238033],[100.45256388532776,13.684874864122586],[100.45207831257794,13.684916574260154],[100.45174583085283,13.684911203402587]]},"properties":{"objectid":105,"id_khong":100,"id":1824,"num":null,"khong_name":"คลองสนามชัย","from_des":"คลองด่าน","to_des":"คลองวัดสิงห์","width_m":"15.0 - 20.0","length_m":2650,"deep_m":0,"tor_began":null,"tor_term":null,"budget":0,"budg_sour":null,"mercenary":null,"progress_m":0,"per":0,"remark":null,"lev":null,"shape_leng":2601.82158463,"owner_name":"สำนักการระบายน้","check_neme":"1","hydrop":null,"text4000":null,"namef_pa":"คลองบางขุนเทียน","shape_le_1":2102.50592787,"dcode":"1035","dname":"เขตจอมทอง","canal_name":"คลองสนามชัย","risk_status":"monitor","evidence":"ไม่มีหลักฐานปัจจุบันว่าระดับวิกฤต; แสดงเป็นคลอง master","status_date":"2026-09-30","source":"BMA GIS + current situation reports"}},{"type":"Feature","id":106,"geometry":{"type":"LineString","coordinates":[[100.45174583085283,13.684911203402587],[100.45160606750628,13.684719969371107],[100.45109226060059,13.684048038072186],[100.45065056649428,13.683536917624103],[100.44972757254979,13.682569312504462],[100.44956253177226,13.682419979981207],[100.4490919953238,13.682053087020117],[100.44865217601574,13.681622838878353]]},"properties":{"objectid":106,"id_khong":101,"id":1825,"num":null,"khong_name":"คลองสนามชัย","from_des":"คลองด่าน","to_des":"คลองวัดสิงห์","width_m":"15.0 - 20.0","length_m":2650,"deep_m":0,"tor_began":null,"tor_term":null,"budget":0,"budg_sour":null,"mercenary":null,"progress_m":0,"per":0,"remark":null,"lev":null,"shape_leng":2601.82158463,"owner_name":"สำนักการระบายน้","check_neme":"1","hydrop":null,"text4000":null,"namef_pa":"คลองสนามชัย","shape_le_1":495.93816128000003,"dcode":"1035","dname":"เขตจอมทอง","canal_name":"คลองสนามชัย","risk_status":"monitor","evidence":"ไม่มีหลักฐานปัจจุบันว่าระดับวิกฤต; แสดงเป็นคลอง master","status_date":"2026-09-30","source":"BMA GIS + current situation reports"}},{"type":"Feature","id":107,"geometry":{"type":"LineString","coordinates":[[100.46438380368964,13.67103686146287],[100.46611531072516,13.67139428098746],[100.46687599097537,13.671567733533482],[100.46722172150608,13.671623257536039]]},"properties":{"objectid":107,"id_khong":102,"id":1937,"num":null,"khong_name":null,"from_des":null,"to_des":null,"width_m":null,"length_m":0,"deep_m":0,"tor_began":null,"tor_term":null,"budget":0,"budg_sour":null,"mercenary":null,"progress_m":0,"per":0,"remark":null,"lev":null,"shape_leng":0,"owner_name":null,"check_neme":"1","hydrop":null,"text4000":null,"namef_pa":"คลองบางมด","shape_le_1":313.8315381,"dcode":"1035","dname":"เขตจอมทอง","canal_name":"","risk_status":"monitor","evidence":"ไม่มีหลักฐานปัจจุบันว่าระดับวิกฤต; แสดงเป็นคลอง master","status_date":"2026-09-30","source":"BMA GIS + current situation reports"}},{"type":"Feature","id":108,"geometry":{"type":"LineString","coordinates":[[100.50602098371351,13.698928455030293],[100.5060251630528,13.698926351423626],[100.50619437508162,13.699041363994278],[100.50627521868884,13.699094645511828],[100.50634821388708,13.699136586920034],[100.50646162411266,13.699203949647233],[100.50655828024303,13.699262195038553],[100.50684023083055,13.699434813044446],[100.50689430319103,13.699462138887412],[100.50716838730885,13.69962052481188],[100.50740147095767,13.69975719896318],[100.50762934621314,13.69988983777458],[100.50787613124255,13.700035103953853],[100.50824420195664,13.700251207212599],[100.50839814467645,13.700362334726233],[100.50842870964313,13.70039739483973],[100.50863862543828,13.700582831065196],[100.50881389402107,13.700750493596356],[100.50910348605812,13.701044888956506],[100.50937258597685,13.701329647286041],[100.509608089554,13.701594095357049],[100.50986461344851,13.70187902107291],[100.50999158736477,13.70201679117616],[100.51011953091859,13.702151031716241],[100.51017208953925,13.702179901777095],[100.51037738156045,13.7023929292187],[100.51059065158462,13.702613589412419],[100.51065121792749,13.70267865214266],[100.51083567674287,13.702888280991091],[100.51095261328707,13.703017979044683],[100.51111482849923,13.703194395346369],[100.51136662274399,13.703466513875503]]},"properties":{"objectid":108,"id_khong":103,"id":447,"num":null,"khong_name":"คลองขวางบ้านใหม่","from_des":"ซอยเจริญกรุง 85","to_des":"สุดซอยอำนวยรักษ์คอนโด","width_m":"4.0 - 6.0","length_m":900,"deep_m":0,"tor_began":null,"tor_term":null,"budget":0,"budg_sour":null,"mercenary":null,"progress_m":0,"per":0,"remark":null,"lev":null,"shape_leng":773.199286,"owner_name":"สำนักการระบายน้","check_neme":"1","hydrop":null,"text4000":null,"namef_pa":"คลองสวนหลวง","shape_le_1":773.19668384,"dcode":"1031","dname":"เขตบางคอแหลม","canal_name":"คลองขวางบ้านใหม่","risk_status":"monitor","evidence":"ไม่มีหลักฐานปัจจุบันว่าระดับวิกฤต; แสดงเป็นคลอง master","status_date":"2026-09-30","source":"BMA GIS + current situation reports"}},{"type":"Feature","id":109,"geometry":{"type":"LineString","coordinates":[[100.65377019533246,13.668914781324457],[100.6535225774675,13.669049187168174],[100.6533973177262,13.669110570515338],[100.65313015250696,13.669174527243749],[100.65288188170967,13.669215403481099],[100.65268242146612,13.66922766868368],[100.65233075495371,13.669219077916214],[100.65168599772004,13.669229159022978],[100.65040647995073,13.669196562892294],[100.64991953379597,13.669189683777072],[100.64851657102552,13.669074216497744],[100.6476971324443,13.669010169307287],[100.6470620355902,13.669083433760708],[100.64635210489058,13.669191804535398],[100.64588484660887,13.6692872670922],[100.6454586041777,13.66938390094924],[100.64489587997109,13.669880517595413],[100.6447308539613,13.670274906462588],[100.64393340345805,13.671238578223626],[100.64377314213543,13.671320342400735],[100.64321750422155,13.672158329572484],[100.64308098221525,13.672289097729614],[100.64297680811354,13.672457154730086],[100.64247267018332,13.673127252138192],[100.6422124075059,13.673550466216458],[100.64195889335701,13.674100606865874],[100.64167031619144,13.674650978763673],[100.64119055310024,13.675473910104223],[100.64065496901624,13.676249495817542],[100.64056029326137,13.67651282995212],[100.64024858638759,13.677532379050593],[100.64017503366274,13.677962128045351]]},"properties":{"objectid":109,"id_khong":104,"id":576,"num":null,"khong_name":"คลองเคล็ด","from_des":null,"to_des":null,"width_m":null,"length_m":0,"deep_m":0,"tor_began":null,"tor_term":null,"budget":0,"budg_sour":null,"mercenary":null,"progress_m":0,"per":0,"remark":null,"lev":null,"shape_leng":0,"owner_name":null,"check_neme":"1","hydrop":null,"text4000":null,"namef_pa":"คลองเคล็ด","shape_le_1":2036.3249406900002,"dcode":"1009","dname":"เขตพระโขนง","canal_name":"คลองเคล็ด","risk_status":"monitor","evidence":"ไม่มีหลักฐานปัจจุบันว่าระดับวิกฤต; แสดงเป็นคลอง master","status_date":"2026-09-30","source":"BMA GIS + current situation reports"}},{"type":"Feature","id":110,"geometry":{"type":"LineString","coordinates":[[100.63274193198677,13.703544662539015],[100.63290472477605,13.702876649939764],[100.63316443709218,13.70236741157623],[100.6332500994793,13.702242676264346],[100.63350995969331,13.70175503612194],[100.63378652110389,13.701290600504432],[100.63389878179044,13.701021728085083],[100.6340670679042,13.700597680266151],[100.63459111136672,13.699719517839002],[100.63501433383703,13.698890640522507],[100.63548399060856,13.698129776507667],[100.63591829519133,13.697317000977488],[100.6363143002869,13.696554905504952],[100.63678240641126,13.69583553059836],[100.63688622289288,13.695680038702179],[100.63704830033997,13.695164214247344],[100.63718829625992,13.694376790569615],[100.63723931186796,13.693773588524596],[100.63734529367748,13.693391341739552],[100.63741888836674,13.693120826933127],[100.6374545966247,13.6929604534987],[100.63753051899533,13.69276194902713],[100.6375898379565,13.69255460677747],[100.63763761541534,13.69174800247712],[100.63766234566695,13.691598456181897],[100.63775602592739,13.690771756505686],[100.63786698039969,13.690051037774476],[100.63797448968035,13.689625582874399],[100.63800869284445,13.68951203195423],[100.63807112110025,13.689225414012908],[100.63809636201795,13.689149696955925],[100.63810088043432,13.688998476611378],[100.63809275126309,13.688892344755711],[100.63810154941918,13.688566500252485],[100.63814133906664,13.688467280632866],[100.63822659445508,13.68828489039159],[100.63826051089202,13.68812995122526],[100.63829108891126,13.687757150013766],[100.63832752996184,13.687438351007495],[100.6384371020492,13.686782528150838],[100.63854803111832,13.686322800246797],[100.63856932647656,13.686205720058643],[100.63856840444828,13.68607251955596],[100.63863604501678,13.68548176968757],[100.63868657609284,13.685326629253304],[100.63872841678437,13.684995234004385],[100.63880757311149,13.68472468225194],[100.6389339105334,13.684365705893159],[100.63901932441017,13.68394220576118],[100.63909917469901,13.683177501426908],[100.63949655864045,13.681562022674887],[100.63955788955525,13.681106238496028],[100.63957755053369,13.680764145129066],[100.63975189202442,13.679951731474473],[100.63988815659273,13.679430745169748],[100.64016397948889,13.67798398051522]]},"properties":{"objectid":110,"id_khong":105,"id":780,"num":null,"khong_name":"คลองเคล็ด","from_des":null,"to_des":null,"width_m":null,"length_m":0,"deep_m":0,"tor_began":null,"tor_term":null,"budget":0,"budg_sour":null,"mercenary":null,"progress_m":0,"per":0,"remark":null,"lev":null,"shape_leng":0,"owner_name":null,"check_neme":"1","hydrop":null,"text4000":null,"namef_pa":"คลองเคล็ด","shape_le_1":2979.43805312,"dcode":"1009","dname":"เขตพระโขนง","canal_name":"คลองเคล็ด","risk_status":"monitor","evidence":"ไม่มีหลักฐานปัจจุบันว่าระดับวิกฤต; แสดงเป็นคลอง master","status_date":"2026-09-30","source":"BMA GIS + current situation reports"}},{"type":"Feature","id":111,"geometry":{"type":"LineString","coordinates":[[100.62708000231903,13.713656192208594],[100.62745560321721,13.71335531351647],[100.627677515031,13.713165700055804],[100.6279143690572,13.71283229676161],[100.62805861761433,13.71262367406242],[100.62859906720458,13.71213934001975],[100.62903629185558,13.711787625926124],[100.62930165090819,13.711508979669304],[100.62968925208722,13.711335262071424],[100.63008558259538,13.711255561834907],[100.63051896156472,13.710932609257913],[100.63055169229186,13.71083705243322],[100.6306068898205,13.71050611083539],[100.63065902318819,13.710117804841735],[100.63062829261092,13.70973004455681],[100.63059500014083,13.709556480617668],[100.63067328357656,13.70927897770058],[100.63090503756355,13.708980940950875],[100.63124590624443,13.708608984956387],[100.63134250167847,13.70809097327312],[100.63139422764822,13.707643838194942],[100.63142453172004,13.707196843560855],[100.631498640731,13.706701212404749],[100.63161428564456,13.706226182582173],[100.63177887660189,13.70568558126316],[100.63198537812728,13.705208686307992],[100.63209649742677,13.704851259314305],[100.63230680174341,13.704538995070942],[100.63247947015721,13.704196884922899],[100.63273548302983,13.703538017208517]]},"properties":{"objectid":111,"id_khong":106,"id":1158,"num":null,"khong_name":"คลองเคล็ด","from_des":null,"to_des":null,"width_m":null,"length_m":0,"deep_m":0,"tor_began":null,"tor_term":null,"budget":0,"budg_sour":null,"mercenary":null,"progress_m":0,"per":0,"remark":null,"lev":null,"shape_leng":0,"owner_name":null,"check_neme":"1","hydrop":null,"text4000":null,"namef_pa":"คลองเคล็ด","shape_le_1":1360.94303229,"dcode":"1009","dname":"เขตพระโขนง","canal_name":"คลองเคล็ด","risk_status":"monitor","evidence":"ไม่มีหลักฐานปัจจุบันว่าระดับวิกฤต; แสดงเป็นคลอง master","status_date":"2026-09-30","source":"BMA GIS + current situation reports"}},{"type":"Feature","id":112,"geometry":{"type":"LineString","coordinates":[[100.79909222599943,13.84921424619681],[100.80020824922576,13.849856025591885],[100.80111123757455,13.850417768193381],[100.80198544945351,13.850867307072239],[100.80485656804326,13.852369134196099],[100.80564018048074,13.85280911489497],[100.80616889261736,13.853171093709703],[100.8066020778651,13.853341393842308],[100.80749792665097,13.853430114495879],[100.80839636193296,13.853399623750706]]},"properties":{"objectid":112,"id_khong":107,"id":1471,"num":null,"khong_name":null,"from_des":null,"to_des":null,"width_m":null,"length_m":0,"deep_m":0,"tor_began":null,"tor_term":null,"budget":0,"budg_sour":null,"mercenary":null,"progress_m":0,"per":0,"remark":null,"lev":null,"shape_leng":0,"owner_name":null,"check_neme":"1","hydrop":null,"text4000":null,"namef_pa":"คลองแสนแสบ","shape_le_1":1127.12738362,"dcode":"1010","dname":"เขตมีนบุรี","canal_name":"","risk_status":"monitor","evidence":"ไม่มีหลักฐานปัจจุบันว่าระดับวิกฤต; แสดงเป็นคลอง master","status_date":"2026-09-30","source":"BMA GIS + current situation reports"}},{"type":"Feature","id":113,"geometry":{"type":"LineString","coordinates":[[100.48888560486512,13.684762260614342],[100.48843124612526,13.683679749240289],[100.48823658512259,13.683187643391692],[100.48809531964453,13.682494580149392],[100.48801668935262,13.682428173811157],[100.48721059646627,13.682641333795956],[100.48762172913938,13.681516296212752],[100.48782182412448,13.680968857749528],[100.48817210257427,13.680083592867346],[100.4882999190579,13.679740749257725],[100.48846768421309,13.67951976487807],[100.48833433140535,13.679357706783145],[100.4880212030511,13.679094242235182],[100.48770188848354,13.678683229027863],[100.48705626008629,13.67789920084484],[100.48648929375773,13.677210769624322],[100.48556046180754,13.676082834958821],[100.48512628387303,13.675514256720671],[100.48426346721978,13.674384474710882],[100.48236081288042,13.672117190427375],[100.48163688210657,13.671093028987809],[100.48161716862195,13.671073354766769],[100.48094054808614,13.670397582708928],[100.48069616958655,13.670093207028232],[100.4800633949258,13.66924816499601],[100.48029133845414,13.668812904075798],[100.48178071885965,13.665470811794906],[100.48208391212944,13.664783129246267]]},"properties":{"objectid":113,"id_khong":112,"id":1806,"num":null,"khong_name":"คลองบางปะแก้ว","from_des":"คลองสุขสวัสดิ์","to_des":"คลองยายจำปี","width_m":"4-15","length_m":2800,"deep_m":0,"tor_began":null,"tor_term":null,"budget":0,"budg_sour":null,"mercenary":null,"progress_m":0,"per":0,"remark":null,"lev":null,"shape_leng":2679.22278469,"owner_name":"สนน.","check_neme":"1","hydrop":null,"text4000":null,"namef_pa":"คลองบางปะแก้ว","shape_le_1":2737.30150126,"dcode":"1024","dname":"เขตราษฏร์บูรณะ","canal_name":"คลองบางปะแก้ว","risk_status":"monitor","evidence":"ไม่มีหลักฐานปัจจุบันว่าระดับวิกฤต; แสดงเป็นคลอง master","status_date":"2026-09-30","source":"BMA GIS + current situation reports"}},{"type":"Feature","id":114,"geometry":{"type":"LineString","coordinates":[[100.49176158491183,13.691247086580425],[100.49029957860026,13.689793331065497],[100.49018957688538,13.687868611230428],[100.48981892291596,13.687272911036807],[100.4895194968939,13.686330006616375],[100.48924709884835,13.685805472265892],[100.48912594912599,13.685426890876794],[100.48899353098878,13.685050455320368],[100.48888560486512,13.684762260614342]]},"properties":{"objectid":114,"id_khong":113,"id":3588,"num":null,"khong_name":"คลองบางปะแก้ว","from_des":"แม่น้ำเจ้าพระยา","to_des":"คลองยายจำปี","width_m":"4-15","length_m":3300,"deep_m":0,"tor_began":null,"tor_term":null,"budget":0,"budg_sour":null,"mercenary":null,"progress_m":0,"per":0,"remark":"เพิ่มเส้","lev":null,"shape_leng":774.16381701,"owner_name":"สนน.","check_neme":"1","hydrop":null,"text4000":null,"namef_pa":"คลองบางปะแก้ว","shape_le_1":812.13160356,"dcode":"1024","dname":"เขตราษฏร์บูรณะ","canal_name":"คลองบางปะแก้ว","risk_status":"monitor","evidence":"ไม่มีหลักฐานปัจจุบันว่าระดับวิกฤต; แสดงเป็นคลอง master","status_date":"2026-09-30","source":"BMA GIS + current situation reports"}},{"type":"Feature","id":115,"geometry":{"type":"LineString","coordinates":[[100.48256897225652,13.694661804572581],[100.48365216834664,13.69482892646266],[100.48441983335059,13.694826220106686],[100.48499211423072,13.69475156968706],[100.48573075994906,13.694826035543155],[100.48620778010198,13.69493867243143],[100.48661935291388,13.694984370820274],[100.48684551770228,13.694944421480164],[100.48727929750292,13.694751300066146],[100.48774589539173,13.694758165751423],[100.48985279786926,13.694869305673947]]},"properties":{"objectid":115,"id_khong":114,"id":3602,"num":null,"khong_name":"คลองดาวคะนอง","from_des":"แม่น้ำเจ้าพระยา","to_des":"ถนนสุขสวัสดิ์","width_m":"8-15","length_m":700,"deep_m":0,"tor_began":null,"tor_term":null,"budget":0,"budg_sour":null,"mercenary":null,"progress_m":0,"per":0,"remark":null,"lev":null,"shape_leng":644.16921921,"owner_name":"สนน.","check_neme":"1","hydrop":null,"text4000":null,"namef_pa":"คลองดาวคนอง","shape_le_1":797.42467249,"dcode":"1024","dname":"เขตราษฏร์บูรณะ","canal_name":"คลองดาวคะนอง","risk_status":"monitor","evidence":"ไม่มีหลักฐานปัจจุบันว่าระดับวิกฤต; แสดงเป็นคลอง master","status_date":"2026-09-30","source":"BMA GIS + current situation reports"}},{"type":"Feature","id":116,"geometry":{"type":"LineString","coordinates":[[100.50683816941051,13.685656389022558],[100.5048385957102,13.681656395780118],[100.50467235938088,13.680855770656043],[100.50455114555427,13.68045839987212],[100.50447373026437,13.679839704220315],[100.50415838553842,13.678713816245853],[100.50423850941938,13.678414817342821],[100.50417598456293,13.677955995736243],[100.50391858050813,13.677454796937491],[100.50359203803042,13.676328975444653],[100.50356419294768,13.675953179161189],[100.50367471464577,13.675543375644626],[100.50351325463153,13.675337756029563],[100.5031216999203,13.674825258773419],[100.5029753770249,13.67409753371257],[100.50250361988411,13.672669106730222],[100.5020195661822,13.671452323953657],[100.50187396474384,13.671090074857533],[100.50175421710024,13.6709221584294],[100.50167638685609,13.670693164138314],[100.50164690679969,13.670491623518512],[100.50160297837907,13.670259622455763],[100.50133488384395,13.669885371967503],[100.50114005849291,13.669477418492571],[100.50099520562559,13.668919950446954],[100.50016390597219,13.66665825507302],[100.49983117958931,13.665886284988726],[100.4996171069016,13.665519477124187],[100.49949899007272,13.665211104742337],[100.4994967170872,13.66485169181369],[100.49924544887496,13.664460706320627],[100.49891680298686,13.663911306750974],[100.49885722807583,13.663409897200667],[100.49806018818676,13.661677678512783],[100.49762244129793,13.660543657753895],[100.49703431882133,13.659434855013867],[100.49633277461132,13.65614938222155]]},"properties":{"objectid":116,"id_khong":115,"id":3603,"num":null,"khong_name":"คลองราษฎร์บูรณะ (ตอนปลาย","from_des":"ถนนพทุธบูชา","to_des":"ซอยประชาอุทิศ 28","width_m":"2-3","length_m":2300,"deep_m":0,"tor_began":null,"tor_term":null,"budget":0,"budg_sour":null,"mercenary":null,"progress_m":0,"per":0,"remark":null,"lev":null,"shape_leng":3521.63870406,"owner_name":"สำนักงานเขต","check_neme":"1","hydrop":null,"text4000":null,"namef_pa":"คลองราษฎร์บูรณะ","shape_le_1":3501.91906664,"dcode":"1024","dname":"เขตราษฏร์บูรณะ","canal_name":"คลองราษฎร์บูรณะ (ตอนปลาย","risk_status":"monitor","evidence":"ไม่มีหลักฐานปัจจุบันว่าระดับวิกฤต; แสดงเป็นคลอง master","status_date":"2026-09-30","source":"BMA GIS + current situation reports"}},{"type":"Feature","id":117,"geometry":{"type":"LineString","coordinates":[[100.58752400583325,13.899406415941543],[100.58737156191344,13.899137557580707],[100.58646388099392,13.897473033104998],[100.58583821424503,13.896325222736312],[100.58516841146285,13.895092567352162],[100.58442850690936,13.89377116645154],[100.58383734312987,13.892589145358473],[100.58330445856235,13.891640445921817],[100.58254281487179,13.890327582191304],[100.58209769185471,13.889493082203456],[100.58177587992871,13.88887458413428],[100.58101356448068,13.887459869036062],[100.58053763993098,13.886570346710151],[100.58019397896156,13.885934906817418],[100.57975765715724,13.885113085989584],[100.57925995354067,13.884228038691793],[100.57868279921661,13.883168994904937],[100.57808258595783,13.881914714003997],[100.57713588320412,13.88024605252342],[100.57670393368655,13.879424195531254],[100.57574783863366,13.877649399897278],[100.5750911961954,13.876416709978027],[100.57449722502417,13.875425810665662],[100.5739640886188,13.874438855558866],[100.57348001098879,13.873621573315218],[100.57176196696791,13.87047230622611],[100.57055312909782,13.868300021761776],[100.56916236116653,13.865922214576628],[100.56844892295601,13.864638802370436],[100.56773992576717,13.863368101116643],[100.56319121272216,13.855117714855488]]},"properties":{"objectid":117,"id_khong":137,"id":1640,"num":null,"khong_name":"คลองเปรมประชากร","from_des":null,"to_des":null,"width_m":null,"length_m":0,"deep_m":0,"tor_began":null,"tor_term":null,"budget":0,"budg_sour":null,"mercenary":null,"progress_m":0,"per":0,"remark":null,"lev":null,"shape_leng":0,"owner_name":null,"check_neme":"1","hydrop":null,"text4000":null,"namef_pa":"คลองเปรมประชากร","shape_le_1":5561.83677846,"dcode":"1041","dname":"เขตหลักสี่","canal_name":"คลองเปรมประชากร","risk_status":"high_decreasing","evidence":"ระดับยังสูงแต่ลดลง; กทม.รายงาน 30 ก.ย.","status_date":"2026-09-30","source":"BMA GIS + current situation reports"}},{"type":"Feature","id":128,"geometry":{"type":"LineString","coordinates":[[100.72853247143347,13.91726943049511],[100.7285826212636,13.912137485178402],[100.72862671232139,13.909157366844639],[100.7286529798392,13.90765006256454],[100.72873651784033,13.906046565175984],[100.72878777438895,13.903496355533523],[100.72890585124738,13.890199925336965],[100.72899707000143,13.879856647157148],[100.72911783588968,13.869438330195376],[100.72912820217229,13.866965123906322],[100.72910995195565,13.865098022239687],[100.72914249101936,13.86472268392463],[100.72923759684319,13.864452450531173],[100.72923451581563,13.864036336745313],[100.72925796528622,13.86213442138603],[100.72926355029749,13.861394826860307],[100.72929228759281,13.853950550063605],[100.72954428964705,13.836568134298913]]},"properties":{"objectid":128,"id_khong":131,"id":29,"num":null,"khong_name":"คลองสามวา","from_des":"คลองหก","to_des":"ประตูระบายน้ำคลองสามว","width_m":"20.0 - 25.0","length_m":6650,"deep_m":0,"tor_began":null,"tor_term":null,"budget":0,"budg_sour":null,"mercenary":null,"progress_m":0,"per":0,"remark":null,"lev":null,"shape_leng":9156.04433324,"owner_name":"กรมขลประทาน","check_neme":"1","hydrop":null,"text4000":null,"namef_pa":"คลองสามวา","shape_le_1":8931.564893230001,"dcode":"1046","dname":"เขตคลองสามวา","canal_name":"คลองสามวา","risk_status":"monitor","evidence":"ไม่มีหลักฐานปัจจุบันว่าระดับวิกฤต; แสดงเป็นคลอง master","status_date":"2026-09-30","source":"BMA GIS + current situation reports"}},{"type":"Feature","id":129,"geometry":{"type":"LineString","coordinates":[[100.72984616367415,13.811241798943136],[100.72981590768012,13.812805618817318],[100.72983337555301,13.813622586962572],[100.72976232247434,13.815331460395575],[100.7296895216109,13.818332853575052],[100.72963118997684,13.827734778180446]]},"properties":{"objectid":129,"id_khong":132,"id":892,"num":null,"khong_name":"คลองสามวา","from_des":null,"to_des":null,"width_m":null,"length_m":0,"deep_m":0,"tor_began":null,"tor_term":null,"budget":0,"budg_sour":null,"mercenary":null,"progress_m":0,"per":0,"remark":null,"lev":null,"shape_leng":0,"owner_name":null,"check_neme":"1","hydrop":null,"text4000":null,"namef_pa":"คลองสามวา","shape_le_1":1825.12277402,"dcode":"1046","dname":"เขตคลองสามวา","canal_name":"คลองสามวา","risk_status":"monitor","evidence":"ไม่มีหลักฐานปัจจุบันว่าระดับวิกฤต; แสดงเป็นคลอง master","status_date":"2026-09-30","source":"BMA GIS + current situation reports"}},{"type":"Feature","id":130,"geometry":{"type":"LineString","coordinates":[[100.54415081591138,13.819919500954665],[100.54477986533367,13.82089501132997],[100.54504163849789,13.82130031508773],[100.54520280055519,13.821877962486068],[100.54534404143489,13.822256822224876],[100.54666335319881,13.824463925940512],[100.54850993704703,13.828060073290787],[100.55110903337824,13.833127056060134],[100.5518222367966,13.834394456235685],[100.55306034669952,13.836505415185073],[100.5542100743667,13.838501609761002],[100.55585353037709,13.841304856267227],[100.55697860828295,13.843555408362441],[100.55878141438473,13.846885301569312],[100.55980230795159,13.848763619096447],[100.56086408766146,13.850707641874225],[100.56231858289573,13.853380629000334],[100.5629132950149,13.854556558101145],[100.56319121272216,13.855117714855488]]},"properties":{"objectid":130,"id_khong":133,"id":293,"num":null,"khong_name":"คลองเปรมประชากร","from_des":"สะพานรถไฟสายใต้","to_des":"คลองบางเขน","width_m":"15.0 - 40.0","length_m":0,"deep_m":0,"tor_began":null,"tor_term":null,"budget":0,"budg_sour":null,"mercenary":null,"progress_m":0,"per":0,"remark":null,"lev":null,"shape_leng":4442.14248223,"owner_name":"สำนักการระบายน้","check_neme":"1","hydrop":null,"text4000":null,"namef_pa":"คลองเปรมประชากร","shape_le_1":4408.34710025,"dcode":"1041","dname":"เขตหลักสี่","canal_name":"คลองเปรมประชากร","risk_status":"high_decreasing","evidence":"ระดับยังสูงแต่ลดลง; กทม.รายงาน 30 ก.ย.","status_date":"2026-09-30","source":"BMA GIS + current situation reports"}},{"type":"Feature","id":172,"geometry":{"type":"LineString","coordinates":[[100.70617180301163,13.798370628084285],[100.6857568341785,13.786851318384837],[100.67478286905119,13.780934944731975],[100.67420497826201,13.78056800425017],[100.67365818398652,13.780316252486738],[100.67255235635658,13.77973203731453],[100.67160802369324,13.779166510635273],[100.67096206256564,13.77880192205263],[100.6707226982063,13.778673506353364],[100.67023004170937,13.778409449142922],[100.66982317611121,13.778199482145597],[100.66955209945232,13.778050857345772],[100.66936898396524,13.777950434715901],[100.66883200751322,13.777662366245673],[100.66815498854453,13.777304305276068],[100.6681355827622,13.777288351481356],[100.66743706725552,13.776877297945504],[100.6666788241267,13.77645227776879],[100.66615891519831,13.776193727894514],[100.66561089575647,13.775874276828082],[100.66505091298791,13.775545146167815],[100.66466454732522,13.775342892783392]]},"properties":{"objectid":172,"id_khong":171,"id":623,"num":null,"khong_name":null,"from_des":null,"to_des":null,"width_m":null,"length_m":0,"deep_m":0,"tor_began":null,"tor_term":null,"budget":0,"budg_sour":null,"mercenary":null,"progress_m":0,"per":0,"remark":null,"lev":null,"shape_leng":0,"owner_name":null,"check_neme":"1","hydrop":null,"text4000":null,"namef_pa":"คลองแสนแสบ","shape_le_1":5161.87830751,"dcode":"1043","dname":"เขตคันนายาว","canal_name":"","risk_status":"monitor","evidence":"ไม่มีหลักฐานปัจจุบันว่าระดับวิกฤต; แสดงเป็นคลอง master","status_date":"2026-09-30","source":"BMA GIS + current situation reports"}},{"type":"Feature","id":118,"geometry":{"type":"LineString","coordinates":[[100.38434062490094,13.588942775758627],[100.38552683752376,13.589275746069431],[100.386742743488,13.58973498756749],[100.3881916265362,13.590341059580277],[100.38948534021992,13.590969136554277],[100.39083030401672,13.591420315516865],[100.39214471328003,13.591805951777346],[100.39355024755542,13.592240418132498],[100.39503585444866,13.59255395129805],[100.39552703575303,13.592665712929701],[100.39592427821523,13.592924145057445],[100.39629061505215,13.593435544794312],[100.39659730741768,13.594444821935445],[100.39666521591496,13.59466759093641],[100.39683777241632,13.594828584918224],[100.39702992108893,13.594886707070062],[100.39732622540623,13.594812017598793],[100.39766940297878,13.594608544789642],[100.39854313193534,13.594056749702174],[100.39902634390415,13.593848692400737],[100.3993794425243,13.593817065042147],[100.39970137993612,13.59398119545608],[100.39987116288681,13.59435739889616],[100.39986136528718,13.594752325768166],[100.3995181413702,13.595427677964047],[100.3993184590929,13.595799992417705],[100.39923754586499,13.596114428110372],[100.39937860042022,13.596425629149527],[100.3997470829821,13.596599258039744],[100.40027207827536,13.596627940833665],[100.40068652831003,13.596726294266688],[100.4010946767734,13.597126823880147],[100.40142643827777,13.597587072251129],[100.40160126076793,13.597795409540437],[100.40205103067626,13.598223540411382],[100.40270508522603,13.59875084257304],[100.40368765553757,13.599470066379006],[100.40493484279803,13.600374065713018],[100.40604418988953,13.601253802086156],[100.40680154359397,13.601900984407312],[100.40721463551692,13.602115833650414],[100.40784214130207,13.602402587903917],[100.40862691944174,13.602646966068013],[100.40921809078397,13.602935909957116],[100.40962017895745,13.603338446179873],[100.41017636641763,13.604488635361559],[100.41049886684026,13.604782803491169],[100.41087747511226,13.604964309747606],[100.41138019016127,13.605191116459878],[100.41200860223911,13.605410068642259],[100.41327811106996,13.60603281273743],[100.41557809844963,13.607832491424638],[100.4161040119909,13.608344845359666],[100.41682621380876,13.60892919831406],[100.41736708947849,13.609240097665923],[100.41851879527215,13.609744995086624],[100.41891124419467,13.609880948615938],[100.41928761459157,13.610016993172229],[100.41998462856156,13.610439609104576],[100.42057347657325,13.611010790990296],[100.42112086466412,13.611734408233993],[100.42166530194265,13.612307829301951],[100.42242820078576,13.612939289471193],[100.42344643994214,13.61339756478571],[100.424120580221,13.613713560158878],[100.42515930353744,13.614219069969874],[100.42599897504762,13.614687395425337],[100.42621841923041,13.614947424110328],[100.42631001379927,13.615225447868788],[100.42631603504307,13.615886899551075],[100.42636151768853,13.616062427087837],[100.42652791831009,13.616207616261695],[100.42689458011023,13.616412843350332],[100.42774339885801,13.616561979383308],[100.42878684231181,13.61697453520217],[100.42907816145559,13.617108069563267],[100.42930435390392,13.617310755863647],[100.4295958989241,13.61777362926389],[100.42996930169937,13.61840232972138],[100.43032944646144,13.61871414560687],[100.43087193875618,13.618894495443639],[100.43149419994874,13.619108547975799],[100.43250558526545,13.61985196751294],[100.43296725194281,13.62008827015856],[100.43336949171713,13.62016295559193],[100.43389376809122,13.620392931112688],[100.4340038473069,13.620562117931135],[100.43415497964351,13.620853442538442],[100.43420567674094,13.621564071504865],[100.43436601236694,13.622029140825042],[100.43463857496845,13.622223148729123],[100.43495969636372,13.62224199244234],[100.43513354607782,13.62209186430146],[100.4351826357242,13.621524813948799],[100.4352996080654,13.62116876877499],[100.43539762242054,13.621018083809536],[100.43558278491683,13.62092419595699],[100.43584534618185,13.620938496151895],[100.43610643387842,13.62104951074036],[100.43623052947838,13.621204788275177],[100.43667208153387,13.621769003739889],[100.4368010005044,13.622066419078301],[100.43674986720008,13.622281907094449],[100.43652705798979,13.622502452960472],[100.43628682544046,13.62279115582047],[100.4360850604548,13.623190168762692],[100.43608852011901,13.623434985403284],[100.43615860432895,13.623669565744306],[100.4365650522232,13.624111791806282],[100.43680559741581,13.624265944031649],[100.43716804212443,13.624349889492416],[100.43759287484818,13.62423979304583],[100.43798168119652,13.62399469619212],[100.43837264635317,13.623879913814505],[100.4389201789246,13.623945885309608],[100.43921998672315,13.62411984707393],[100.43964797545627,13.62444318438803],[100.44010577291928,13.624868657903253],[100.44026497081427,13.625319810156958],[100.44027837201111,13.625682783776906],[100.44020833647681,13.6259603815212],[100.43991556447013,13.626621661157241],[100.43986438179215,13.62684112642598],[100.43981094277186,13.627015234421588],[100.43983717444165,13.627344784442244],[100.43988100707554,13.627585479664793],[100.4399587807756,13.627754851070193],[100.4401376730301,13.627959155487067],[100.44030625484983,13.628122035333348],[100.440478273908,13.628198041560001],[100.44076528224666,13.628245814598536],[100.441108678561,13.628279342856445],[100.44168050473336,13.6283530300282],[100.44203248480197,13.628457092849366],[100.44223902561832,13.628632946269153],[100.44235971328204,13.628853132117094],[100.442464038439,13.629039610666556],[100.44257409992312,13.629216656377224],[100.44274264959004,13.629424091203562],[100.4429310705073,13.629477223921006],[100.44313883266665,13.629452339128695],[100.44328580738265,13.629382345578135],[100.4434606896142,13.629264380707847],[100.44380653189755,13.629035160092302],[100.44465401681285,13.628943924022526],[100.44485082892548,13.629098773611803],[100.44502136041744,13.629255764537778],[100.44517614605824,13.62945532349988],[100.44529519912658,13.629732093856687],[100.44540758790475,13.630015771240119],[100.44549275488079,13.630084324742988],[100.44557754399312,13.630077957620406],[100.44570450178314,13.63003772386214],[100.44597445362668,13.629937369558942],[100.44634693614923,13.629765380856426],[100.446637779441,13.629729073459623],[100.44687220459846,13.629827486313715],[100.44699434328906,13.629984757406136],[100.44700506064639,13.630205308611659],[100.44692037686664,13.630354113080946],[100.44682969720188,13.630469511912409],[100.44672773190679,13.630633961583317],[100.44663217482928,13.630824583599153],[100.44663535902481,13.631047257811732],[100.44667157220853,13.631261967435973],[100.44686456970338,13.631553398968935],[100.44709013734635,13.631798908873208],[100.44729450353482,13.631866858828696],[100.44746420876017,13.631887561177765],[100.44776444231168,13.63179100499799],[100.44787084405348,13.631691691655039],[100.44811679975476,13.630967502432814],[100.44821763331544,13.63061742172752],[100.44828259525964,13.630346540595225],[100.4482724474253,13.630006957104209],[100.44830964317151,13.629807275215367],[100.44845585497428,13.629624762615293],[100.44880556584799,13.629505955223854],[100.44906790872922,13.62967054181796],[100.44927350048472,13.62993993602842],[100.44940905467794,13.630322169478749],[100.44942663194247,13.630555062006401],[100.44925697561267,13.630879877100222],[100.4488185268956,13.631482727018613],[100.4486103183288,13.631772247821555],[100.44837757277176,13.632012564776234],[100.44806587045817,13.632215744698817],[100.44776251091557,13.632462437912022],[100.44748536770308,13.632708887707668],[100.44739722447596,13.63282788698021],[100.44733943811049,13.63295059648642],[100.44728606472731,13.633134555790098],[100.44728519670467,13.633330049467412],[100.44734879392992,13.633485672377406],[100.44748101155294,13.63367053938146],[100.44769186070293,13.633801624903159],[100.44800617976196,13.634014984897732],[100.44808554524793,13.634119180209284],[100.44815320285899,13.634290595902531],[100.44816848153387,13.634484006662335],[100.44811821285958,13.63483975799398],[100.44799270755726,13.635118854683393],[100.44769560673804,13.635405006917217],[100.44741914565523,13.635763974395902],[100.4473576077371,13.635934154195073],[100.44730601137023,13.63608457317721],[100.44740467515209,13.636366340239691],[100.44758156307377,13.636564774743063],[100.447758496469,13.636782911714203],[100.44780021325043,13.636999847847404],[100.44780503779403,13.637453971490594],[100.44775865864743,13.637797860841477],[100.44766838873156,13.63823084705242],[100.44761572316726,13.638531210804617],[100.44756150953388,13.639240454650677],[100.44750946525504,13.639655414413795],[100.44743421251256,13.639888848003267],[100.4473465970337,13.640094698525427],[100.44711795405621,13.640346830396517],[100.44703604996619,13.640489472848898],[100.44694616382954,13.640647978514718],[100.44685840255146,13.640830150321536],[100.44683333989998,13.6410199099774],[100.4468830268669,13.641218995217484],[100.44705002323208,13.641456983528974],[100.4474028505823,13.64172172371041],[100.44752570148202,13.641807048264452],[100.44758989289735,13.641909524860953],[100.4475891249851,13.642121285611466],[100.4475665966608,13.642401770798575],[100.44753169227255,13.642790059390467],[100.44752438980807,13.64306756312132],[100.44750275546723,13.643519761709417],[100.44742103231336,13.643692048000602],[100.44727093291056,13.643750674664245],[100.44708271854054,13.643770931167602],[100.44682874785157,13.643832151604085],[100.44664342712511,13.643914572173772],[100.44652110223693,13.644115924124078],[100.4464858660673,13.644299778640155],[100.4464833292619,13.644546617379808],[100.44662991308955,13.644749114635308],[100.44690412991083,13.64495827878057],[100.4470689501755,13.645226375245363],[100.44714093944872,13.645445213058172],[100.44722165673716,13.645770556962459],[100.44719252932279,13.645956273348455],[100.44704380882823,13.646416443480168],[100.4469516769836,13.64674460186832],[100.44692909063427,13.647053285719254],[100.44694655164464,13.647341942879045],[100.44697641676896,13.647602419757208],[100.44700000846521,13.648159102818054],[100.44698669014504,13.648287518542547],[100.44693675962124,13.648386592453118],[100.44675730274143,13.64855628442943],[100.4464808425701,13.648780226403291],[100.44637231571248,13.648869700735577],[100.44628628521079,13.648998539213913],[100.44625910288457,13.64917837023475],[100.44631229132439,13.649288683392589],[100.44658007772935,13.649492462830034],[100.44684983421462,13.649694241719931],[100.44699525283185,13.649879934966373],[100.44706045815646,13.650123485940842],[100.44701141061965,13.650354869362662],[100.44685054123613,13.65079811846833],[100.4467833962571,13.651049219843081],[100.44675653729422,13.651244593617724],[100.44678555069493,13.651402676656154],[100.44694624470675,13.651930905204658],[100.4469554429463,13.652114500686523],[100.4469139209918,13.652255009582447],[100.44660812139507,13.652568145798892],[100.4462136411732,13.652975882565505],[100.44610154227469,13.653142380430237],[100.4460063514015,13.65341940186949],[100.44602185972656,13.653650318617446],[100.44611175499531,13.653817627190971],[100.44645281011596,13.654123649143676],[100.44656040006366,13.654217829160848],[100.44662369941565,13.654335945856145],[100.44666715245633,13.654499548355144],[100.44666174105761,13.6546121916328],[100.44656136733012,13.654701618717294],[100.44639994935302,13.654730215674991],[100.44600407082083,13.65470884356176],[100.44563271897329,13.654734686783943],[100.44533153993997,13.655018782962687],[100.44526206394968,13.655237993951392],[100.4452791230605,13.65536071849307],[100.44546509042924,13.655645773500735],[100.44571978009034,13.655762956151479],[100.44620030101777,13.65608985619368],[100.44622114900685,13.65619638112656],[100.44618729205507,13.656281534233946],[100.44605681434935,13.656396803908429],[100.4457103183046,13.656537011800932],[100.44536423639114,13.6567325279008],[100.44521009341493,13.656954581544609],[100.44520147525762,13.657191604158916],[100.44521533486076,13.657489681782101],[100.44529397721143,13.657799221249572],[100.44534192356983,13.65804974228994],[100.44537331891624,13.658223356170756],[100.4453547199309,13.658486104163263],[100.44518389041163,13.658859548526188],[100.44501562979755,13.659179203526534],[100.4448736620749,13.65953585022949],[100.4448066614445,13.659973942518544],[100.44479519105697,13.660105599895587],[100.4448202845734,13.66020830445065],[100.44492660735683,13.660394226039836],[100.44515484622947,13.66048553402601],[100.44541994209457,13.660570933817482],[100.44557390632168,13.660656889722336],[100.44573699684234,13.660914602142759],[100.44578844351103,13.66107625973345],[100.44578778548998,13.661293443491482],[100.44568261082374,13.661596191323596],[100.44549661685141,13.661895432727457],[100.44526093460088,13.662284167987986],[100.44516526896646,13.662521336196205],[100.44516195144254,13.662639841234753],[100.44518900134071,13.662775884357544],[100.44529701740169,13.662939201088776],[100.44565756048861,13.66315120511963],[100.44592488694802,13.663264427814589],[100.44612767713456,13.66339438382579],[100.44616365548295,13.663656813459564],[100.4461344391156,13.66384063284627],[100.44608102301689,13.664018628076052],[100.44593673685571,13.664195254848943],[100.44564010579234,13.664564281491817],[100.44548985342729,13.664762544038256],[100.4454589590359,13.664983879669865],[100.44554278512491,13.665155199873366],[100.44639146616335,13.665764100206273],[100.44682745531256,13.666097221855821],[100.44696417259074,13.666216716645398],[100.44702337223626,13.666362061607769],[100.44704423969246,13.666596290388771],[100.44690700155274,13.667003431456193],[100.44686724451053,13.667445975130327],[100.4469421748196,13.667920475401802],[100.44751181334578,13.670491030558093],[100.44758851517831,13.670880654748723],[100.44770715247445,13.671221952904643],[100.44787021579884,13.671410976045692],[100.44862790664723,13.672044437369154],[100.44876266620933,13.672254411907295],[100.44873174247604,13.672507832241834],[100.4485609612602,13.672976807958392],[100.44851011317961,13.673275533970001],[100.44849314197388,13.673778949333244],[100.44851968178195,13.67449160611484],[100.44867000956103,13.675315246659851],[100.4487118922552,13.67554492442851],[100.44879780032676,13.676379696735292],[100.44885932349037,13.677190841745968],[100.44881887345508,13.677507040272024],[100.44877379943298,13.677740298120309],[100.44844142161315,13.678859857876601],[100.448391087312,13.679280048447108],[100.44838192301503,13.679888075440944],[100.44841121058053,13.680451501931904],[100.44845310842771,13.680945263808347],[100.44851983980574,13.681261558671334],[100.44865217601574,13.681622838878353]]},"properties":{"objectid":118,"id_khong":108,"id":2796,"num":null,"khong_name":"คลองสนามชัย","from_des":"คลองวัดสิงห์","to_des":"คลองแสมดำ","width_m":"14-40","length_m":12850,"deep_m":0,"tor_began":null,"tor_term":null,"budget":0,"budg_sour":null,"mercenary":null,"progress_m":0,"per":0,"remark":null,"lev":null,"shape_leng":17268.2607219,"owner_name":"สนน.","check_neme":"1","hydrop":null,"text4000":null,"namef_pa":"คลองสนามชัย","shape_le_1":16965.371335699998,"dcode":"1035","dname":"เขตจอมทอง","canal_name":"คลองสนามชัย","risk_status":"monitor","evidence":"ไม่มีหลักฐานปัจจุบันว่าระดับวิกฤต; แสดงเป็นคลอง master","status_date":"2026-09-30","source":"BMA GIS + current situation reports"}},{"type":"Feature","id":119,"geometry":{"type":"LineString","coordinates":[[100.47028526018698,13.659016342918944],[100.4703591264476,13.658549918995897],[100.47043321173146,13.658119012102608],[100.47053212025838,13.657794603467947],[100.47066261440575,13.657339682971303],[100.47078370388724,13.656683367425055],[100.47089226000116,13.655948135547616]]},"properties":{"objectid":119,"id_khong":109,"id":2830,"num":null,"khong_name":"คลองบางมด","from_des":null,"to_des":null,"width_m":null,"length_m":0,"deep_m":0,"tor_began":null,"tor_term":null,"budget":0,"budg_sour":null,"mercenary":null,"progress_m":0,"per":0,"remark":null,"lev":null,"shape_leng":0,"owner_name":null,"check_neme":"1","hydrop":null,"text4000":null,"namef_pa":"คลองบางมด","shape_le_1":346.22893696,"dcode":"1035","dname":"เขตจอมทอง","canal_name":"คลองบางมด","risk_status":"monitor","evidence":"ไม่มีหลักฐานปัจจุบันว่าระดับวิกฤต; แสดงเป็นคลอง master","status_date":"2026-09-30","source":"BMA GIS + current situation reports"}},{"type":"Feature","id":120,"geometry":{"type":"LineString","coordinates":[[100.48256897225652,13.694661804572581],[100.48365216834664,13.69482892646266],[100.48441983335059,13.694826220106686],[100.48499211423072,13.69475156968706],[100.48573075994906,13.694826035543155],[100.48620778010198,13.69493867243143],[100.48661935291388,13.694984370820274],[100.48684551770228,13.694944421480164],[100.48727929750292,13.694751300066146],[100.48774589539173,13.694758165751423],[100.48985279786926,13.694869305673947]]},"properties":{"objectid":120,"id_khong":110,"id":3602,"num":null,"khong_name":"คลองดาวคะนอง","from_des":"แม่น้ำเจ้าพระยา","to_des":"ถนนสุขสวัสดิ์","width_m":"8-15","length_m":700,"deep_m":0,"tor_began":null,"tor_term":null,"budget":0,"budg_sour":null,"mercenary":null,"progress_m":0,"per":0,"remark":null,"lev":null,"shape_leng":644.16921921,"owner_name":"สนน.","check_neme":"1","hydrop":null,"text4000":null,"namef_pa":"คลองดาวคนอง","shape_le_1":797.42467249,"dcode":"1035","dname":"เขตจอมทอง","canal_name":"คลองดาวคะนอง","risk_status":"monitor","evidence":"ไม่มีหลักฐานปัจจุบันว่าระดับวิกฤต; แสดงเป็นคลอง master","status_date":"2026-09-30","source":"BMA GIS + current situation reports"}},{"type":"Feature","id":121,"geometry":{"type":"LineString","coordinates":[[100.60427906928525,13.954599323258604],[100.6060788847008,13.941475338398671],[100.60634959698679,13.939737627192923],[100.60646394969858,13.93875047956793],[100.60658048521137,13.938078981417306],[100.606611573293,13.936737408240836],[100.60660093191035,13.93519874086811],[100.6063498573975,13.933937922800261],[100.60413325689447,13.929849258570538],[100.58752400583325,13.899406415941543]]},"properties":{"objectid":121,"id_khong":111,"id":308,"num":null,"khong_name":"คลองเปรมประชากร","from_des":"คลองบางเขน","to_des":"คลองตาอูฐ","width_m":"12.0 - 35.0","length_m":0,"deep_m":0,"tor_began":null,"tor_term":null,"budget":0,"budg_sour":null,"mercenary":null,"progress_m":0,"per":0,"remark":null,"lev":null,"shape_leng":12285.7772533,"owner_name":"สำนักการระบายน้","check_neme":"1","hydrop":null,"text4000":null,"namef_pa":"คลองเปรมประชากร","shape_le_1":6633.82955338,"dcode":"1036","dname":"เขตดอนเมือง","canal_name":"คลองเปรมประชากร","risk_status":"high_decreasing","evidence":"ระดับยังสูงแต่ลดลง; กทม.รายงาน 30 ก.ย.","status_date":"2026-09-30","source":"BMA GIS + current situation reports"}},{"type":"Feature","id":122,"geometry":{"type":"LineString","coordinates":[[100.60707838131003,13.897353562008382],[100.60863469952443,13.895754687224946],[100.61017339322795,13.893816578864142],[100.6103732962138,13.893597196353445],[100.61109633843645,13.892613984889877],[100.61121046009045,13.892468277952558],[100.61035919280637,13.891467707352161]]},"properties":{"objectid":122,"id_khong":138,"id":1717,"num":null,"khong_name":"คลองถนน","from_des":null,"to_des":null,"width_m":null,"length_m":0,"deep_m":0,"tor_began":null,"tor_term":null,"budget":0,"budg_sour":null,"mercenary":null,"progress_m":0,"per":0,"remark":null,"lev":null,"shape_leng":0,"owner_name":null,"check_neme":"1","hydrop":null,"text4000":null,"namef_pa":"คลองถนน","shape_le_1":846.12779221,"dcode":"1005","dname":"เขตบางเขน","canal_name":"คลองถนน","risk_status":"monitor","evidence":"ไม่มีหลักฐานปัจจุบันว่าระดับวิกฤต; แสดงเป็นคลอง master","status_date":"2026-09-30","source":"BMA GIS + current situation reports"}},{"type":"Feature","id":123,"geometry":{"type":"LineString","coordinates":[[100.43769902939536,13.693638122455237],[100.43811865731516,13.692990472889237],[100.4383796801717,13.692750990151753],[100.43851384395721,13.692636605171613],[100.43862759638085,13.692487632746186],[100.43880235129315,13.692253440289411],[100.4389248557773,13.692064470555522],[100.43907787100746,13.691903430444116],[100.43917389233782,13.691809963271288],[100.43943607216858,13.691485517132964],[100.43955376759958,13.691345830499076],[100.4396819691556,13.691178788324859],[100.43981855518045,13.691024079871628],[100.4400235103744,13.690754373180491],[100.44030285853601,13.69039521172837],[100.44045661764157,13.690281524534305],[100.44062408420808,13.690140464007033],[100.44079573387403,13.69001031432486],[100.44092701295563,13.68987326000362],[100.440981702146,13.689815461114337],[100.44103239500701,13.689714755185754],[100.44108664156018,13.68957182234748],[100.44146559649647,13.689145380783327],[100.44170296841256,13.688829120684032],[100.44199985138854,13.688458377028335],[100.44217658681708,13.688262401722387],[100.44239749259039,13.687984105086331],[100.44249484899436,13.68787246297628],[100.44275360227083,13.687662543063215],[100.44302952534946,13.687443123404591],[100.44317002204545,13.687342797688979],[100.44323317905463,13.687111152474472],[100.44331301068064,13.68698858567635],[100.443419191255,13.686849145492546],[100.4436316710993,13.686764578190749],[100.44395321897613,13.686564052106784],[100.44395930396374,13.686286826261068],[100.44401128301621,13.68617237571361],[100.44417070570935,13.685888200821042],[100.44431552748603,13.685697380428422],[100.44442090703456,13.685564271440256],[100.4447229028241,13.685183102481911],[100.44492072146522,13.684920032286827],[100.44512430428024,13.684639756596352],[100.44523472612356,13.684470917590906],[100.44532342863377,13.684265874024915],[100.44553282821443,13.684101881016566],[100.44564853632791,13.68404987117571],[100.44590307687626,13.684099990713554],[100.44614750489937,13.684029695745075],[100.44624587453221,13.683897258934842],[100.44632060267828,13.683638702408981],[100.4463769032337,13.683395798988473],[100.44633000815162,13.683281473547888],[100.44627439212829,13.68312472077898],[100.44628564160291,13.683044399218202],[100.4464156110355,13.682881140640466],[100.44646832175846,13.682861943526907],[100.44665154862076,13.682768868630024],[100.44675036315661,13.682547317080248],[100.4468601328009,13.682347120061648],[100.44691981251223,13.682195749540172],[100.44699287878966,13.682002185057211],[100.44704625217054,13.681904174466421],[100.44712393714912,13.681705340879532],[100.44725016192754,13.681553400701983],[100.44747821163249,13.681435480065117],[100.44855312360481,13.681693009928718],[100.4486048316702,13.681659447935079],[100.44865217601574,13.681622838878353]]},"properties":{"objectid":123,"id_khong":116,"id":1823,"num":null,"khong_name":"คลองวัดสิงห์","from_des":"คลองบางโคลัด","to_des":"คลองบางบอน","width_m":"4.0 - 6.0","length_m":1800,"deep_m":0,"tor_began":null,"tor_term":null,"budget":0,"budg_sour":null,"mercenary":null,"progress_m":0,"per":0,"remark":null,"lev":null,"shape_leng":1822.17519485,"owner_name":"สำนักการระบายน้","check_neme":"1","hydrop":null,"text4000":null,"namef_pa":"คลองวัดสิงห์","shape_le_1":1925.02722395,"dcode":"1050","dname":"เขตบางบอน","canal_name":"คลองวัดสิงห์","risk_status":"monitor","evidence":"ไม่มีหลักฐานปัจจุบันว่าระดับวิกฤต; แสดงเป็นคลอง master","status_date":"2026-09-30","source":"BMA GIS + current situation reports"}},{"type":"Feature","id":124,"geometry":{"type":"LineString","coordinates":[[100.59463282881954,13.887645895786944],[100.59615233976902,13.889056877723897],[100.59855925100051,13.89091281205496],[100.59918512706523,13.891239925052835],[100.60133133221944,13.89269990252682],[100.60302608345707,13.893932286469358],[100.60388616096967,13.894575139647088],[100.60553484495945,13.895673153161844],[100.60641493360123,13.896527421859568],[100.60681027346405,13.89705448305002],[100.60707838131003,13.897353562008382]]},"properties":{"objectid":124,"id_khong":117,"id":294,"num":null,"khong_name":"คลองถนน","from_des":"คลองวัดหลักสี่","to_des":"คลองลำผักชี","width_m":"10.0 - 35.0","length_m":0,"deep_m":0,"tor_began":null,"tor_term":null,"budget":0,"budg_sour":null,"mercenary":null,"progress_m":0,"per":0,"remark":null,"lev":null,"shape_leng":1736.0613850900002,"owner_name":"สำนักการระบายน้","check_neme":"1","hydrop":null,"text4000":null,"namef_pa":"คลองถนน","shape_le_1":1728.78951792,"dcode":"1036","dname":"เขตดอนเมือง","canal_name":"คลองถนน","risk_status":"monitor","evidence":"ไม่มีหลักฐานปัจจุบันว่าระดับวิกฤต; แสดงเป็นคลอง master","status_date":"2026-09-30","source":"BMA GIS + current situation reports"}},{"type":"Feature","id":125,"geometry":{"type":"LineString","coordinates":[[100.65377019533246,13.668914781324457],[100.6535225774675,13.669049187168174],[100.6533973177262,13.669110570515338],[100.65313015250696,13.669174527243749],[100.65288188170967,13.669215403481099],[100.65268242146612,13.66922766868368],[100.65233075495371,13.669219077916214],[100.65168599772004,13.669229159022978],[100.65040647995073,13.669196562892294],[100.64991953379597,13.669189683777072],[100.64851657102552,13.669074216497744],[100.6476971324443,13.669010169307287],[100.6470620355902,13.669083433760708],[100.64635210489058,13.669191804535398],[100.64588484660887,13.6692872670922],[100.6454586041777,13.66938390094924],[100.64489587997109,13.669880517595413],[100.6447308539613,13.670274906462588],[100.64393340345805,13.671238578223626],[100.64377314213543,13.671320342400735],[100.64321750422155,13.672158329572484],[100.64308098221525,13.672289097729614],[100.64297680811354,13.672457154730086],[100.64247267018332,13.673127252138192],[100.6422124075059,13.673550466216458],[100.64195889335701,13.674100606865874],[100.64167031619144,13.674650978763673],[100.64119055310024,13.675473910104223],[100.64065496901624,13.676249495817542],[100.64056029326137,13.67651282995212],[100.64024858638759,13.677532379050593],[100.64017503366274,13.677962128045351]]},"properties":{"objectid":125,"id_khong":118,"id":576,"num":null,"khong_name":"คลองเคล็ด","from_des":null,"to_des":null,"width_m":null,"length_m":0,"deep_m":0,"tor_began":null,"tor_term":null,"budget":0,"budg_sour":null,"mercenary":null,"progress_m":0,"per":0,"remark":null,"lev":null,"shape_leng":0,"owner_name":null,"check_neme":"1","hydrop":null,"text4000":null,"namef_pa":"คลองเคล็ด","shape_le_1":2036.3249406900002,"dcode":"1047","dname":"เขตบางนา","canal_name":"คลองเคล็ด","risk_status":"monitor","evidence":"ไม่มีหลักฐานปัจจุบันว่าระดับวิกฤต; แสดงเป็นคลอง master","status_date":"2026-09-30","source":"BMA GIS + current situation reports"}},{"type":"Feature","id":126,"geometry":{"type":"LineString","coordinates":[[100.43769902939536,13.693638122455237],[100.43811865731516,13.692990472889237],[100.4383796801717,13.692750990151753],[100.43851384395721,13.692636605171613],[100.43862759638085,13.692487632746186],[100.43880235129315,13.692253440289411],[100.4389248557773,13.692064470555522],[100.43907787100746,13.691903430444116],[100.43917389233782,13.691809963271288],[100.43943607216858,13.691485517132964],[100.43955376759958,13.691345830499076],[100.4396819691556,13.691178788324859],[100.43981855518045,13.691024079871628],[100.4400235103744,13.690754373180491],[100.44030285853601,13.69039521172837],[100.44045661764157,13.690281524534305],[100.44062408420808,13.690140464007033],[100.44079573387403,13.69001031432486],[100.44092701295563,13.68987326000362],[100.440981702146,13.689815461114337],[100.44103239500701,13.689714755185754],[100.44108664156018,13.68957182234748],[100.44146559649647,13.689145380783327],[100.44170296841256,13.688829120684032],[100.44199985138854,13.688458377028335],[100.44217658681708,13.688262401722387],[100.44239749259039,13.687984105086331],[100.44249484899436,13.68787246297628],[100.44275360227083,13.687662543063215],[100.44302952534946,13.687443123404591],[100.44317002204545,13.687342797688979],[100.44323317905463,13.687111152474472],[100.44331301068064,13.68698858567635],[100.443419191255,13.686849145492546],[100.4436316710993,13.686764578190749],[100.44395321897613,13.686564052106784],[100.44395930396374,13.686286826261068],[100.44401128301621,13.68617237571361],[100.44417070570935,13.685888200821042],[100.44431552748603,13.685697380428422],[100.44442090703456,13.685564271440256],[100.4447229028241,13.685183102481911],[100.44492072146522,13.684920032286827],[100.44512430428024,13.684639756596352],[100.44523472612356,13.684470917590906],[100.44532342863377,13.684265874024915],[100.44553282821443,13.684101881016566],[100.44564853632791,13.68404987117571],[100.44590307687626,13.684099990713554],[100.44614750489937,13.684029695745075],[100.44624587453221,13.683897258934842],[100.44632060267828,13.683638702408981],[100.4463769032337,13.683395798988473],[100.44633000815162,13.683281473547888],[100.44627439212829,13.68312472077898],[100.44628564160291,13.683044399218202],[100.4464156110355,13.682881140640466],[100.44646832175846,13.682861943526907],[100.44665154862076,13.682768868630024],[100.44675036315661,13.682547317080248],[100.4468601328009,13.682347120061648],[100.44691981251223,13.682195749540172],[100.44699287878966,13.682002185057211],[100.44704625217054,13.681904174466421],[100.44712393714912,13.681705340879532],[100.44725016192754,13.681553400701983],[100.44747821163249,13.681435480065117],[100.44855312360481,13.681693009928718],[100.4486048316702,13.681659447935079],[100.44865217601574,13.681622838878353]]},"properties":{"objectid":126,"id_khong":119,"id":1823,"num":null,"khong_name":"คลองวัดสิงห์","from_des":"คลองบางโคลัด","to_des":"คลองบางบอน","width_m":"4.0 - 6.0","length_m":1800,"deep_m":0,"tor_began":null,"tor_term":null,"budget":0,"budg_sour":null,"mercenary":null,"progress_m":0,"per":0,"remark":null,"lev":null,"shape_leng":1822.17519485,"owner_name":"สำนักการระบายน้","check_neme":"1","hydrop":null,"text4000":null,"namef_pa":"คลองวัดสิงห์","shape_le_1":1925.02722395,"dcode":"1021","dname":"เขตบางขุนเทียน","canal_name":"คลองวัดสิงห์","risk_status":"monitor","evidence":"ไม่มีหลักฐานปัจจุบันว่าระดับวิกฤต; แสดงเป็นคลอง master","status_date":"2026-09-30","source":"BMA GIS + current situation reports"}},{"type":"Feature","id":127,"geometry":{"type":"LineString","coordinates":[[100.45026239740623,13.621930708376636],[100.45023753674414,13.621828183353516],[100.44989808017765,13.621776839416638],[100.44973693903584,13.621697161140824],[100.44957184279583,13.621581174404835],[100.4494512244714,13.621410157763782],[100.44946564952845,13.621326021788022],[100.44953783490381,13.621303096761181],[100.44963676651821,13.621304508839543],[100.44985305602789,13.62135458255409],[100.45010778017524,13.621408409425504],[100.45024700630688,13.621393769565293],[100.4502990921787,13.621324326712127],[100.45026819553082,13.621231687424999],[100.45016243714905,13.621098002461496],[100.44989884203954,13.620913991694387],[100.44975626580643,13.620741476953716],[100.44968941753253,13.620652211924746],[100.44965527536729,13.620564743160845],[100.44968351120583,13.620358335440637],[100.44985645333017,13.620248782411117],[100.45003175005986,13.62020031206343],[100.45003536386999,13.619780393123486],[100.45002578582992,13.61954682011536],[100.45006883109289,13.619319447984587],[100.45010805452955,13.619127707258599],[100.45015296110229,13.618880622275928],[100.450128424764,13.618493493459692],[100.45008881055334,13.618120913305193],[100.45020225098888,13.617689598645038],[100.45026398832788,13.617553038682047],[100.45031299338447,13.617315780335753],[100.45029773922134,13.617126255536595],[100.45022786106878,13.616927288123286],[100.4501945745422,13.616767512266986],[100.45021215840312,13.616676578995044],[100.45028179598822,13.616498488964966],[100.45039557038658,13.616284532475053],[100.45053080967706,13.615953952754538],[100.45064489706516,13.615791420228264],[100.4509295469876,13.615667387388902],[100.45114984955931,13.615651461821853],[100.45123947930196,13.615640002800083],[100.45132085992469,13.615500706568536],[100.4513720688972,13.615324983749428],[100.45145700488192,13.615156294105647],[100.45146000432355,13.61503571164508],[100.45139544396366,13.614871599485273],[100.45127619431446,13.614699672398604],[100.45122513187368,13.614599288951169],[100.45117724053287,13.614356720781629],[100.45120335812045,13.614002917917873],[100.45122880643498,13.613889524844383],[100.45119088515742,13.6137946684208],[100.45118116670749,13.613425619400989],[100.45121069664526,13.612756646979076],[100.45124267271387,13.612176320603155],[100.45127084408281,13.611834525799196],[100.45144256946742,13.611563925599086],[100.45148420427967,13.611392957461225],[100.45136115915184,13.611085665877626],[100.45136029035257,13.610943144023443],[100.45144603137513,13.610769207665863],[100.45155985003049,13.610563203764828],[100.45168310574627,13.61024263547211],[100.45170098470147,13.609875233400432],[100.4517596235994,13.609643341631967],[100.45202480134641,13.609264103144007],[100.45205772073788,13.60888874971265],[100.45224059634155,13.608310164459548],[100.45230690764976,13.608086995447982],[100.45243542443089,13.607717139907297],[100.45267708405345,13.607393349306449],[100.4527752071424,13.60725061137477],[100.45295711365752,13.606963231294106],[100.45318885624333,13.606562948359093],[100.45313295257074,13.606305966446333],[100.45323804723924,13.606019667366104],[100.45338863349646,13.605957331100452],[100.45363543045202,13.605988787382165],[100.45382363167916,13.60604634417588]]},"properties":{"objectid":127,"id_khong":120,"id":2795,"num":null,"khong_name":"คลองหัวกระบือ","from_des":"แยกคลองเฉลิมชัยพั","to_des":"คลองนา","width_m":"8-45","length_m":2550,"deep_m":0,"tor_began":null,"tor_term":null,"budget":0,"budg_sour":null,"mercenary":null,"progress_m":0,"per":0,"remark":null,"lev":null,"shape_leng":2175.01834989,"owner_name":"สนน.","check_neme":"1","hydrop":null,"text4000":null,"namef_pa":"คลองหัวกระบือ","shape_le_1":2171.20663537,"dcode":"1021","dname":"เขตบางขุนเทียน","canal_name":"คลองหัวกระบือ","risk_status":"monitor","evidence":"ไม่มีหลักฐานปัจจุบันว่าระดับวิกฤต; แสดงเป็นคลอง master","status_date":"2026-09-30","source":"BMA GIS + current situation reports"}},{"type":"Feature","id":131,"geometry":{"type":"LineString","coordinates":[[100.47089224207528,13.655945243890592],[100.47092728591718,13.65574557317013],[100.47104538638423,13.655111416843734],[100.47121088720161,13.654266762096604],[100.4713502946315,13.653565600906047],[100.47140688211242,13.653300188586726],[100.47147574754266,13.652691539112201],[100.47158688107727,13.652188020670183],[100.4716714411027,13.65187327614956],[100.47184663779363,13.651277553650708],[100.4719410411093,13.65085420879697],[100.47204340494953,13.650325525438355],[100.47213324912752,13.649904466581253],[100.47219985571459,13.64963257755118],[100.47230541800528,13.649079022641061],[100.47235014756596,13.648794429852611],[100.47241029680295,13.648403100193763],[100.47250326276024,13.647772708459293],[100.47261033046156,13.647130302615018],[100.47265712607425,13.646859525397307],[100.47268521381508,13.646632240116894],[100.47282506501851,13.645942282278092],[100.47287744251847,13.645207474545733],[100.47289267238939,13.644824273919445],[100.47293613546692,13.644495403661137],[100.47298571568606,13.64420662473535],[100.47304059171086,13.64389928685458],[100.47312720336389,13.643215519590301],[100.47323767269447,13.642483078142766],[100.47329253466967,13.642099642373646],[100.47337235087157,13.64148785601644],[100.47344019428036,13.640948803579901],[100.47346348800417,13.64046496526553],[100.47348644809125,13.639939554957053],[100.4735410762624,13.639629236333718],[100.47367452829081,13.63901432944645],[100.47382252015166,13.638359660609488],[100.47396973481797,13.637776485909992],[100.47411781457629,13.637234516602652],[100.47420275948447,13.636933869355815],[100.47430804867301,13.636656870050441],[100.4743771423476,13.636405663033713],[100.4745697019209,13.63587138353893],[100.47476814767698,13.635315378532939],[100.47491064542977,13.634709636194502],[100.47492239117805,13.634465366601452],[100.47498712783295,13.634040389392428],[100.47504405021778,13.633510529768026],[100.47502733903187,13.633163488997344],[100.47501375781157,13.63289081005762],[100.47504121281057,13.63247617665435],[100.47507090678825,13.63216437874995],[100.47513261237945,13.6319387017015],[100.47523280656733,13.631774522985811],[100.47545036332129,13.631375932629863],[100.47556504091835,13.630991147153903],[100.47559650461515,13.630534825590718],[100.47560864566486,13.630207045034481],[100.47553784688009,13.629863849911041],[100.47546824915956,13.629714146283812],[100.47534673746223,13.629562400487893],[100.47507019999094,13.629446370761311],[100.47472628151077,13.629353695623823],[100.47442460533362,13.629214858233855],[100.47423713340298,13.629131105640282],[100.47405452826996,13.628984059542136],[100.4739929494035,13.628824456476],[100.47396802898253,13.628714072636365],[100.47396138441812,13.628613431767935],[100.47407476078497,13.62833828307382],[100.47419596888028,13.628072486365232],[100.4742697143216,13.627871140460902],[100.47433720189578,13.62769296758988],[100.4743686579675,13.627554593689114],[100.47435563433703,13.62740853056169],[100.47415277876061,13.627264857847907],[100.47387166467207,13.627123005779838],[100.47353113602126,13.626949420401516],[100.47327048008673,13.626591533748385],[100.47307659233428,13.626259008555428],[100.47289551056596,13.626025099808745],[100.47276724006478,13.625852063480012],[100.47260918585081,13.625706226459185],[100.47234440095923,13.625493238864752],[100.47218041592309,13.62531255101253],[100.47205961318002,13.625040777439263],[100.47199330169227,13.624768681175528],[100.47197165144964,13.624533827596782],[100.47198777630867,13.624196081282642],[100.4720149379927,13.624016250243214],[100.47217766098414,13.623894813362105],[100.47252330826733,13.623628140457717],[100.4728686719128,13.62342654128611],[100.47316492775691,13.623245206525317],[100.47328759245217,13.623165489956165],[100.47349681503403,13.623033654272053],[100.47375376697343,13.62276976535291],[100.47397395901177,13.622501936799521],[100.47411926710568,13.622165413557168],[100.47420210263768,13.621856915444553],[100.47433595320165,13.621627015188022],[100.47451666648831,13.621469951989289],[100.47467354090622,13.621364364090505],[100.47516200052617,13.621023816670808],[100.47540530332861,13.620783957747607],[100.47590201159053,13.620225640682985],[100.47620297527845,13.619919733774339],[100.4764440811563,13.619842115151291],[100.47660391752372,13.619821101999815],[100.47674632210887,13.619840320789852],[100.4775445173803,13.619847057814464],[100.47780712958209,13.619845497581222],[100.47814026879121,13.619787845851818],[100.47836805975126,13.619677134720547],[100.47849807821294,13.61954278396153],[100.47855780510403,13.619404241727935],[100.4785790427774,13.619154945725876],[100.47855077987568,13.618862380419433],[100.47852447690649,13.618590862962574],[100.47851894167349,13.618350039795587],[100.47860042608667,13.618144217702518],[100.47876084202598,13.617971456895996],[100.47897078252772,13.617956380902006],[100.47929979642485,13.617946561854751],[100.4796908701189,13.617928600083001],[100.48003881928196,13.617728423184795],[100.48020943299397,13.617553792974643],[100.48044796572287,13.61722231503535],[100.48073492034425,13.616883409247897],[100.48117497635754,13.616274719486901],[100.48134843170288,13.615920220369633],[100.4814656255572,13.615611517121353],[100.48152765365238,13.615304406987157],[100.48152366260713,13.615214233883378],[100.48152419605822,13.614981599073717],[100.4814890953677,13.614521426171583],[100.48147069369554,13.613842259592202],[100.48153561901304,13.613241586466769],[100.48156997783624,13.612921536402789],[100.48157239183975,13.612599146358153],[100.48154911261017,13.612483240310203],[100.48143426735514,13.612201584635184],[100.48124072630213,13.611924284330467],[100.48099141288154,13.61142824065744],[100.48077676465843,13.610673239617737],[100.48071206733759,13.610012061965813],[100.48064952757059,13.609366778345754],[100.48047197469666,13.609061816661193],[100.48019504162913,13.608682341345784],[100.4798190976493,13.608103540243919],[100.47947049099322,13.607484267474712],[100.47941198727499,13.607279367740658],[100.47943803175018,13.6069821422889],[100.4794632350399,13.606561556775949],[100.47956354634654,13.606405963320537],[100.47953132898074,13.606188073848898],[100.47939312476002,13.605898963953258],[100.47916445121358,13.605693720219186],[100.4789953540326,13.60563299710842],[100.47880913452228,13.605588462436865],[100.4783978843129,13.605679746041812],[100.4782648133575,13.60571415628754],[100.47817396626542,13.605712707903999],[100.47789164588201,13.605433942378491],[100.47719297670443,13.604571729412488],[100.4769756501555,13.60430324188388],[100.47693498322674,13.604221600633629]]},"properties":{"objectid":131,"id_khong":121,"id":2832,"num":null,"khong_name":"คลองบางมด","from_des":"ซอยบุญแปลกอนุสรณ์","to_des":"คลองกระออม","width_m":"8-18","length_m":9800,"deep_m":0,"tor_began":null,"tor_term":null,"budget":0,"budg_sour":null,"mercenary":null,"progress_m":0,"per":0,"remark":null,"lev":null,"shape_leng":8188.88056304,"owner_name":"สนน.","check_neme":"1","hydrop":null,"text4000":null,"namef_pa":"คลองบางมด","shape_le_1":6830.460215440001,"dcode":"1021","dname":"เขตบางขุนเทียน","canal_name":"คลองบางมด","risk_status":"monitor","evidence":"ไม่มีหลักฐานปัจจุบันว่าระดับวิกฤต; แสดงเป็นคลอง master","status_date":"2026-09-30","source":"BMA GIS + current situation reports"}},{"type":"Feature","id":132,"geometry":{"type":"LineString","coordinates":[[100.45136862795401,13.512347328250923],[100.45122649917789,13.51396196162631],[100.45085974018085,13.516108873048957],[100.45051472401776,13.518274276558603],[100.44935589167774,13.524927647945482],[100.4488974671628,13.527175952443836],[100.4487008587519,13.52875384466883],[100.44842040474838,13.529934011141458],[100.44808197177034,13.532298389571087],[100.44760688383742,13.534477739252097],[100.44730716160706,13.536958753629937],[100.44696444672414,13.538617114493213],[100.44670220627452,13.540115671319928],[100.44668703877359,13.541198771776097],[100.4462547327155,13.543287674127088],[100.4459476485726,13.544552950733964],[100.44585769015997,13.545816970475846],[100.44569361083252,13.54650272212016],[100.44534707180527,13.548426547267397],[100.44495227303162,13.54953841521412],[100.44495263477742,13.551401758684053],[100.44451867475783,13.55232541198035],[100.44444480922108,13.553568099530121],[100.44433273425167,13.5547791943359],[100.44452300213484,13.555728339906965],[100.44461590785386,13.556741765781629],[100.44470389883055,13.55873212711511],[100.44478227872965,13.56002698592775],[100.44491574307189,13.561459625020559],[100.44507150224656,13.562987665783384],[100.44520343033079,13.56416544475068],[100.44525495128636,13.565503026083913],[100.44533131715285,13.566463493649245],[100.44541206696758,13.56725402297655],[100.44548923760824,13.568347161798789],[100.44558332049877,13.569414353359868],[100.44561743445323,13.569801068151659],[100.44578595660512,13.571647527734076],[100.44589788600203,13.573106860045133],[100.44597461456247,13.574125709197608],[100.44609580344849,13.575314121727708],[100.44618476851176,13.576566528620615],[100.44630244960594,13.57806821459769],[100.44639937001124,13.57973993218814],[100.44658058303877,13.580986470623026],[100.44666289109121,13.582031857441233]]},"properties":{"objectid":132,"id_khong":122,"id":3169,"num":null,"khong_name":"คลองขุนราชวินิจฉัย","from_des":null,"to_des":null,"width_m":null,"length_m":0,"deep_m":0,"tor_began":null,"tor_term":null,"budget":0,"budg_sour":null,"mercenary":null,"progress_m":0,"per":0,"remark":null,"lev":null,"shape_leng":0,"owner_name":null,"check_neme":"1","hydrop":null,"text4000":null,"namef_pa":"คลองขุนราชวินิจฉัย","shape_le_1":7796.50075947,"dcode":"1021","dname":"เขตบางขุนเทียน","canal_name":"คลองขุนราชวินิจฉัย","risk_status":"monitor","evidence":"ไม่มีหลักฐานปัจจุบันว่าระดับวิกฤต; แสดงเป็นคลอง master","status_date":"2026-09-30","source":"BMA GIS + current situation reports"}},{"type":"Feature","id":133,"geometry":{"type":"LineString","coordinates":[[100.60707838131003,13.897353562008382],[100.60833398557303,13.89825893985999],[100.61102599575301,13.899863700993373],[100.6113060471918,13.900046118287422]]},"properties":{"objectid":133,"id_khong":123,"id":329,"num":null,"khong_name":null,"from_des":null,"to_des":null,"width_m":null,"length_m":0,"deep_m":0,"tor_began":null,"tor_term":null,"budget":0,"budg_sour":null,"mercenary":null,"progress_m":0,"per":0,"remark":null,"lev":null,"shape_leng":0,"owner_name":null,"check_neme":"1","hydrop":null,"text4000":null,"namef_pa":"คลองถนน","shape_le_1":545.88757233,"dcode":"1036","dname":"เขตดอนเมือง","canal_name":"","risk_status":"monitor","evidence":"ไม่มีหลักฐานปัจจุบันว่าระดับวิกฤต; แสดงเป็นคลอง master","status_date":"2026-09-30","source":"BMA GIS + current situation reports"}},{"type":"Feature","id":134,"geometry":{"type":"LineString","coordinates":[[100.60707838131003,13.897353562008382],[100.60863469952443,13.895754687224946],[100.61017339322795,13.893816578864142],[100.6103732962138,13.893597196353445],[100.61109633843645,13.892613984889877],[100.61121046009045,13.892468277952558],[100.61035919280637,13.891467707352161]]},"properties":{"objectid":134,"id_khong":124,"id":1717,"num":null,"khong_name":"คลองถนน","from_des":null,"to_des":null,"width_m":null,"length_m":0,"deep_m":0,"tor_began":null,"tor_term":null,"budget":0,"budg_sour":null,"mercenary":null,"progress_m":0,"per":0,"remark":null,"lev":null,"shape_leng":0,"owner_name":null,"check_neme":"1","hydrop":null,"text4000":null,"namef_pa":"คลองถนน","shape_le_1":846.12779221,"dcode":"1036","dname":"เขตดอนเมือง","canal_name":"คลองถนน","risk_status":"monitor","evidence":"ไม่มีหลักฐานปัจจุบันว่าระดับวิกฤต; แสดงเป็นคลอง master","status_date":"2026-09-30","source":"BMA GIS + current situation reports"}},{"type":"Feature","id":135,"geometry":{"type":"LineString","coordinates":[[100.60707838131003,13.897353562008382],[100.60833398557303,13.89825893985999],[100.61102599575301,13.899863700993373],[100.6113060471918,13.900046118287422]]},"properties":{"objectid":135,"id_khong":125,"id":329,"num":null,"khong_name":null,"from_des":null,"to_des":null,"width_m":null,"length_m":0,"deep_m":0,"tor_began":null,"tor_term":null,"budget":0,"budg_sour":null,"mercenary":null,"progress_m":0,"per":0,"remark":null,"lev":null,"shape_leng":0,"owner_name":null,"check_neme":"1","hydrop":null,"text4000":null,"namef_pa":"คลองถนน","shape_le_1":545.88757233,"dcode":"1042","dname":"เขตสายไหม","canal_name":"","risk_status":"monitor","evidence":"ไม่มีหลักฐานปัจจุบันว่าระดับวิกฤต; แสดงเป็นคลอง master","status_date":"2026-09-30","source":"BMA GIS + current situation reports"}},{"type":"Feature","id":136,"geometry":{"type":"LineString","coordinates":[[100.6113060471918,13.900046118287422],[100.61369274488221,13.901451514687267],[100.61572063285394,13.902789766963881],[100.61682794919965,13.903471777594016],[100.62099653339487,13.905000927466046],[100.62335524876661,13.905847195129233],[100.62423293686012,13.906135146725635],[100.62516562978604,13.906651273502517],[100.6258941846882,13.907631270735418],[100.62621472509251,13.908167466655865],[100.63949532456556,13.93146893112249],[100.63962713956332,13.93213334124823]]},"properties":{"objectid":136,"id_khong":126,"id":1259,"num":null,"khong_name":"คลองสองห้อง","from_des":"คลองลำผักชี","to_des":"ประตูระบายน้ำคลองชลฯ","width_m":"12.0 - 35.0","length_m":0,"deep_m":0,"tor_began":null,"tor_term":null,"budget":0,"budg_sour":null,"mercenary":null,"progress_m":0,"per":0,"remark":null,"lev":null,"shape_leng":5464.5885201,"owner_name":"สำนักการระบายน้","check_neme":"1","hydrop":null,"text4000":null,"namef_pa":"คลองบางเขน","shape_le_1":4904.04411605,"dcode":"1042","dname":"เขตสายไหม","canal_name":"คลองสองห้อง","risk_status":"monitor","evidence":"ไม่มีหลักฐานปัจจุบันว่าระดับวิกฤต; แสดงเป็นคลอง master","status_date":"2026-09-30","source":"BMA GIS + current situation reports"}},{"type":"Feature","id":137,"geometry":{"type":"LineString","coordinates":[[100.60707838131003,13.897353562008382],[100.60863469952443,13.895754687224946],[100.61017339322795,13.893816578864142],[100.6103732962138,13.893597196353445],[100.61109633843645,13.892613984889877],[100.61121046009045,13.892468277952558],[100.61035919280637,13.891467707352161]]},"properties":{"objectid":137,"id_khong":127,"id":1717,"num":null,"khong_name":"คลองถนน","from_des":null,"to_des":null,"width_m":null,"length_m":0,"deep_m":0,"tor_began":null,"tor_term":null,"budget":0,"budg_sour":null,"mercenary":null,"progress_m":0,"per":0,"remark":null,"lev":null,"shape_leng":0,"owner_name":null,"check_neme":"1","hydrop":null,"text4000":null,"namef_pa":"คลองถนน","shape_le_1":846.12779221,"dcode":"1042","dname":"เขตสายไหม","canal_name":"คลองถนน","risk_status":"monitor","evidence":"ไม่มีหลักฐานปัจจุบันว่าระดับวิกฤต; แสดงเป็นคลอง master","status_date":"2026-09-30","source":"BMA GIS + current situation reports"}},{"type":"Feature","id":138,"geometry":{"type":"LineString","coordinates":[[100.59463282881954,13.887645895786944],[100.59615233976902,13.889056877723897],[100.59855925100051,13.89091281205496],[100.59918512706523,13.891239925052835],[100.60133133221944,13.89269990252682],[100.60302608345707,13.893932286469358],[100.60388616096967,13.894575139647088],[100.60553484495945,13.895673153161844],[100.60641493360123,13.896527421859568],[100.60681027346405,13.89705448305002],[100.60707838131003,13.897353562008382]]},"properties":{"objectid":138,"id_khong":134,"id":294,"num":null,"khong_name":"คลองถนน","from_des":"คลองวัดหลักสี่","to_des":"คลองลำผักชี","width_m":"10.0 - 35.0","length_m":0,"deep_m":0,"tor_began":null,"tor_term":null,"budget":0,"budg_sour":null,"mercenary":null,"progress_m":0,"per":0,"remark":null,"lev":null,"shape_leng":1736.0613850900002,"owner_name":"สำนักการระบายน้","check_neme":"1","hydrop":null,"text4000":null,"namef_pa":"คลองถนน","shape_le_1":1728.78951792,"dcode":"1041","dname":"เขตหลักสี่","canal_name":"คลองถนน","risk_status":"monitor","evidence":"ไม่มีหลักฐานปัจจุบันว่าระดับวิกฤต; แสดงเป็นคลอง master","status_date":"2026-09-30","source":"BMA GIS + current situation reports"}},{"type":"Feature","id":139,"geometry":{"type":"LineString","coordinates":[[100.60427906928525,13.954599323258604],[100.6060788847008,13.941475338398671],[100.60634959698679,13.939737627192923],[100.60646394969858,13.93875047956793],[100.60658048521137,13.938078981417306],[100.606611573293,13.936737408240836],[100.60660093191035,13.93519874086811],[100.6063498573975,13.933937922800261],[100.60413325689447,13.929849258570538],[100.58752400583325,13.899406415941543]]},"properties":{"objectid":139,"id_khong":135,"id":308,"num":null,"khong_name":"คลองเปรมประชากร","from_des":"คลองบางเขน","to_des":"คลองตาอูฐ","width_m":"12.0 - 35.0","length_m":0,"deep_m":0,"tor_began":null,"tor_term":null,"budget":0,"budg_sour":null,"mercenary":null,"progress_m":0,"per":0,"remark":null,"lev":null,"shape_leng":12285.7772533,"owner_name":"สำนักการระบายน้","check_neme":"1","hydrop":null,"text4000":null,"namef_pa":"คลองเปรมประชากร","shape_le_1":6633.82955338,"dcode":"1041","dname":"เขตหลักสี่","canal_name":"คลองเปรมประชากร","risk_status":"high_decreasing","evidence":"ระดับยังสูงแต่ลดลง; กทม.รายงาน 30 ก.ย.","status_date":"2026-09-30","source":"BMA GIS + current situation reports"}},{"type":"Feature","id":140,"geometry":{"type":"LineString","coordinates":[[100.58642189089521,13.85882742571092],[100.5879499328164,13.878847118499602],[100.58814017212424,13.879828853048167],[100.58851765219143,13.88047725608539],[100.5888007343988,13.880931339882826],[100.58936485552601,13.881729357666178],[100.5901568392286,13.882635420032429],[100.59211782763047,13.884810903935437],[100.59463418079224,13.887642813714782]]},"properties":{"objectid":140,"id_khong":136,"id":1613,"num":null,"khong_name":"คลองถนน","from_des":"คลองบางเขน","to_des":"คลองวัดหลักสี่","width_m":"17.5 - 35.0","length_m":0,"deep_m":0,"tor_began":null,"tor_term":null,"budget":0,"budg_sour":null,"mercenary":null,"progress_m":0,"per":0,"remark":null,"lev":null,"shape_leng":3447.61184055,"owner_name":"สำนักการระบายน้","check_neme":"1","hydrop":null,"text4000":"คลองบางเขน","namef_pa":"คลองถนน","shape_le_1":3447.61033594,"dcode":"1041","dname":"เขตหลักสี่","canal_name":"คลองถนน","risk_status":"monitor","evidence":"ไม่มีหลักฐานปัจจุบันว่าระดับวิกฤต; แสดงเป็นคลอง master","status_date":"2026-09-30","source":"BMA GIS + current situation reports"}},{"type":"Feature","id":141,"geometry":{"type":"LineString","coordinates":[[100.59090654404672,13.837530888923675],[100.59090890125206,13.837507377620947],[100.59077067419105,13.836394533068932],[100.59042597648477,13.835136988140778],[100.59011519341361,13.834189197219917],[100.58985832311451,13.8333173299158],[100.58967932472389,13.83236570038661]]},"properties":{"objectid":141,"id_khong":141,"id":279,"num":null,"khong_name":"คลองวังหิน","from_des":null,"to_des":null,"width_m":null,"length_m":0,"deep_m":0,"tor_began":null,"tor_term":null,"budget":0,"budg_sour":null,"mercenary":null,"progress_m":0,"per":0,"remark":null,"lev":null,"shape_leng":0,"owner_name":null,"check_neme":"1","hydrop":null,"text4000":null,"namef_pa":"คลองวังหิน","shape_le_1":588.1978261200001,"dcode":"1030","dname":"เขตจตุจักร","canal_name":"คลองวังหิน","risk_status":"monitor","evidence":"ไม่มีหลักฐานปัจจุบันว่าระดับวิกฤต; แสดงเป็นคลอง master","status_date":"2026-09-30","source":"BMA GIS + current situation reports"}},{"type":"Feature","id":153,"geometry":{"type":"LineString","coordinates":[[100.58835514150145,13.802930020594358],[100.58866640089454,13.802267930065172],[100.5890195952347,13.801322795205534],[100.58894734407394,13.80101464155766],[100.58910939214573,13.80033643640522],[100.5891349616054,13.7976362257276],[100.58932587865043,13.796040647513852],[100.58933395959988,13.794643352382787],[100.5892927888246,13.793743603523868],[100.58939146799048,13.792424708324958],[100.58941163043158,13.791865626831763],[100.58964900562827,13.790655546284274],[100.58995010418471,13.789779249741388],[100.59004390212836,13.789384350072304],[100.5900218374186,13.788715919695996],[100.58995319755884,13.787644911936319],[100.59013736843951,13.786349412721782],[100.59145943631715,13.783435038297926],[100.59206952641976,13.781579548278996],[100.59333761867416,13.7797541383972],[100.59351910177423,13.779358670260113],[100.59355580090488,13.778304153377674],[100.59356381134536,13.776898364437404],[100.5933541023088,13.77571684256115],[100.5931744209042,13.77508368458902],[100.59308940041828,13.77418422001787],[100.59308783339546,13.77265838876971],[100.59331472761315,13.771199761143052],[100.59371903072893,13.768745621461303],[100.59399469997555,13.768015257474616],[100.59447791717449,13.766855004846633],[100.59468389582189,13.766193594044832],[100.59475003855236,13.765601770953696],[100.59478052463635,13.764924416292432],[100.59466890916578,13.763982196703935],[100.59459434528421,13.763331277916873],[100.59475514317113,13.76247305788862],[100.59514498873531,13.76175903435267],[100.59605645657163,13.760390230247785],[100.59720293471176,13.758168957125017],[100.59740252961078,13.757782226896246],[100.5976410624723,13.757414222471082],[100.59781994445855,13.757177824378223],[100.60173579756305,13.753487462339685],[100.60295583833536,13.752373831865311],[100.60373098134089,13.75158879139998],[100.60404290237875,13.751038114388978]]},"properties":{"objectid":153,"id_khong":152,"id":1648,"num":null,"khong_name":"คลองลาดพร้าว","from_des":"คลองน้ำแก้ว","to_des":"คลองแสนแสบ","width_m":"18.0-30.0","length_m":6300,"deep_m":0,"tor_began":null,"tor_term":null,"budget":0,"budg_sour":null,"mercenary":null,"progress_m":0,"per":0,"remark":null,"lev":null,"shape_leng":6257.92011534,"owner_name":"สำนักการระบายน้","check_neme":"1","hydrop":null,"text4000":null,"namef_pa":"คลองลาดพร้าว","shape_le_1":6257.92834582,"dcode":"1038","dname":"เขตลาดพร้าว","canal_name":"คลองลาดพร้าว","risk_status":"watch_improving","evidence":"วิกฤตช่วงบน 29 ก.ย.; 30 ก.ย.ไม่อยู่ใน 3 คลองหลักที่ยังสูง","status_date":"2026-09-30","source":"BMA GIS + current situation reports"}},{"type":"Feature","id":154,"geometry":{"type":"LineString","coordinates":[[100.53235856821745,13.798206565557491],[100.53189480420743,13.798301910503564],[100.53096228498018,13.798370802257939],[100.5290303686001,13.798802981142229],[100.52862233847718,13.79887275829513],[100.52799414629946,13.798805269377269],[100.52728807621389,13.798654124323821],[100.52679379556395,13.798678252810634],[100.52569265517548,13.799264933938549],[100.52511182796124,13.799209706385508],[100.52389302331942,13.79955337035167],[100.522987224973,13.799769107211901],[100.5220125792379,13.799976861702104],[100.52072268776597,13.799968038562694],[100.51973871267987,13.800066579407067],[100.51902595480576,13.800213869268724],[100.51668207401332,13.800363458777378]]},"properties":{"objectid":154,"id_khong":153,"id":363,"num":null,"khong_name":"คลองบางซื่อ","from_des":null,"to_des":null,"width_m":null,"length_m":0,"deep_m":0,"tor_began":null,"tor_term":null,"budget":0,"budg_sour":null,"mercenary":null,"progress_m":0,"per":0,"remark":null,"lev":null,"shape_leng":0,"owner_name":null,"check_neme":"1","hydrop":null,"text4000":null,"namef_pa":"คลองบางซื่อ","shape_le_1":1735.04969748,"dcode":"1029","dname":"เขตบางซื่อ","canal_name":"คลองบางซื่อ","risk_status":"improving_recent","evidence":"ระดับเริ่มลดลงจากรายงาน 27-29 ก.ย.","status_date":"2026-09-30","source":"BMA GIS + current situation reports"}},{"type":"Feature","id":155,"geometry":{"type":"LineString","coordinates":[[100.54414020433319,13.819917941576549],[100.5424489245284,13.816766040886986],[100.541580282304,13.815110971024843],[100.54107505555434,13.814182299532375],[100.54063933199214,13.813488252578868],[100.54014378642958,13.812569186848927],[100.53962534193853,13.811472589168464],[100.5388357591959,13.810026857740505],[100.53795965581686,13.808505027191014],[100.53745017817064,13.807563085716863],[100.53535521343461,13.803741259359365],[100.53432046030353,13.801848422339429],[100.53340460084719,13.80025515013807],[100.53319363788779,13.799786972102654]]},"properties":{"objectid":155,"id_khong":154,"id":529,"num":null,"khong_name":"คลองเปรมประชากร","from_des":"คลองบางซื่อ","to_des":"ทางรถไฟสายใต้","width_m":"12.0 - 35.0","length_m":0,"deep_m":0,"tor_began":null,"tor_term":null,"budget":0,"budg_sour":null,"mercenary":null,"progress_m":0,"per":0,"remark":null,"lev":null,"shape_leng":2495.58549044,"owner_name":"สำนักการระบายน้","check_neme":"1","hydrop":null,"text4000":null,"namef_pa":"คลองเปรมประชากร","shape_le_1":2522.71873079,"dcode":"1029","dname":"เขตบางซื่อ","canal_name":"คลองเปรมประชากร","risk_status":"high_decreasing","evidence":"ระดับยังสูงแต่ลดลง; กทม.รายงาน 30 ก.ย.","status_date":"2026-09-30","source":"BMA GIS + current situation reports"}},{"type":"Feature","id":156,"geometry":{"type":"LineString","coordinates":[[100.49633277461132,13.65614938222155],[100.49622182242818,13.655839246482444],[100.49599758796326,13.655538469819298],[100.49537385749734,13.654726581574835],[100.49489302364557,13.654165257813696],[100.49477912148227,13.654100240384196],[100.49429982770323,13.65414623654167],[100.49421601197359,13.654090075347499],[100.49342369697347,13.653000473916071],[100.49301435938699,13.652377530587653],[100.49204986174891,13.651540478248142],[100.49137994966819,13.651114040445371],[100.49097084423222,13.650538719731612],[100.4905421572344,13.650158367940906],[100.49039760497614,13.650018700395492],[100.49022957286726,13.649732401764966]]},"properties":{"objectid":156,"id_khong":155,"id":2342,"num":null,"khong_name":"คลองราษฎร์บูรณะ","from_des":null,"to_des":null,"width_m":null,"length_m":0,"deep_m":0,"tor_began":null,"tor_term":null,"budget":0,"budg_sour":null,"mercenary":null,"progress_m":0,"per":0,"remark":null,"lev":null,"shape_leng":0,"owner_name":null,"check_neme":"1","hydrop":null,"text4000":null,"namef_pa":"คลองราษฎร์บูรณะ","shape_le_1":1002.6968634000001,"dcode":"1049","dname":"เขตทุ่งครุ","canal_name":"คลองราษฎร์บูรณะ","risk_status":"monitor","evidence":"ไม่มีหลักฐานปัจจุบันว่าระดับวิกฤต; แสดงเป็นคลอง master","status_date":"2026-09-30","source":"BMA GIS + current situation reports"}},{"type":"Feature","id":142,"geometry":{"type":"LineString","coordinates":[[100.38434062490094,13.588942775758627],[100.38552683752376,13.589275746069431],[100.386742743488,13.58973498756749],[100.3881916265362,13.590341059580277],[100.38948534021992,13.590969136554277],[100.39083030401672,13.591420315516865],[100.39214471328003,13.591805951777346],[100.39355024755542,13.592240418132498],[100.39503585444866,13.59255395129805],[100.39552703575303,13.592665712929701],[100.39592427821523,13.592924145057445],[100.39629061505215,13.593435544794312],[100.39659730741768,13.594444821935445],[100.39666521591496,13.59466759093641],[100.39683777241632,13.594828584918224],[100.39702992108893,13.594886707070062],[100.39732622540623,13.594812017598793],[100.39766940297878,13.594608544789642],[100.39854313193534,13.594056749702174],[100.39902634390415,13.593848692400737],[100.3993794425243,13.593817065042147],[100.39970137993612,13.59398119545608],[100.39987116288681,13.59435739889616],[100.39986136528718,13.594752325768166],[100.3995181413702,13.595427677964047],[100.3993184590929,13.595799992417705],[100.39923754586499,13.596114428110372],[100.39937860042022,13.596425629149527],[100.3997470829821,13.596599258039744],[100.40027207827536,13.596627940833665],[100.40068652831003,13.596726294266688],[100.4010946767734,13.597126823880147],[100.40142643827777,13.597587072251129],[100.40160126076793,13.597795409540437],[100.40205103067626,13.598223540411382],[100.40270508522603,13.59875084257304],[100.40368765553757,13.599470066379006],[100.40493484279803,13.600374065713018],[100.40604418988953,13.601253802086156],[100.40680154359397,13.601900984407312],[100.40721463551692,13.602115833650414],[100.40784214130207,13.602402587903917],[100.40862691944174,13.602646966068013],[100.40921809078397,13.602935909957116],[100.40962017895745,13.603338446179873],[100.41017636641763,13.604488635361559],[100.41049886684026,13.604782803491169],[100.41087747511226,13.604964309747606],[100.41138019016127,13.605191116459878],[100.41200860223911,13.605410068642259],[100.41327811106996,13.60603281273743],[100.41557809844963,13.607832491424638],[100.4161040119909,13.608344845359666],[100.41682621380876,13.60892919831406],[100.41736708947849,13.609240097665923],[100.41851879527215,13.609744995086624],[100.41891124419467,13.609880948615938],[100.41928761459157,13.610016993172229],[100.41998462856156,13.610439609104576],[100.42057347657325,13.611010790990296],[100.42112086466412,13.611734408233993],[100.42166530194265,13.612307829301951],[100.42242820078576,13.612939289471193],[100.42344643994214,13.61339756478571],[100.424120580221,13.613713560158878],[100.42515930353744,13.614219069969874],[100.42599897504762,13.614687395425337],[100.42621841923041,13.614947424110328],[100.42631001379927,13.615225447868788],[100.42631603504307,13.615886899551075],[100.42636151768853,13.616062427087837],[100.42652791831009,13.616207616261695],[100.42689458011023,13.616412843350332],[100.42774339885801,13.616561979383308],[100.42878684231181,13.61697453520217],[100.42907816145559,13.617108069563267],[100.42930435390392,13.617310755863647],[100.4295958989241,13.61777362926389],[100.42996930169937,13.61840232972138],[100.43032944646144,13.61871414560687],[100.43087193875618,13.618894495443639],[100.43149419994874,13.619108547975799],[100.43250558526545,13.61985196751294],[100.43296725194281,13.62008827015856],[100.43336949171713,13.62016295559193],[100.43389376809122,13.620392931112688],[100.4340038473069,13.620562117931135],[100.43415497964351,13.620853442538442],[100.43420567674094,13.621564071504865],[100.43436601236694,13.622029140825042],[100.43463857496845,13.622223148729123],[100.43495969636372,13.62224199244234],[100.43513354607782,13.62209186430146],[100.4351826357242,13.621524813948799],[100.4352996080654,13.62116876877499],[100.43539762242054,13.621018083809536],[100.43558278491683,13.62092419595699],[100.43584534618185,13.620938496151895],[100.43610643387842,13.62104951074036],[100.43623052947838,13.621204788275177],[100.43667208153387,13.621769003739889],[100.4368010005044,13.622066419078301],[100.43674986720008,13.622281907094449],[100.43652705798979,13.622502452960472],[100.43628682544046,13.62279115582047],[100.4360850604548,13.623190168762692],[100.43608852011901,13.623434985403284],[100.43615860432895,13.623669565744306],[100.4365650522232,13.624111791806282],[100.43680559741581,13.624265944031649],[100.43716804212443,13.624349889492416],[100.43759287484818,13.62423979304583],[100.43798168119652,13.62399469619212],[100.43837264635317,13.623879913814505],[100.4389201789246,13.623945885309608],[100.43921998672315,13.62411984707393],[100.43964797545627,13.62444318438803],[100.44010577291928,13.624868657903253],[100.44026497081427,13.625319810156958],[100.44027837201111,13.625682783776906],[100.44020833647681,13.6259603815212],[100.43991556447013,13.626621661157241],[100.43986438179215,13.62684112642598],[100.43981094277186,13.627015234421588],[100.43983717444165,13.627344784442244],[100.43988100707554,13.627585479664793],[100.4399587807756,13.627754851070193],[100.4401376730301,13.627959155487067],[100.44030625484983,13.628122035333348],[100.440478273908,13.628198041560001],[100.44076528224666,13.628245814598536],[100.441108678561,13.628279342856445],[100.44168050473336,13.6283530300282],[100.44203248480197,13.628457092849366],[100.44223902561832,13.628632946269153],[100.44235971328204,13.628853132117094],[100.442464038439,13.629039610666556],[100.44257409992312,13.629216656377224],[100.44274264959004,13.629424091203562],[100.4429310705073,13.629477223921006],[100.44313883266665,13.629452339128695],[100.44328580738265,13.629382345578135],[100.4434606896142,13.629264380707847],[100.44380653189755,13.629035160092302],[100.44465401681285,13.628943924022526],[100.44485082892548,13.629098773611803],[100.44502136041744,13.629255764537778],[100.44517614605824,13.62945532349988],[100.44529519912658,13.629732093856687],[100.44540758790475,13.630015771240119],[100.44549275488079,13.630084324742988],[100.44557754399312,13.630077957620406],[100.44570450178314,13.63003772386214],[100.44597445362668,13.629937369558942],[100.44634693614923,13.629765380856426],[100.446637779441,13.629729073459623],[100.44687220459846,13.629827486313715],[100.44699434328906,13.629984757406136],[100.44700506064639,13.630205308611659],[100.44692037686664,13.630354113080946],[100.44682969720188,13.630469511912409],[100.44672773190679,13.630633961583317],[100.44663217482928,13.630824583599153],[100.44663535902481,13.631047257811732],[100.44667157220853,13.631261967435973],[100.44686456970338,13.631553398968935],[100.44709013734635,13.631798908873208],[100.44729450353482,13.631866858828696],[100.44746420876017,13.631887561177765],[100.44776444231168,13.63179100499799],[100.44787084405348,13.631691691655039],[100.44811679975476,13.630967502432814],[100.44821763331544,13.63061742172752],[100.44828259525964,13.630346540595225],[100.4482724474253,13.630006957104209],[100.44830964317151,13.629807275215367],[100.44845585497428,13.629624762615293],[100.44880556584799,13.629505955223854],[100.44906790872922,13.62967054181796],[100.44927350048472,13.62993993602842],[100.44940905467794,13.630322169478749],[100.44942663194247,13.630555062006401],[100.44925697561267,13.630879877100222],[100.4488185268956,13.631482727018613],[100.4486103183288,13.631772247821555],[100.44837757277176,13.632012564776234],[100.44806587045817,13.632215744698817],[100.44776251091557,13.632462437912022],[100.44748536770308,13.632708887707668],[100.44739722447596,13.63282788698021],[100.44733943811049,13.63295059648642],[100.44728606472731,13.633134555790098],[100.44728519670467,13.633330049467412],[100.44734879392992,13.633485672377406],[100.44748101155294,13.63367053938146],[100.44769186070293,13.633801624903159],[100.44800617976196,13.634014984897732],[100.44808554524793,13.634119180209284],[100.44815320285899,13.634290595902531],[100.44816848153387,13.634484006662335],[100.44811821285958,13.63483975799398],[100.44799270755726,13.635118854683393],[100.44769560673804,13.635405006917217],[100.44741914565523,13.635763974395902],[100.4473576077371,13.635934154195073],[100.44730601137023,13.63608457317721],[100.44740467515209,13.636366340239691],[100.44758156307377,13.636564774743063],[100.447758496469,13.636782911714203],[100.44780021325043,13.636999847847404],[100.44780503779403,13.637453971490594],[100.44775865864743,13.637797860841477],[100.44766838873156,13.63823084705242],[100.44761572316726,13.638531210804617],[100.44756150953388,13.639240454650677],[100.44750946525504,13.639655414413795],[100.44743421251256,13.639888848003267],[100.4473465970337,13.640094698525427],[100.44711795405621,13.640346830396517],[100.44703604996619,13.640489472848898],[100.44694616382954,13.640647978514718],[100.44685840255146,13.640830150321536],[100.44683333989998,13.6410199099774],[100.4468830268669,13.641218995217484],[100.44705002323208,13.641456983528974],[100.4474028505823,13.64172172371041],[100.44752570148202,13.641807048264452],[100.44758989289735,13.641909524860953],[100.4475891249851,13.642121285611466],[100.4475665966608,13.642401770798575],[100.44753169227255,13.642790059390467],[100.44752438980807,13.64306756312132],[100.44750275546723,13.643519761709417],[100.44742103231336,13.643692048000602],[100.44727093291056,13.643750674664245],[100.44708271854054,13.643770931167602],[100.44682874785157,13.643832151604085],[100.44664342712511,13.643914572173772],[100.44652110223693,13.644115924124078],[100.4464858660673,13.644299778640155],[100.4464833292619,13.644546617379808],[100.44662991308955,13.644749114635308],[100.44690412991083,13.64495827878057],[100.4470689501755,13.645226375245363],[100.44714093944872,13.645445213058172],[100.44722165673716,13.645770556962459],[100.44719252932279,13.645956273348455],[100.44704380882823,13.646416443480168],[100.4469516769836,13.64674460186832],[100.44692909063427,13.647053285719254],[100.44694655164464,13.647341942879045],[100.44697641676896,13.647602419757208],[100.44700000846521,13.648159102818054],[100.44698669014504,13.648287518542547],[100.44693675962124,13.648386592453118],[100.44675730274143,13.64855628442943],[100.4464808425701,13.648780226403291],[100.44637231571248,13.648869700735577],[100.44628628521079,13.648998539213913],[100.44625910288457,13.64917837023475],[100.44631229132439,13.649288683392589],[100.44658007772935,13.649492462830034],[100.44684983421462,13.649694241719931],[100.44699525283185,13.649879934966373],[100.44706045815646,13.650123485940842],[100.44701141061965,13.650354869362662],[100.44685054123613,13.65079811846833],[100.4467833962571,13.651049219843081],[100.44675653729422,13.651244593617724],[100.44678555069493,13.651402676656154],[100.44694624470675,13.651930905204658],[100.4469554429463,13.652114500686523],[100.4469139209918,13.652255009582447],[100.44660812139507,13.652568145798892],[100.4462136411732,13.652975882565505],[100.44610154227469,13.653142380430237],[100.4460063514015,13.65341940186949],[100.44602185972656,13.653650318617446],[100.44611175499531,13.653817627190971],[100.44645281011596,13.654123649143676],[100.44656040006366,13.654217829160848],[100.44662369941565,13.654335945856145],[100.44666715245633,13.654499548355144],[100.44666174105761,13.6546121916328],[100.44656136733012,13.654701618717294],[100.44639994935302,13.654730215674991],[100.44600407082083,13.65470884356176],[100.44563271897329,13.654734686783943],[100.44533153993997,13.655018782962687],[100.44526206394968,13.655237993951392],[100.4452791230605,13.65536071849307],[100.44546509042924,13.655645773500735],[100.44571978009034,13.655762956151479],[100.44620030101777,13.65608985619368],[100.44622114900685,13.65619638112656],[100.44618729205507,13.656281534233946],[100.44605681434935,13.656396803908429],[100.4457103183046,13.656537011800932],[100.44536423639114,13.6567325279008],[100.44521009341493,13.656954581544609],[100.44520147525762,13.657191604158916],[100.44521533486076,13.657489681782101],[100.44529397721143,13.657799221249572],[100.44534192356983,13.65804974228994],[100.44537331891624,13.658223356170756],[100.4453547199309,13.658486104163263],[100.44518389041163,13.658859548526188],[100.44501562979755,13.659179203526534],[100.4448736620749,13.65953585022949],[100.4448066614445,13.659973942518544],[100.44479519105697,13.660105599895587],[100.4448202845734,13.66020830445065],[100.44492660735683,13.660394226039836],[100.44515484622947,13.66048553402601],[100.44541994209457,13.660570933817482],[100.44557390632168,13.660656889722336],[100.44573699684234,13.660914602142759],[100.44578844351103,13.66107625973345],[100.44578778548998,13.661293443491482],[100.44568261082374,13.661596191323596],[100.44549661685141,13.661895432727457],[100.44526093460088,13.662284167987986],[100.44516526896646,13.662521336196205],[100.44516195144254,13.662639841234753],[100.44518900134071,13.662775884357544],[100.44529701740169,13.662939201088776],[100.44565756048861,13.66315120511963],[100.44592488694802,13.663264427814589],[100.44612767713456,13.66339438382579],[100.44616365548295,13.663656813459564],[100.4461344391156,13.66384063284627],[100.44608102301689,13.664018628076052],[100.44593673685571,13.664195254848943],[100.44564010579234,13.664564281491817],[100.44548985342729,13.664762544038256],[100.4454589590359,13.664983879669865],[100.44554278512491,13.665155199873366],[100.44639146616335,13.665764100206273],[100.44682745531256,13.666097221855821],[100.44696417259074,13.666216716645398],[100.44702337223626,13.666362061607769],[100.44704423969246,13.666596290388771],[100.44690700155274,13.667003431456193],[100.44686724451053,13.667445975130327],[100.4469421748196,13.667920475401802],[100.44751181334578,13.670491030558093],[100.44758851517831,13.670880654748723],[100.44770715247445,13.671221952904643],[100.44787021579884,13.671410976045692],[100.44862790664723,13.672044437369154],[100.44876266620933,13.672254411907295],[100.44873174247604,13.672507832241834],[100.4485609612602,13.672976807958392],[100.44851011317961,13.673275533970001],[100.44849314197388,13.673778949333244],[100.44851968178195,13.67449160611484],[100.44867000956103,13.675315246659851],[100.4487118922552,13.67554492442851],[100.44879780032676,13.676379696735292],[100.44885932349037,13.677190841745968],[100.44881887345508,13.677507040272024],[100.44877379943298,13.677740298120309],[100.44844142161315,13.678859857876601],[100.448391087312,13.679280048447108],[100.44838192301503,13.679888075440944],[100.44841121058053,13.680451501931904],[100.44845310842771,13.680945263808347],[100.44851983980574,13.681261558671334],[100.44865217601574,13.681622838878353]]},"properties":{"objectid":142,"id_khong":128,"id":2796,"num":null,"khong_name":"คลองสนามชัย","from_des":"คลองวัดสิงห์","to_des":"คลองแสมดำ","width_m":"14-40","length_m":12850,"deep_m":0,"tor_began":null,"tor_term":null,"budget":0,"budg_sour":null,"mercenary":null,"progress_m":0,"per":0,"remark":null,"lev":null,"shape_leng":17268.2607219,"owner_name":"สนน.","check_neme":"1","hydrop":null,"text4000":null,"namef_pa":"คลองสนามชัย","shape_le_1":16965.371335699998,"dcode":"1021","dname":"เขตบางขุนเทียน","canal_name":"คลองสนามชัย","risk_status":"monitor","evidence":"ไม่มีหลักฐานปัจจุบันว่าระดับวิกฤต; แสดงเป็นคลอง master","status_date":"2026-09-30","source":"BMA GIS + current situation reports"}},{"type":"Feature","id":143,"geometry":{"type":"LineString","coordinates":[[100.47028526018698,13.659016342918944],[100.4703591264476,13.658549918995897],[100.47043321173146,13.658119012102608],[100.47053212025838,13.657794603467947],[100.47066261440575,13.657339682971303],[100.47078370388724,13.656683367425055],[100.47089226000116,13.655948135547616]]},"properties":{"objectid":143,"id_khong":129,"id":2830,"num":null,"khong_name":"คลองบางมด","from_des":null,"to_des":null,"width_m":null,"length_m":0,"deep_m":0,"tor_began":null,"tor_term":null,"budget":0,"budg_sour":null,"mercenary":null,"progress_m":0,"per":0,"remark":null,"lev":null,"shape_leng":0,"owner_name":null,"check_neme":"1","hydrop":null,"text4000":null,"namef_pa":"คลองบางมด","shape_le_1":346.22893696,"dcode":"1021","dname":"เขตบางขุนเทียน","canal_name":"คลองบางมด","risk_status":"monitor","evidence":"ไม่มีหลักฐานปัจจุบันว่าระดับวิกฤต; แสดงเป็นคลอง master","status_date":"2026-09-30","source":"BMA GIS + current situation reports"}},{"type":"Feature","id":144,"geometry":{"type":"LineString","coordinates":[[100.44666086770835,13.582024909497697],[100.44673184579561,13.58299869135275],[100.44661089749043,13.58363647380756],[100.44636393844948,13.584303456080502],[100.4463267852507,13.584660667408102],[100.44626828511497,13.584865443702878],[100.44634962064468,13.585297615636417],[100.44660262511003,13.585853603724734],[100.44670320753278,13.586330762891729],[100.44656038955253,13.586943455954911],[100.44664066349395,13.587200479272202],[100.44701653579072,13.587434547920095],[100.44734333608979,13.58761846919617],[100.44754141493476,13.588063248133132],[100.44751481499797,13.588602240139704],[100.44757153428304,13.589008073244308],[100.44796182705318,13.589382685328841],[100.44832408800491,13.589595590891026],[100.44859809289834,13.590031974210882],[100.44903510357982,13.590507265465995],[100.44921121399472,13.590909691702802],[100.44930116243634,13.591416193109964],[100.44915144661522,13.59178336898985],[100.44926287547474,13.592263174124014],[100.44954848082831,13.592375660844933],[100.44985883664113,13.592535722895212],[100.44999007630877,13.59314013482599],[100.45018272804826,13.593592985689359],[100.45056334391184,13.594153467067503],[100.45074958136675,13.59442848949829],[100.45080377438254,13.59486876977115],[100.45084659828983,13.59521891809644],[100.45104241204447,13.595727422282101],[100.45104197996224,13.596107015250338],[100.45087564988509,13.59642385726903],[100.45096665662858,13.596664818206737],[100.45146592781175,13.597537858809316],[100.45180759039516,13.597944649888275],[100.45205882840287,13.598206006339888],[100.4520646447892,13.598710284192265],[100.45206626211866,13.59897571627079],[100.45220332526881,13.599208546170733],[100.45213350754958,13.599769028991666],[100.45209777897354,13.600146115575942],[100.45217851885542,13.600477514437308],[100.45224230306816,13.600702727061813],[100.45237829762267,13.601647564111564],[100.45276571912356,13.602433676169616],[100.45315584411225,13.60276317887803],[100.45338952334731,13.603255552664226],[100.45355826030266,13.603782829608749],[100.45373776985355,13.604301999939917],[100.4537691798564,13.604553972139026],[100.4536928269589,13.604941960864553],[100.45360282338697,13.605303548436488],[100.45382298983982,13.605803863011504],[100.45384613872082,13.606050641277767]]},"properties":{"objectid":144,"id_khong":130,"id":3044,"num":null,"khong_name":"คลองศรีษะกระบือ","from_des":null,"to_des":null,"width_m":null,"length_m":0,"deep_m":0,"tor_began":null,"tor_term":null,"budget":0,"budg_sour":null,"mercenary":null,"progress_m":0,"per":0,"remark":null,"lev":null,"shape_leng":0,"owner_name":null,"check_neme":"1","hydrop":null,"text4000":null,"namef_pa":"คลองศรีษะกระบือ","shape_le_1":2968.46770782,"dcode":"1021","dname":"เขตบางขุนเทียน","canal_name":"คลองศรีษะกระบือ","risk_status":"monitor","evidence":"ไม่มีหลักฐานปัจจุบันว่าระดับวิกฤต; แสดงเป็นคลอง master","status_date":"2026-09-30","source":"BMA GIS + current situation reports"}},{"type":"Feature","id":145,"geometry":{"type":"LineString","coordinates":[[100.58967932472389,13.83236570038661],[100.58952309465337,13.831689015528093],[100.58948490613507,13.831456826509497],[100.58961288811797,13.83066921980482],[100.58970724095494,13.829927830654013],[100.58975209651796,13.828951163009194],[100.58965455866031,13.827953729171819],[100.58950539610235,13.826766848187804],[100.5892734286968,13.825325203346967],[100.58896890941314,13.824364173637413],[100.58896156730935,13.824057679781673],[100.58917312557939,13.82287361247717],[100.5892165389029,13.821953707909456]]},"properties":{"objectid":145,"id_khong":144,"id":284,"num":null,"khong_name":"คลองวังหิน","from_des":null,"to_des":null,"width_m":null,"length_m":0,"deep_m":0,"tor_began":null,"tor_term":null,"budget":0,"budg_sour":null,"mercenary":null,"progress_m":0,"per":0,"remark":null,"lev":null,"shape_leng":0,"owner_name":null,"check_neme":"1","hydrop":null,"text4000":null,"namef_pa":"คลองวังหิน","shape_le_1":1166.4906886,"dcode":"1030","dname":"เขตจตุจักร","canal_name":"คลองวังหิน","risk_status":"monitor","evidence":"ไม่มีหลักฐานปัจจุบันว่าระดับวิกฤต; แสดงเป็นคลอง master","status_date":"2026-09-30","source":"BMA GIS + current situation reports"}},{"type":"Feature","id":146,"geometry":{"type":"LineString","coordinates":[[100.5892165389029,13.821953707909456],[100.58918698010145,13.820676763397117],[100.58915254496792,13.819839148919657],[100.58918245489642,13.819233553604636],[100.58932183770187,13.818586401955162],[100.58943682719024,13.818199950127758],[100.58945482726674,13.817390101060386],[100.58936474211997,13.816432742523808],[100.58921593986904,13.815690487073903],[100.58899790664915,13.81514261833403],[100.58894027624137,13.814741920461046],[100.58897983305641,13.814029081265218],[100.58894891749992,13.81370999739734],[100.5887349549341,13.812985876719035],[100.58857324970339,13.812657426768222],[100.58854896400887,13.812540099942682],[100.58854424271696,13.81222590737879],[100.58861259120285,13.811901120110477],[100.58873842549579,13.811573340444873],[100.58891856531876,13.811155740941276],[100.58899947673763,13.810749085323922],[100.58896674105337,13.80977861226688],[100.58887247829298,13.809362877854602],[100.58874746776596,13.808663846426228],[100.58866396413242,13.807910865276071],[100.58862458621984,13.807119189893513],[100.58861680447967,13.806352976421326],[100.5885896803937,13.805433526211182],[100.58861562921841,13.804636457553228],[100.5886494449894,13.804043940307528],[100.58823901391357,13.803057743744091],[100.58823390219936,13.803057505620478]]},"properties":{"objectid":146,"id_khong":145,"id":292,"num":null,"khong_name":"คลองลาดพร้าว","from_des":null,"to_des":null,"width_m":null,"length_m":0,"deep_m":0,"tor_began":null,"tor_term":null,"budget":0,"budg_sour":null,"mercenary":null,"progress_m":0,"per":0,"remark":null,"lev":null,"shape_leng":0,"owner_name":null,"check_neme":"1","hydrop":null,"text4000":null,"namef_pa":"คลองลาดพร้าว","shape_le_1":2129.10973796,"dcode":"1030","dname":"เขตจตุจักร","canal_name":"คลองลาดพร้าว","risk_status":"watch_improving","evidence":"วิกฤตช่วงบน 29 ก.ย.; 30 ก.ย.ไม่อยู่ใน 3 คลองหลักที่ยังสูง","status_date":"2026-09-30","source":"BMA GIS + current situation reports"}},{"type":"Feature","id":147,"geometry":{"type":"LineString","coordinates":[[100.54415081591138,13.819919500954665],[100.54477986533367,13.82089501132997],[100.54504163849789,13.82130031508773],[100.54520280055519,13.821877962486068],[100.54534404143489,13.822256822224876],[100.54666335319881,13.824463925940512],[100.54850993704703,13.828060073290787],[100.55110903337824,13.833127056060134],[100.5518222367966,13.834394456235685],[100.55306034669952,13.836505415185073],[100.5542100743667,13.838501609761002],[100.55585353037709,13.841304856267227],[100.55697860828295,13.843555408362441],[100.55878141438473,13.846885301569312],[100.55980230795159,13.848763619096447],[100.56086408766146,13.850707641874225],[100.56231858289573,13.853380629000334],[100.5629132950149,13.854556558101145],[100.56319121272216,13.855117714855488]]},"properties":{"objectid":147,"id_khong":146,"id":293,"num":null,"khong_name":"คลองเปรมประชากร","from_des":"สะพานรถไฟสายใต้","to_des":"คลองบางเขน","width_m":"15.0 - 40.0","length_m":0,"deep_m":0,"tor_began":null,"tor_term":null,"budget":0,"budg_sour":null,"mercenary":null,"progress_m":0,"per":0,"remark":null,"lev":null,"shape_leng":4442.14248223,"owner_name":"สำนักการระบายน้","check_neme":"1","hydrop":null,"text4000":null,"namef_pa":"คลองเปรมประชากร","shape_le_1":4408.34710025,"dcode":"1030","dname":"เขตจตุจักร","canal_name":"คลองเปรมประชากร","risk_status":"high_decreasing","evidence":"ระดับยังสูงแต่ลดลง; กทม.รายงาน 30 ก.ย.","status_date":"2026-09-30","source":"BMA GIS + current situation reports"}},{"type":"Feature","id":148,"geometry":{"type":"LineString","coordinates":[[100.58642189089521,13.85882742571092],[100.5879499328164,13.878847118499602],[100.58814017212424,13.879828853048167],[100.58851765219143,13.88047725608539],[100.5888007343988,13.880931339882826],[100.58936485552601,13.881729357666178],[100.5901568392286,13.882635420032429],[100.59211782763047,13.884810903935437],[100.59463418079224,13.887642813714782]]},"properties":{"objectid":148,"id_khong":147,"id":1613,"num":null,"khong_name":"คลองถนน","from_des":"คลองบางเขน","to_des":"คลองวัดหลักสี่","width_m":"17.5 - 35.0","length_m":0,"deep_m":0,"tor_began":null,"tor_term":null,"budget":0,"budg_sour":null,"mercenary":null,"progress_m":0,"per":0,"remark":null,"lev":null,"shape_leng":3447.61184055,"owner_name":"สำนักการระบายน้","check_neme":"1","hydrop":null,"text4000":"คลองบางเขน","namef_pa":"คลองถนน","shape_le_1":3447.61033594,"dcode":"1030","dname":"เขตจตุจักร","canal_name":"คลองถนน","risk_status":"monitor","evidence":"ไม่มีหลักฐานปัจจุบันว่าระดับวิกฤต; แสดงเป็นคลอง master","status_date":"2026-09-30","source":"BMA GIS + current situation reports"}},{"type":"Feature","id":149,"geometry":{"type":"LineString","coordinates":[[100.72973595917344,13.811179409195221],[100.73184812121673,13.804718340480337],[100.73210535429435,13.803912809954836],[100.73451689741744,13.796824826939986],[100.73549456624418,13.79330042467005],[100.7370255704848,13.788987373642083],[100.73876416505442,13.783663913677715],[100.73891280246438,13.782429638100327],[100.73885040773443,13.779809464020833],[100.73888335727793,13.77844994497786],[100.73887527188147,13.777356934176387]]},"properties":{"objectid":149,"id_khong":148,"id":841,"num":null,"khong_name":"คลองสองต้นนุ่น","from_des":"คลองแสนแสบ","to_des":"คลองลำนายโส","width_m":"7.0 - 24.0","length_m":3850,"deep_m":0,"tor_began":null,"tor_term":null,"budget":0,"budg_sour":null,"mercenary":null,"progress_m":0,"per":0,"remark":null,"lev":null,"shape_leng":3893.29612697,"owner_name":"สำนักการระบายน้","check_neme":"1","hydrop":null,"text4000":null,"namef_pa":"คลองสองต้นนุ่น","shape_le_1":3896.53727058,"dcode":"1010","dname":"เขตมีนบุรี","canal_name":"คลองสองต้นนุ่น","risk_status":"monitor","evidence":"ไม่มีหลักฐานปัจจุบันว่าระดับวิกฤต; แสดงเป็นคลอง master","status_date":"2026-09-30","source":"BMA GIS + current situation reports"}},{"type":"Feature","id":150,"geometry":{"type":"LineString","coordinates":[[100.72984616367415,13.811241798943136],[100.72981590768012,13.812805618817318],[100.72983337555301,13.813622586962572],[100.72976232247434,13.815331460395575],[100.7296895216109,13.818332853575052],[100.72963118997684,13.827734778180446]]},"properties":{"objectid":150,"id_khong":149,"id":892,"num":null,"khong_name":"คลองสามวา","from_des":null,"to_des":null,"width_m":null,"length_m":0,"deep_m":0,"tor_began":null,"tor_term":null,"budget":0,"budg_sour":null,"mercenary":null,"progress_m":0,"per":0,"remark":null,"lev":null,"shape_leng":0,"owner_name":null,"check_neme":"1","hydrop":null,"text4000":null,"namef_pa":"คลองสามวา","shape_le_1":1825.12277402,"dcode":"1010","dname":"เขตมีนบุรี","canal_name":"คลองสามวา","risk_status":"monitor","evidence":"ไม่มีหลักฐานปัจจุบันว่าระดับวิกฤต; แสดงเป็นคลอง master","status_date":"2026-09-30","source":"BMA GIS + current situation reports"}},{"type":"Feature","id":151,"geometry":{"type":"LineString","coordinates":[[100.73892322130303,13.777355150089202],[100.73895231800172,13.775557110897108],[100.73894254515577,13.774874916445448],[100.73889659440924,13.773755062974024],[100.73886740166616,13.773003875928657],[100.73881558878549,13.769182749298626],[100.73888957536585,13.767298273688164],[100.73892745373426,13.765727895088805],[100.73888700952376,13.764722677154946],[100.73889568143976,13.764069900374432],[100.73891018362849,13.757095156658792],[100.73895334464059,13.754339406357525],[100.7388941080436,13.752275046631501],[100.73894302266315,13.750039582909984],[100.73892661170855,13.749231463003362],[100.73896836779348,13.747843866393444],[100.73897035896455,13.746956726135348],[100.7389036748094,13.746123748663255],[100.73895508264494,13.74488672333009],[100.73893529640561,13.743693124506695],[100.73898853340597,13.742714173248977],[100.73896788580994,13.741837765476694],[100.7389704753208,13.740369837508341],[100.73897285362999,13.739090233729069],[100.73896044862755,13.738349046376138],[100.73896897041534,13.737778141796019],[100.73897092051054,13.736595323846466],[100.73900995225837,13.73592290370054],[100.73897215956377,13.73546067502011],[100.73897342822549,13.734691829173494],[100.73901761009976,13.733229029562013],[100.738991178468,13.732632345697612],[100.73902969089036,13.730389904369238],[100.7390231315862,13.725765812265456],[100.73905392512307,13.723975076259997]]},"properties":{"objectid":151,"id_khong":150,"id":967,"num":null,"khong_name":"คลองสอง","from_des":"คลองตาเสือ","to_des":"คลองประเวศบุรีรมย์","width_m":"6.0 - 12.0","length_m":9200,"deep_m":0,"tor_began":null,"tor_term":null,"budget":0,"budg_sour":null,"mercenary":null,"progress_m":0,"per":0,"remark":null,"lev":null,"shape_leng":5909.15620602,"owner_name":"สำนักการระบายน้","check_neme":"1","hydrop":null,"text4000":null,"namef_pa":"คลองสองต้นนุ่น","shape_le_1":5907.9120726,"dcode":"1010","dname":"เขตมีนบุรี","canal_name":"คลองสอง","risk_status":"critical_gate","evidence":"ปตร.คลองสองสายใต้ +2.00 ม.รทก. 30 ก.ย. 07:00","status_date":"2026-09-30","source":"BMA GIS + current situation reports"}},{"type":"Feature","id":152,"geometry":{"type":"LineString","coordinates":[[100.5892165389029,13.821953707909456],[100.58918698010145,13.820676763397117],[100.58915254496792,13.819839148919657],[100.58918245489642,13.819233553604636],[100.58932183770187,13.818586401955162],[100.58943682719024,13.818199950127758],[100.58945482726674,13.817390101060386],[100.58936474211997,13.816432742523808],[100.58921593986904,13.815690487073903],[100.58899790664915,13.81514261833403],[100.58894027624137,13.814741920461046],[100.58897983305641,13.814029081265218],[100.58894891749992,13.81370999739734],[100.5887349549341,13.812985876719035],[100.58857324970339,13.812657426768222],[100.58854896400887,13.812540099942682],[100.58854424271696,13.81222590737879],[100.58861259120285,13.811901120110477],[100.58873842549579,13.811573340444873],[100.58891856531876,13.811155740941276],[100.58899947673763,13.810749085323922],[100.58896674105337,13.80977861226688],[100.58887247829298,13.809362877854602],[100.58874746776596,13.808663846426228],[100.58866396413242,13.807910865276071],[100.58862458621984,13.807119189893513],[100.58861680447967,13.806352976421326],[100.5885896803937,13.805433526211182],[100.58861562921841,13.804636457553228],[100.5886494449894,13.804043940307528],[100.58823901391357,13.803057743744091],[100.58823390219936,13.803057505620478]]},"properties":{"objectid":152,"id_khong":151,"id":292,"num":null,"khong_name":"คลองลาดพร้าว","from_des":null,"to_des":null,"width_m":null,"length_m":0,"deep_m":0,"tor_began":null,"tor_term":null,"budget":0,"budg_sour":null,"mercenary":null,"progress_m":0,"per":0,"remark":null,"lev":null,"shape_leng":0,"owner_name":null,"check_neme":"1","hydrop":null,"text4000":null,"namef_pa":"คลองลาดพร้าว","shape_le_1":2129.10973796,"dcode":"1038","dname":"เขตลาดพร้าว","canal_name":"คลองลาดพร้าว","risk_status":"watch_improving","evidence":"วิกฤตช่วงบน 29 ก.ย.; 30 ก.ย.ไม่อยู่ใน 3 คลองหลักที่ยังสูง","status_date":"2026-09-30","source":"BMA GIS + current situation reports"}},{"type":"Feature","id":171,"geometry":{"type":"LineString","coordinates":[[100.79909222599943,13.84921424619681],[100.80020824922576,13.849856025591885],[100.80111123757455,13.850417768193381],[100.80198544945351,13.850867307072239],[100.80485656804326,13.852369134196099],[100.80564018048074,13.85280911489497],[100.80616889261736,13.853171093709703],[100.8066020778651,13.853341393842308],[100.80749792665097,13.853430114495879],[100.80839636193296,13.853399623750706]]},"properties":{"objectid":171,"id_khong":170,"id":1471,"num":null,"khong_name":null,"from_des":null,"to_des":null,"width_m":null,"length_m":0,"deep_m":0,"tor_began":null,"tor_term":null,"budget":0,"budg_sour":null,"mercenary":null,"progress_m":0,"per":0,"remark":null,"lev":null,"shape_leng":0,"owner_name":null,"check_neme":"1","hydrop":null,"text4000":null,"namef_pa":"คลองแสนแสบ","shape_le_1":1127.12738362,"dcode":"1003","dname":"เขตหนองจอก","canal_name":"","risk_status":"monitor","evidence":"ไม่มีหลักฐานปัจจุบันว่าระดับวิกฤต; แสดงเป็นคลอง master","status_date":"2026-09-30","source":"BMA GIS + current situation reports"}},{"type":"Feature","id":157,"geometry":{"type":"LineString","coordinates":[[100.47089224207528,13.655945243890592],[100.47092728591718,13.65574557317013],[100.47104538638423,13.655111416843734],[100.47121088720161,13.654266762096604],[100.4713502946315,13.653565600906047],[100.47140688211242,13.653300188586726],[100.47147574754266,13.652691539112201],[100.47158688107727,13.652188020670183],[100.4716714411027,13.65187327614956],[100.47184663779363,13.651277553650708],[100.4719410411093,13.65085420879697],[100.47204340494953,13.650325525438355],[100.47213324912752,13.649904466581253],[100.47219985571459,13.64963257755118],[100.47230541800528,13.649079022641061],[100.47235014756596,13.648794429852611],[100.47241029680295,13.648403100193763],[100.47250326276024,13.647772708459293],[100.47261033046156,13.647130302615018],[100.47265712607425,13.646859525397307],[100.47268521381508,13.646632240116894],[100.47282506501851,13.645942282278092],[100.47287744251847,13.645207474545733],[100.47289267238939,13.644824273919445],[100.47293613546692,13.644495403661137],[100.47298571568606,13.64420662473535],[100.47304059171086,13.64389928685458],[100.47312720336389,13.643215519590301],[100.47323767269447,13.642483078142766],[100.47329253466967,13.642099642373646],[100.47337235087157,13.64148785601644],[100.47344019428036,13.640948803579901],[100.47346348800417,13.64046496526553],[100.47348644809125,13.639939554957053],[100.4735410762624,13.639629236333718],[100.47367452829081,13.63901432944645],[100.47382252015166,13.638359660609488],[100.47396973481797,13.637776485909992],[100.47411781457629,13.637234516602652],[100.47420275948447,13.636933869355815],[100.47430804867301,13.636656870050441],[100.4743771423476,13.636405663033713],[100.4745697019209,13.63587138353893],[100.47476814767698,13.635315378532939],[100.47491064542977,13.634709636194502],[100.47492239117805,13.634465366601452],[100.47498712783295,13.634040389392428],[100.47504405021778,13.633510529768026],[100.47502733903187,13.633163488997344],[100.47501375781157,13.63289081005762],[100.47504121281057,13.63247617665435],[100.47507090678825,13.63216437874995],[100.47513261237945,13.6319387017015],[100.47523280656733,13.631774522985811],[100.47545036332129,13.631375932629863],[100.47556504091835,13.630991147153903],[100.47559650461515,13.630534825590718],[100.47560864566486,13.630207045034481],[100.47553784688009,13.629863849911041],[100.47546824915956,13.629714146283812],[100.47534673746223,13.629562400487893],[100.47507019999094,13.629446370761311],[100.47472628151077,13.629353695623823],[100.47442460533362,13.629214858233855],[100.47423713340298,13.629131105640282],[100.47405452826996,13.628984059542136],[100.4739929494035,13.628824456476],[100.47396802898253,13.628714072636365],[100.47396138441812,13.628613431767935],[100.47407476078497,13.62833828307382],[100.47419596888028,13.628072486365232],[100.4742697143216,13.627871140460902],[100.47433720189578,13.62769296758988],[100.4743686579675,13.627554593689114],[100.47435563433703,13.62740853056169],[100.47415277876061,13.627264857847907],[100.47387166467207,13.627123005779838],[100.47353113602126,13.626949420401516],[100.47327048008673,13.626591533748385],[100.47307659233428,13.626259008555428],[100.47289551056596,13.626025099808745],[100.47276724006478,13.625852063480012],[100.47260918585081,13.625706226459185],[100.47234440095923,13.625493238864752],[100.47218041592309,13.62531255101253],[100.47205961318002,13.625040777439263],[100.47199330169227,13.624768681175528],[100.47197165144964,13.624533827596782],[100.47198777630867,13.624196081282642],[100.4720149379927,13.624016250243214],[100.47217766098414,13.623894813362105],[100.47252330826733,13.623628140457717],[100.4728686719128,13.62342654128611],[100.47316492775691,13.623245206525317],[100.47328759245217,13.623165489956165],[100.47349681503403,13.623033654272053],[100.47375376697343,13.62276976535291],[100.47397395901177,13.622501936799521],[100.47411926710568,13.622165413557168],[100.47420210263768,13.621856915444553],[100.47433595320165,13.621627015188022],[100.47451666648831,13.621469951989289],[100.47467354090622,13.621364364090505],[100.47516200052617,13.621023816670808],[100.47540530332861,13.620783957747607],[100.47590201159053,13.620225640682985],[100.47620297527845,13.619919733774339],[100.4764440811563,13.619842115151291],[100.47660391752372,13.619821101999815],[100.47674632210887,13.619840320789852],[100.4775445173803,13.619847057814464],[100.47780712958209,13.619845497581222],[100.47814026879121,13.619787845851818],[100.47836805975126,13.619677134720547],[100.47849807821294,13.61954278396153],[100.47855780510403,13.619404241727935],[100.4785790427774,13.619154945725876],[100.47855077987568,13.618862380419433],[100.47852447690649,13.618590862962574],[100.47851894167349,13.618350039795587],[100.47860042608667,13.618144217702518],[100.47876084202598,13.617971456895996],[100.47897078252772,13.617956380902006],[100.47929979642485,13.617946561854751],[100.4796908701189,13.617928600083001],[100.48003881928196,13.617728423184795],[100.48020943299397,13.617553792974643],[100.48044796572287,13.61722231503535],[100.48073492034425,13.616883409247897],[100.48117497635754,13.616274719486901],[100.48134843170288,13.615920220369633],[100.4814656255572,13.615611517121353],[100.48152765365238,13.615304406987157],[100.48152366260713,13.615214233883378],[100.48152419605822,13.614981599073717],[100.4814890953677,13.614521426171583],[100.48147069369554,13.613842259592202],[100.48153561901304,13.613241586466769],[100.48156997783624,13.612921536402789],[100.48157239183975,13.612599146358153],[100.48154911261017,13.612483240310203],[100.48143426735514,13.612201584635184],[100.48124072630213,13.611924284330467],[100.48099141288154,13.61142824065744],[100.48077676465843,13.610673239617737],[100.48071206733759,13.610012061965813],[100.48064952757059,13.609366778345754],[100.48047197469666,13.609061816661193],[100.48019504162913,13.608682341345784],[100.4798190976493,13.608103540243919],[100.47947049099322,13.607484267474712],[100.47941198727499,13.607279367740658],[100.47943803175018,13.6069821422889],[100.4794632350399,13.606561556775949],[100.47956354634654,13.606405963320537],[100.47953132898074,13.606188073848898],[100.47939312476002,13.605898963953258],[100.47916445121358,13.605693720219186],[100.4789953540326,13.60563299710842],[100.47880913452228,13.605588462436865],[100.4783978843129,13.605679746041812],[100.4782648133575,13.60571415628754],[100.47817396626542,13.605712707903999],[100.47789164588201,13.605433942378491],[100.47719297670443,13.604571729412488],[100.4769756501555,13.60430324188388],[100.47693498322674,13.604221600633629]]},"properties":{"objectid":157,"id_khong":156,"id":2832,"num":null,"khong_name":"คลองบางมด","from_des":"ซอยบุญแปลกอนุสรณ์","to_des":"คลองกระออม","width_m":"8-18","length_m":9800,"deep_m":0,"tor_began":null,"tor_term":null,"budget":0,"budg_sour":null,"mercenary":null,"progress_m":0,"per":0,"remark":null,"lev":null,"shape_leng":8188.88056304,"owner_name":"สนน.","check_neme":"1","hydrop":null,"text4000":null,"namef_pa":"คลองบางมด","shape_le_1":6830.460215440001,"dcode":"1049","dname":"เขตทุ่งครุ","canal_name":"คลองบางมด","risk_status":"monitor","evidence":"ไม่มีหลักฐานปัจจุบันว่าระดับวิกฤต; แสดงเป็นคลอง master","status_date":"2026-09-30","source":"BMA GIS + current situation reports"}},{"type":"Feature","id":158,"geometry":{"type":"LineString","coordinates":[[100.50683816941051,13.685656389022558],[100.5048385957102,13.681656395780118],[100.50467235938088,13.680855770656043],[100.50455114555427,13.68045839987212],[100.50447373026437,13.679839704220315],[100.50415838553842,13.678713816245853],[100.50423850941938,13.678414817342821],[100.50417598456293,13.677955995736243],[100.50391858050813,13.677454796937491],[100.50359203803042,13.676328975444653],[100.50356419294768,13.675953179161189],[100.50367471464577,13.675543375644626],[100.50351325463153,13.675337756029563],[100.5031216999203,13.674825258773419],[100.5029753770249,13.67409753371257],[100.50250361988411,13.672669106730222],[100.5020195661822,13.671452323953657],[100.50187396474384,13.671090074857533],[100.50175421710024,13.6709221584294],[100.50167638685609,13.670693164138314],[100.50164690679969,13.670491623518512],[100.50160297837907,13.670259622455763],[100.50133488384395,13.669885371967503],[100.50114005849291,13.669477418492571],[100.50099520562559,13.668919950446954],[100.50016390597219,13.66665825507302],[100.49983117958931,13.665886284988726],[100.4996171069016,13.665519477124187],[100.49949899007272,13.665211104742337],[100.4994967170872,13.66485169181369],[100.49924544887496,13.664460706320627],[100.49891680298686,13.663911306750974],[100.49885722807583,13.663409897200667],[100.49806018818676,13.661677678512783],[100.49762244129793,13.660543657753895],[100.49703431882133,13.659434855013867],[100.49633277461132,13.65614938222155]]},"properties":{"objectid":158,"id_khong":157,"id":3603,"num":null,"khong_name":"คลองราษฎร์บูรณะ (ตอนปลาย","from_des":"ถนนพทุธบูชา","to_des":"ซอยประชาอุทิศ 28","width_m":"2-3","length_m":2300,"deep_m":0,"tor_began":null,"tor_term":null,"budget":0,"budg_sour":null,"mercenary":null,"progress_m":0,"per":0,"remark":null,"lev":null,"shape_leng":3521.63870406,"owner_name":"สำนักงานเขต","check_neme":"1","hydrop":null,"text4000":null,"namef_pa":"คลองราษฎร์บูรณะ","shape_le_1":3501.91906664,"dcode":"1049","dname":"เขตทุ่งครุ","canal_name":"คลองราษฎร์บูรณะ (ตอนปลาย","risk_status":"monitor","evidence":"ไม่มีหลักฐานปัจจุบันว่าระดับวิกฤต; แสดงเป็นคลอง master","status_date":"2026-09-30","source":"BMA GIS + current situation reports"}},{"type":"Feature","id":159,"geometry":{"type":"LineString","coordinates":[[100.60404290237875,13.751038114388978],[100.60738057811167,13.754060362321292],[100.60921620694161,13.755833583601651],[100.61343856629858,13.759740112095402],[100.61416403662349,13.760476133585245],[100.61535639298543,13.761066666242973],[100.61697964591005,13.761478412093734],[100.62202590689733,13.762219536249223],[100.6348554477806,13.763521728664104],[100.63598207003425,13.763686404577832],[100.63707965649814,13.763853435677845],[100.63880802336789,13.76404554692801],[100.63959598686448,13.764064159982388],[100.64175622612443,13.764384591883683],[100.64276914536586,13.764470467125129],[100.64369048123886,13.764577372619845],[100.64564539517431,13.764780031982427],[100.64604516853792,13.76482155134028],[100.64750993430151,13.7649584277523],[100.64822077369823,13.76513540542782],[100.64884384087381,13.765365654108711],[100.64958069103795,13.765771993520897],[100.65013137306426,13.766151019803676],[100.65136144296858,13.767211488045078],[100.65272976167553,13.768238125124395],[100.6542372846815,13.769453324663987],[100.6555580984384,13.770314073182586],[100.65613769293483,13.77061625660283]]},"properties":{"objectid":159,"id_khong":158,"id":391,"num":null,"khong_name":"คลองแสนแสบ","from_des":"คลองลาดพร้าว","to_des":"คลองบ้านม้า(ศาลเจ้า)","width_m":"20.0 - 25.0","length_m":7300,"deep_m":0,"tor_began":null,"tor_term":null,"budget":0,"budg_sour":null,"mercenary":null,"progress_m":0,"per":0,"remark":null,"lev":null,"shape_leng":6334.37599477,"owner_name":"สำนักการระบายน้","check_neme":"1","hydrop":null,"text4000":null,"namef_pa":"คลองแสนแสบ","shape_le_1":6297.58299874,"dcode":"1017","dname":"เขตห้วยขวาง","canal_name":"คลองแสนแสบ","risk_status":"high_decreasing","evidence":"ระดับยังสูงแต่ลดลง; กทม.รายงาน 30 ก.ย.","status_date":"2026-09-30","source":"BMA GIS + current situation reports"}},{"type":"Feature","id":160,"geometry":{"type":"LineString","coordinates":[[100.60405470991401,13.751036501830448],[100.60257534943871,13.749515223776989],[100.60129214556619,13.748300739933814],[100.60063262775338,13.747788636797509],[100.60025078427505,13.747329224224512],[100.60008189709686,13.746958891793657],[100.59929814061968,13.744463835010617],[100.59881984346238,13.743407142795734],[100.59833877044564,13.741951837080482],[100.59789776790011,13.740940176861104]]},"properties":{"objectid":160,"id_khong":159,"id":1649,"num":null,"khong_name":"คลองแสนแสบ","from_des":"คลองตัน","to_des":"คลองลาดพร้าว","width_m":"20.0-25.0","length_m":1300,"deep_m":0,"tor_began":null,"tor_term":null,"budget":0,"budg_sour":null,"mercenary":null,"progress_m":0,"per":0,"remark":null,"lev":null,"shape_leng":1324.51737516,"owner_name":"สำนักการระบายน้","check_neme":"1","hydrop":null,"text4000":null,"namef_pa":"คลองแสนแสบ","shape_le_1":1334.27183888,"dcode":"1017","dname":"เขตห้วยขวาง","canal_name":"คลองแสนแสบ","risk_status":"high_decreasing","evidence":"ระดับยังสูงแต่ลดลง; กทม.รายงาน 30 ก.ย.","status_date":"2026-09-30","source":"BMA GIS + current situation reports"}},{"type":"Feature","id":161,"geometry":{"type":"LineString","coordinates":[[100.65615483065993,13.770602766611082],[100.65727253256509,13.771238314407116],[100.65873983471043,13.77202106216003],[100.66080349187344,13.773133512238369],[100.66476679536297,13.77533081505074]]},"properties":{"objectid":161,"id_khong":160,"id":385,"num":null,"khong_name":"คลองแสนแสบ","from_des":"คลองบ้านม้า","to_des":"คลองลาดบัวขาว","width_m":"25.0 - 35.0","length_m":5200,"deep_m":0,"tor_began":null,"tor_term":null,"budget":0,"budg_sour":null,"mercenary":null,"progress_m":0,"per":0,"remark":null,"lev":null,"shape_leng":2360.3847039,"owner_name":"สำนักการระบายน้","check_neme":"1","hydrop":null,"text4000":null,"namef_pa":"คลองแสนแสบ","shape_le_1":1068.18541793,"dcode":"1044","dname":"เขตสะพานสูง","canal_name":"คลองแสนแสบ","risk_status":"high_decreasing","evidence":"ระดับยังสูงแต่ลดลง; กทม.รายงาน 30 ก.ย.","status_date":"2026-09-30","source":"BMA GIS + current situation reports"}},{"type":"Feature","id":162,"geometry":{"type":"LineString","coordinates":[[100.70617180301163,13.798370628084285],[100.6857568341785,13.786851318384837],[100.67478286905119,13.780934944731975],[100.67420497826201,13.78056800425017],[100.67365818398652,13.780316252486738],[100.67255235635658,13.77973203731453],[100.67160802369324,13.779166510635273],[100.67096206256564,13.77880192205263],[100.6707226982063,13.778673506353364],[100.67023004170937,13.778409449142922],[100.66982317611121,13.778199482145597],[100.66955209945232,13.778050857345772],[100.66936898396524,13.777950434715901],[100.66883200751322,13.777662366245673],[100.66815498854453,13.777304305276068],[100.6681355827622,13.777288351481356],[100.66743706725552,13.776877297945504],[100.6666788241267,13.77645227776879],[100.66615891519831,13.776193727894514],[100.66561089575647,13.775874276828082],[100.66505091298791,13.775545146167815],[100.66466454732522,13.775342892783392]]},"properties":{"objectid":162,"id_khong":161,"id":623,"num":null,"khong_name":null,"from_des":null,"to_des":null,"width_m":null,"length_m":0,"deep_m":0,"tor_began":null,"tor_term":null,"budget":0,"budg_sour":null,"mercenary":null,"progress_m":0,"per":0,"remark":null,"lev":null,"shape_leng":0,"owner_name":null,"check_neme":"1","hydrop":null,"text4000":null,"namef_pa":"คลองแสนแสบ","shape_le_1":5161.87830751,"dcode":"1044","dname":"เขตสะพานสูง","canal_name":"","risk_status":"monitor","evidence":"ไม่มีหลักฐานปัจจุบันว่าระดับวิกฤต; แสดงเป็นคลอง master","status_date":"2026-09-30","source":"BMA GIS + current situation reports"}},{"type":"Feature","id":163,"geometry":{"type":"LineString","coordinates":[[100.65615483065993,13.770602766611082],[100.65727253256509,13.771238314407116],[100.65873983471043,13.77202106216003],[100.66080349187344,13.773133512238369],[100.66476679536297,13.77533081505074]]},"properties":{"objectid":163,"id_khong":162,"id":385,"num":null,"khong_name":"คลองแสนแสบ","from_des":"คลองบ้านม้า","to_des":"คลองลาดบัวขาว","width_m":"25.0 - 35.0","length_m":5200,"deep_m":0,"tor_began":null,"tor_term":null,"budget":0,"budg_sour":null,"mercenary":null,"progress_m":0,"per":0,"remark":null,"lev":null,"shape_leng":2360.3847039,"owner_name":"สำนักการระบายน้","check_neme":"1","hydrop":null,"text4000":null,"namef_pa":"คลองแสนแสบ","shape_le_1":1068.18541793,"dcode":"1006","dname":"เขตบางกะปิ","canal_name":"คลองแสนแสบ","risk_status":"high_decreasing","evidence":"ระดับยังสูงแต่ลดลง; กทม.รายงาน 30 ก.ย.","status_date":"2026-09-30","source":"BMA GIS + current situation reports"}},{"type":"Feature","id":164,"geometry":{"type":"LineString","coordinates":[[100.53639823373487,13.749591186478035],[100.53644717947749,13.749601907572423],[100.53696398793345,13.749622454226527],[100.53763231493124,13.74962108916671],[100.53806154193589,13.749611362112947],[100.53870636445829,13.749513620346226],[100.53937155622894,13.74947593953909],[100.539931930548,13.749384234950067],[100.54075045753376,13.749369360547757],[100.5410763355429,13.749308580397328],[100.54162106382938,13.74923802681846],[100.54201000304876,13.749189413923494],[100.54250256836526,13.749012904722383],[100.54294055640942,13.748804472339083],[100.54361976232823,13.748718432052964],[100.54440490607496,13.748636517199358],[100.54605955549432,13.748466004490112],[100.54618312253034,13.748542137330595],[100.54705105557706,13.748434570443866],[100.54760174771391,13.748390627820584],[100.5483985801788,13.74834748678207],[100.54889363598839,13.7483307308877],[100.54919998015149,13.74834977369496],[100.54942406866518,13.748394636542729],[100.54998901578179,13.748408166285584]]},"properties":{"objectid":164,"id_khong":163,"id":658,"num":null,"khong_name":"คลองแสนแสบ","from_des":"คลองผดุงกรุงเกษม","to_des":"สุดเขตปทุมวัน","width_m":"15.0 - 25.0","length_m":2750,"deep_m":0,"tor_began":null,"tor_term":null,"budget":0,"budg_sour":null,"mercenary":null,"progress_m":0,"per":0,"remark":null,"lev":null,"shape_leng":2043.47532845,"owner_name":"สำนักการระบายน้","check_neme":"1","hydrop":null,"text4000":null,"namef_pa":"คลองแสนแสบ","shape_le_1":1488.26448191,"dcode":"1007","dname":"เขตปทุมวัน","canal_name":"คลองแสนแสบ","risk_status":"high_decreasing","evidence":"ระดับยังสูงแต่ลดลง; กทม.รายงาน 30 ก.ย.","status_date":"2026-09-30","source":"BMA GIS + current situation reports"}},{"type":"Feature","id":165,"geometry":{"type":"LineString","coordinates":[[100.53122821870707,13.74919370947078],[100.53165445249547,13.749157442113109],[100.53244402196992,13.749097950276285],[100.53319363408983,13.749049999920826],[100.53411436984037,13.749133743544897],[100.53473577872228,13.749187263944208],[100.53530010212874,13.749256502298834],[100.53563417017679,13.74935229734934],[100.53606744467523,13.749518869710093],[100.53639823373487,13.749591186478035]]},"properties":{"objectid":165,"id_khong":164,"id":659,"num":null,"khong_name":"คลองมหานาค","from_des":"คลองผดุงกรุงเกษม","to_des":"สุดเขตปทุมวัน","width_m":"15.0 - 25.0","length_m":2750,"deep_m":0,"tor_began":null,"tor_term":null,"budget":0,"budg_sour":null,"mercenary":null,"progress_m":0,"per":0,"remark":null,"lev":null,"shape_leng":2043.47532845,"owner_name":"สำนักการระบายน้","check_neme":"1","hydrop":null,"text4000":null,"namef_pa":"คลองแสนแสบ","shape_le_1":566.7741465199999,"dcode":"1007","dname":"เขตปทุมวัน","canal_name":"คลองมหานาค","risk_status":"monitor","evidence":"ไม่มีหลักฐานปัจจุบันว่าระดับวิกฤต; แสดงเป็นคลอง master","status_date":"2026-09-30","source":"BMA GIS + current situation reports"}},{"type":"Feature","id":166,"geometry":{"type":"LineString","coordinates":[[100.54998901578179,13.748408166285584],[100.55128159617003,13.748303247136892],[100.55225674801055,13.748325487754531],[100.55340583070594,13.748233118816339],[100.55598179030817,13.748259351778058],[100.55898108734381,13.748481975118143],[100.56124911442126,13.748169301390979],[100.56308013587562,13.747774246137626],[100.56373502982238,13.747784282582794],[100.5651887673741,13.747561958693362],[100.58915725143979,13.742525107443702],[100.59789776790011,13.740940176861104]]},"properties":{"objectid":166,"id_khong":165,"id":1125,"num":null,"khong_name":"__________","from_des":"_____________","to_des":"___________","width_m":"15.0-30.0","length_m":2070,"deep_m":0,"tor_began":null,"tor_term":null,"budget":0,"budg_sour":null,"mercenary":null,"progress_m":0,"per":0,"remark":null,"lev":null,"shape_leng":2060.9520503900003,"owner_name":"___________","check_neme":"1","hydrop":null,"text4000":null,"namef_pa":"คลองแสนแสบ","shape_le_1":5267.54100793,"dcode":"1007","dname":"เขตปทุมวัน","canal_name":"__________","risk_status":"monitor","evidence":"ไม่มีหลักฐานปัจจุบันว่าระดับวิกฤต; แสดงเป็นคลอง master","status_date":"2026-09-30","source":"BMA GIS + current situation reports"}},{"type":"Feature","id":167,"geometry":{"type":"LineString","coordinates":[[100.52525969601389,13.749229258541602],[100.52532629458774,13.749198751921652],[100.52555903322103,13.749213759905713],[100.52640999242215,13.74942566360523],[100.5271373747217,13.749547322780362],[100.52758930293082,13.749580944292674],[100.5279394968446,13.749541629937795],[100.52873280819871,13.749411995121283],[100.52929732425474,13.749311160765863],[100.52981687882928,13.749249736195543],[100.53030143118032,13.7492347999968],[100.53108103721551,13.74920266666819],[100.53122821753212,13.749193528692086]]},"properties":{"objectid":167,"id_khong":166,"id":1737,"num":null,"khong_name":"คลองมหานาค","from_des":"คลองผดุงกรุงเกษม","to_des":"ประตูน้ำ","width_m":"19.0 - 20.0","length_m":1750,"deep_m":0,"tor_began":null,"tor_term":null,"budget":0,"budg_sour":null,"mercenary":null,"progress_m":0,"per":0,"remark":null,"lev":null,"shape_leng":1615.8049881700001,"owner_name":"สำนักการระบายน้","check_neme":"1","hydrop":null,"text4000":null,"namef_pa":"คลองแสนแสบ","shape_le_1":653.4781401500001,"dcode":"1007","dname":"เขตปทุมวัน","canal_name":"คลองมหานาค","risk_status":"monitor","evidence":"ไม่มีหลักฐานปัจจุบันว่าระดับวิกฤต; แสดงเป็นคลอง master","status_date":"2026-09-30","source":"BMA GIS + current situation reports"}},{"type":"Feature","id":168,"geometry":{"type":"LineString","coordinates":[[100.54998901578179,13.748408166285584],[100.55128159617003,13.748303247136892],[100.55225674801055,13.748325487754531],[100.55340583070594,13.748233118816339],[100.55598179030817,13.748259351778058],[100.55898108734381,13.748481975118143],[100.56124911442126,13.748169301390979],[100.56308013587562,13.747774246137626],[100.56373502982238,13.747784282582794],[100.5651887673741,13.747561958693362],[100.58915725143979,13.742525107443702],[100.59789776790011,13.740940176861104]]},"properties":{"objectid":168,"id_khong":167,"id":1125,"num":null,"khong_name":"__________","from_des":"_____________","to_des":"___________","width_m":"15.0-30.0","length_m":2070,"deep_m":0,"tor_began":null,"tor_term":null,"budget":0,"budg_sour":null,"mercenary":null,"progress_m":0,"per":0,"remark":null,"lev":null,"shape_leng":2060.9520503900003,"owner_name":"___________","check_neme":"1","hydrop":null,"text4000":null,"namef_pa":"คลองแสนแสบ","shape_le_1":5267.54100793,"dcode":"1039","dname":"เขตวัฒนา","canal_name":"__________","risk_status":"monitor","evidence":"ไม่มีหลักฐานปัจจุบันว่าระดับวิกฤต; แสดงเป็นคลอง master","status_date":"2026-09-30","source":"BMA GIS + current situation reports"}},{"type":"Feature","id":169,"geometry":{"type":"LineString","coordinates":[[100.60405470991401,13.751036501830448],[100.60257534943871,13.749515223776989],[100.60129214556619,13.748300739933814],[100.60063262775338,13.747788636797509],[100.60025078427505,13.747329224224512],[100.60008189709686,13.746958891793657],[100.59929814061968,13.744463835010617],[100.59881984346238,13.743407142795734],[100.59833877044564,13.741951837080482],[100.59789776790011,13.740940176861104]]},"properties":{"objectid":169,"id_khong":168,"id":1649,"num":null,"khong_name":"คลองแสนแสบ","from_des":"คลองตัน","to_des":"คลองลาดพร้าว","width_m":"20.0-25.0","length_m":1300,"deep_m":0,"tor_began":null,"tor_term":null,"budget":0,"budg_sour":null,"mercenary":null,"progress_m":0,"per":0,"remark":null,"lev":null,"shape_leng":1324.51737516,"owner_name":"สำนักการระบายน้","check_neme":"1","hydrop":null,"text4000":null,"namef_pa":"คลองแสนแสบ","shape_le_1":1334.27183888,"dcode":"1039","dname":"เขตวัฒนา","canal_name":"คลองแสนแสบ","risk_status":"high_decreasing","evidence":"ระดับยังสูงแต่ลดลง; กทม.รายงาน 30 ก.ย.","status_date":"2026-09-30","source":"BMA GIS + current situation reports"}},{"type":"Feature","id":170,"geometry":{"type":"LineString","coordinates":[[100.8083747012736,13.85339978374735],[100.80991791851093,13.85346184423244],[100.81092935085141,13.85344569007457],[100.81234753287558,13.85351516646508],[100.81332911136374,13.853534554991569],[100.81496617667707,13.853708841403899],[100.8174495620391,13.854036685715505],[100.81935922196665,13.85420900843905],[100.82058761425222,13.85441294976746],[100.82217035929048,13.854614247319926],[100.82394393514465,13.854814112536628],[100.82686352346653,13.85513869822253],[100.82836451227158,13.855340564589408],[100.83805153343113,13.856493316894644],[100.84437772732393,13.857088648272729],[100.85103811326961,13.857753933237865],[100.85932671094146,13.857877519050737],[100.86011626709535,13.857738780537352],[100.86498995164541,13.856982064616469],[100.86988884497927,13.855959224389844],[100.87634729829945,13.854193876466166],[100.88245579651687,13.852506689995522],[100.88471575725902,13.852169703118495],[100.88724799431859,13.851803941650239],[100.89396862282257,13.850361968945135],[100.91265328251566,13.846814763398049]]},"properties":{"objectid":170,"id_khong":169,"id":1307,"num":null,"khong_name":"คลองแสนแสบ","from_des":"สุดเขต","to_des":"สุดเขต","width_m":null,"length_m":11760,"deep_m":0,"tor_began":null,"tor_term":null,"budget":0,"budg_sour":null,"mercenary":null,"progress_m":0,"per":0,"remark":null,"lev":null,"shape_leng":11434.932416,"owner_name":null,"check_neme":"1","hydrop":null,"text4000":null,"namef_pa":"คลองแสนแสบ","shape_le_1":11435.0391413,"dcode":"1003","dname":"เขตหนองจอก","canal_name":"คลองแสนแสบ","risk_status":"high_decreasing","evidence":"ระดับยังสูงแต่ลดลง; กทม.รายงาน 30 ก.ย.","status_date":"2026-09-30","source":"BMA GIS + current situation reports"}},{"type":"Feature","id":173,"geometry":{"type":"LineString","coordinates":[[100.70617180301163,13.798370628084285],[100.6857568341785,13.786851318384837],[100.67478286905119,13.780934944731975],[100.67420497826201,13.78056800425017],[100.67365818398652,13.780316252486738],[100.67255235635658,13.77973203731453],[100.67160802369324,13.779166510635273],[100.67096206256564,13.77880192205263],[100.6707226982063,13.778673506353364],[100.67023004170937,13.778409449142922],[100.66982317611121,13.778199482145597],[100.66955209945232,13.778050857345772],[100.66936898396524,13.777950434715901],[100.66883200751322,13.777662366245673],[100.66815498854453,13.777304305276068],[100.6681355827622,13.777288351481356],[100.66743706725552,13.776877297945504],[100.6666788241267,13.77645227776879],[100.66615891519831,13.776193727894514],[100.66561089575647,13.775874276828082],[100.66505091298791,13.775545146167815],[100.66466454732522,13.775342892783392]]},"properties":{"objectid":173,"id_khong":172,"id":623,"num":null,"khong_name":null,"from_des":null,"to_des":null,"width_m":null,"length_m":0,"deep_m":0,"tor_began":null,"tor_term":null,"budget":0,"budg_sour":null,"mercenary":null,"progress_m":0,"per":0,"remark":null,"lev":null,"shape_leng":0,"owner_name":null,"check_neme":"1","hydrop":null,"text4000":null,"namef_pa":"คลองแสนแสบ","shape_le_1":5161.87830751,"dcode":"1010","dname":"เขตมีนบุรี","canal_name":"","risk_status":"monitor","evidence":"ไม่มีหลักฐานปัจจุบันว่าระดับวิกฤต; แสดงเป็นคลอง master","status_date":"2026-09-30","source":"BMA GIS + current situation reports"}},{"type":"Feature","id":174,"geometry":{"type":"LineString","coordinates":[[100.70617180301163,13.798370628084285],[100.71242058239014,13.801577121440573],[100.7134822245643,13.802298529024407],[100.71669356269982,13.803981421841163],[100.7235517889228,13.807756892825454],[100.7297453062405,13.811164522977323],[100.74319185364092,13.818561634452386],[100.74360661750693,13.818852647212399],[100.76247181620015,13.829197204480154],[100.79252184686896,13.845575063411557],[100.79909222599943,13.84921424619681]]},"properties":{"objectid":174,"id_khong":173,"id":893,"num":null,"khong_name":"คลองแสนแสบ","from_des":"คลองลาดบัวขาว","to_des":"คลองลัดตาเตี้ย","width_m":"25.0 - 35.0","length_m":11530,"deep_m":0,"tor_began":null,"tor_term":null,"budget":0,"budg_sour":null,"mercenary":null,"progress_m":0,"per":0,"remark":null,"lev":null,"shape_leng":12794.9552213,"owner_name":"สำนักการระบายน้","check_neme":"1","hydrop":null,"text4000":null,"namef_pa":"คลองแสนแสบ","shape_le_1":11515.7259805,"dcode":"1010","dname":"เขตมีนบุรี","canal_name":"คลองแสนแสบ","risk_status":"high_decreasing","evidence":"ระดับยังสูงแต่ลดลง; กทม.รายงาน 30 ก.ย.","status_date":"2026-09-30","source":"BMA GIS + current situation reports"}},{"type":"Feature","id":175,"geometry":{"type":"LineString","coordinates":[[100.8083747012736,13.85339978374735],[100.80991791851093,13.85346184423244],[100.81092935085141,13.85344569007457],[100.81234753287558,13.85351516646508],[100.81332911136374,13.853534554991569],[100.81496617667707,13.853708841403899],[100.8174495620391,13.854036685715505],[100.81935922196665,13.85420900843905],[100.82058761425222,13.85441294976746],[100.82217035929048,13.854614247319926],[100.82394393514465,13.854814112536628],[100.82686352346653,13.85513869822253],[100.82836451227158,13.855340564589408],[100.83805153343113,13.856493316894644],[100.84437772732393,13.857088648272729],[100.85103811326961,13.857753933237865],[100.85932671094146,13.857877519050737],[100.86011626709535,13.857738780537352],[100.86498995164541,13.856982064616469],[100.86988884497927,13.855959224389844],[100.87634729829945,13.854193876466166],[100.88245579651687,13.852506689995522],[100.88471575725902,13.852169703118495],[100.88724799431859,13.851803941650239],[100.89396862282257,13.850361968945135],[100.91265328251566,13.846814763398049]]},"properties":{"objectid":175,"id_khong":174,"id":1307,"num":null,"khong_name":"คลองแสนแสบ","from_des":"สุดเขต","to_des":"สุดเขต","width_m":null,"length_m":11760,"deep_m":0,"tor_began":null,"tor_term":null,"budget":0,"budg_sour":null,"mercenary":null,"progress_m":0,"per":0,"remark":null,"lev":null,"shape_leng":11434.932416,"owner_name":null,"check_neme":"1","hydrop":null,"text4000":null,"namef_pa":"คลองแสนแสบ","shape_le_1":11435.0391413,"dcode":"1010","dname":"เขตมีนบุรี","canal_name":"คลองแสนแสบ","risk_status":"high_decreasing","evidence":"ระดับยังสูงแต่ลดลง; กทม.รายงาน 30 ก.ย.","status_date":"2026-09-30","source":"BMA GIS + current situation reports"}},{"type":"Feature","id":176,"geometry":{"type":"LineString","coordinates":[[100.60404290237875,13.751038114388978],[100.60738057811167,13.754060362321292],[100.60921620694161,13.755833583601651],[100.61343856629858,13.759740112095402],[100.61416403662349,13.760476133585245],[100.61535639298543,13.761066666242973],[100.61697964591005,13.761478412093734],[100.62202590689733,13.762219536249223],[100.6348554477806,13.763521728664104],[100.63598207003425,13.763686404577832],[100.63707965649814,13.763853435677845],[100.63880802336789,13.76404554692801],[100.63959598686448,13.764064159982388],[100.64175622612443,13.764384591883683],[100.64276914536586,13.764470467125129],[100.64369048123886,13.764577372619845],[100.64564539517431,13.764780031982427],[100.64604516853792,13.76482155134028],[100.64750993430151,13.7649584277523],[100.64822077369823,13.76513540542782],[100.64884384087381,13.765365654108711],[100.64958069103795,13.765771993520897],[100.65013137306426,13.766151019803676],[100.65136144296858,13.767211488045078],[100.65272976167553,13.768238125124395],[100.6542372846815,13.769453324663987],[100.6555580984384,13.770314073182586],[100.65613769293483,13.77061625660283]]},"properties":{"objectid":176,"id_khong":175,"id":391,"num":null,"khong_name":"คลองแสนแสบ","from_des":"คลองลาดพร้าว","to_des":"คลองบ้านม้า(ศาลเจ้า)","width_m":"20.0 - 25.0","length_m":7300,"deep_m":0,"tor_began":null,"tor_term":null,"budget":0,"budg_sour":null,"mercenary":null,"progress_m":0,"per":0,"remark":null,"lev":null,"shape_leng":6334.37599477,"owner_name":"สำนักการระบายน้","check_neme":"1","hydrop":null,"text4000":null,"namef_pa":"คลองแสนแสบ","shape_le_1":6297.58299874,"dcode":"1006","dname":"เขตบางกะปิ","canal_name":"คลองแสนแสบ","risk_status":"high_decreasing","evidence":"ระดับยังสูงแต่ลดลง; กทม.รายงาน 30 ก.ย.","status_date":"2026-09-30","source":"BMA GIS + current situation reports"}},{"type":"Feature","id":177,"geometry":{"type":"LineString","coordinates":[[100.70617180301163,13.798370628084285],[100.6857568341785,13.786851318384837],[100.67478286905119,13.780934944731975],[100.67420497826201,13.78056800425017],[100.67365818398652,13.780316252486738],[100.67255235635658,13.77973203731453],[100.67160802369324,13.779166510635273],[100.67096206256564,13.77880192205263],[100.6707226982063,13.778673506353364],[100.67023004170937,13.778409449142922],[100.66982317611121,13.778199482145597],[100.66955209945232,13.778050857345772],[100.66936898396524,13.777950434715901],[100.66883200751322,13.777662366245673],[100.66815498854453,13.777304305276068],[100.6681355827622,13.777288351481356],[100.66743706725552,13.776877297945504],[100.6666788241267,13.77645227776879],[100.66615891519831,13.776193727894514],[100.66561089575647,13.775874276828082],[100.66505091298791,13.775545146167815],[100.66466454732522,13.775342892783392]]},"properties":{"objectid":177,"id_khong":176,"id":623,"num":null,"khong_name":null,"from_des":null,"to_des":null,"width_m":null,"length_m":0,"deep_m":0,"tor_began":null,"tor_term":null,"budget":0,"budg_sour":null,"mercenary":null,"progress_m":0,"per":0,"remark":null,"lev":null,"shape_leng":0,"owner_name":null,"check_neme":"1","hydrop":null,"text4000":null,"namef_pa":"คลองแสนแสบ","shape_le_1":5161.87830751,"dcode":"1006","dname":"เขตบางกะปิ","canal_name":"","risk_status":"monitor","evidence":"ไม่มีหลักฐานปัจจุบันว่าระดับวิกฤต; แสดงเป็นคลอง master","status_date":"2026-09-30","source":"BMA GIS + current situation reports"}},{"type":"Feature","id":178,"geometry":{"type":"LineString","coordinates":[[100.53235850299967,13.798208193031181],[100.53264992402582,13.798723226125706],[100.53298093996028,13.799368240313521],[100.53319566217601,13.799828260741272]]},"properties":{"objectid":178,"id_khong":177,"id":383,"num":null,"khong_name":"คลองเปรมประชากร","from_des":null,"to_des":null,"width_m":null,"length_m":0,"deep_m":0,"tor_began":null,"tor_term":null,"budget":0,"budg_sour":null,"mercenary":null,"progress_m":0,"per":0,"remark":null,"lev":null,"shape_leng":0,"owner_name":null,"check_neme":"1","hydrop":null,"text4000":null,"namef_pa":"คลองเปรมประชากร","shape_le_1":200.87849805,"dcode":"1002","dname":"เขตดุสิต","canal_name":"คลองเปรมประชากร","risk_status":"high_decreasing","evidence":"ระดับยังสูงแต่ลดลง; กทม.รายงาน 30 ก.ย.","status_date":"2026-09-30","source":"BMA GIS + current situation reports"}},{"type":"Feature","id":179,"geometry":{"type":"LineString","coordinates":[[100.4691382145554,13.715890617788048],[100.46911827813948,13.716141984298204],[100.46906953836626,13.716567588538387],[100.469053262203,13.716917174210364],[100.4690636823448,13.7173544465977],[100.46910726010132,13.717557446295883],[100.46914659934333,13.717740948463788],[100.46925347424578,13.718020120443743],[100.46939947879416,13.718302041782447],[100.46954750007015,13.718540390325412],[100.4697493961211,13.71881077169843],[100.46997219785325,13.719107961796672],[100.47015855944157,13.719344635400379],[100.47018733795248,13.719399232032599],[100.4702437842263,13.719476892018951],[100.47042655022386,13.719748110583005],[100.4705985050959,13.720009541126023],[100.47075734483374,13.720258397847562],[100.47089834774211,13.72047130009823],[100.47104688762631,13.72066996799216],[100.47116048396147,13.720803591957424],[100.47132158416133,13.721047915866468],[100.47140870290977,13.721239356989317],[100.47143949180655,13.721383958073327],[100.47147642344612,13.721523279623907],[100.47151272329442,13.721805853583762],[100.47153724852481,13.722168751591369],[100.47146723816115,13.722496152255546]]},"properties":{"objectid":179,"id_khong":178,"id":3417,"num":null,"khong_name":"คลองบางขุนเทียน","from_des":null,"to_des":null,"width_m":null,"length_m":0,"deep_m":0,"tor_began":null,"tor_term":null,"budget":0,"budg_sour":null,"mercenary":null,"progress_m":0,"per":0,"remark":null,"lev":null,"shape_leng":0,"owner_name":null,"check_neme":"1","hydrop":"คลองบางกอกใหญ่","text4000":"คลองมหาชัย","namef_pa":null,"shape_le_1":806.62309138,"dcode":"1022","dname":"เขตภาษีเจริญ","canal_name":"คลองบางขุนเทียน","risk_status":"monitor","evidence":"ไม่มีหลักฐานปัจจุบันว่าระดับวิกฤต; แสดงเป็นคลอง master","status_date":"2026-09-30","source":"BMA GIS + current situation reports"}},{"type":"Feature","id":180,"geometry":{"type":"LineString","coordinates":[[100.4691382145554,13.715890617788048],[100.46911827813948,13.716141984298204],[100.46906953836626,13.716567588538387],[100.469053262203,13.716917174210364],[100.4690636823448,13.7173544465977],[100.46910726010132,13.717557446295883],[100.46914659934333,13.717740948463788],[100.46925347424578,13.718020120443743],[100.46939947879416,13.718302041782447],[100.46954750007015,13.718540390325412],[100.4697493961211,13.71881077169843],[100.46997219785325,13.719107961796672],[100.47015855944157,13.719344635400379],[100.47018733795248,13.719399232032599],[100.4702437842263,13.719476892018951],[100.47042655022386,13.719748110583005],[100.4705985050959,13.720009541126023],[100.47075734483374,13.720258397847562],[100.47089834774211,13.72047130009823],[100.47104688762631,13.72066996799216],[100.47116048396147,13.720803591957424],[100.47132158416133,13.721047915866468],[100.47140870290977,13.721239356989317],[100.47143949180655,13.721383958073327],[100.47147642344612,13.721523279623907],[100.47151272329442,13.721805853583762],[100.47153724852481,13.722168751591369],[100.47146723816115,13.722496152255546]]},"properties":{"objectid":180,"id_khong":179,"id":3417,"num":null,"khong_name":"คลองบางขุนเทียน","from_des":null,"to_des":null,"width_m":null,"length_m":0,"deep_m":0,"tor_began":null,"tor_term":null,"budget":0,"budg_sour":null,"mercenary":null,"progress_m":0,"per":0,"remark":null,"lev":null,"shape_leng":0,"owner_name":null,"check_neme":"1","hydrop":"คลองบางกอกใหญ่","text4000":"คลองมหาชัย","namef_pa":null,"shape_le_1":806.62309138,"dcode":"1035","dname":"เขตจอมทอง","canal_name":"คลองบางขุนเทียน","risk_status":"monitor","evidence":"ไม่มีหลักฐานปัจจุบันว่าระดับวิกฤต; แสดงเป็นคลอง master","status_date":"2026-09-30","source":"BMA GIS + current situation reports"}},{"type":"Feature","id":181,"geometry":{"type":"LineString","coordinates":[[100.4487489658028,13.629523095326919],[100.44866429517123,13.629035816562821],[100.44856540539517,13.628716543560639],[100.44869711161944,13.628455124852849],[100.44885607686044,13.628039541748594],[100.44843386689433,13.627666841759732],[100.44851243722547,13.62730297233639],[100.4488470329583,13.627218144844727],[100.44908348778843,13.626924482943538],[100.44883019920907,13.626444152188922],[100.44888484678658,13.626131847078899],[100.44933486792702,13.625765902868707],[100.44936621812683,13.625607738086753],[100.4486298277498,13.62536719449041],[100.4485880891544,13.625146281755462],[100.44870058404068,13.625046932818588],[100.44928223455005,13.625083039217253],[100.44968697909518,13.624579078467216],[100.44964528822241,13.624366118811047],[100.44947165748516,13.624363154502584],[100.44879037774567,13.62454878574426],[100.44861965508548,13.62436016670954],[100.44871858877983,13.624023925036827],[100.4489186178966,13.623718725944677],[100.44945878958188,13.623577298599084],[100.44974068276287,13.62344930667621],[100.4498327596357,13.623326306528691],[100.44980119884256,13.623112294345416],[100.4496636439795,13.623063749573326],[100.44921322857503,13.623038718983556],[100.4489878482117,13.62282276262731],[100.44891806472626,13.622639519872687],[100.4489532026534,13.622439940322959],[100.44905698801601,13.622249721822884],[100.44914760545282,13.622199847031633],[100.44932996294021,13.622309407450516],[100.44957926361387,13.622473799127459],[100.44974545310829,13.62258146471728],[100.44990483962837,13.622560743065826],[100.45012498088586,13.62256732213482],[100.45017237500373,13.622403189757478],[100.45026038766123,13.621938673209641]]},"properties":{"objectid":181,"id_khong":180,"id":2836,"num":null,"khong_name":"คลองเฉลิมชัยพัฒนา","from_des":"คลองสนามชัย","to_des":"คลองบางขโมย","width_m":"50-70","length_m":2150,"deep_m":0,"tor_began":null,"tor_term":null,"budget":0,"budg_sour":null,"mercenary":null,"progress_m":0,"per":0,"remark":null,"lev":null,"shape_leng":1952.59933563,"owner_name":"สนน.","check_neme":"1","hydrop":null,"text4000":null,"namef_pa":"คลองหัวกระบือ","shape_le_1":1517.93108548,"dcode":"1021","dname":"เขตบางขุนเทียน","canal_name":"คลองเฉลิมชัยพัฒนา","risk_status":"monitor","evidence":"ไม่มีหลักฐานปัจจุบันว่าระดับวิกฤต; แสดงเป็นคลอง master","status_date":"2026-09-30","source":"BMA GIS + current situation reports"}},{"type":"Feature","id":182,"geometry":{"type":"LineString","coordinates":[[100.53235850299967,13.798208193031181],[100.53264992402582,13.798723226125706],[100.53298093996028,13.799368240313521],[100.53319566217601,13.799828260741272]]},"properties":{"objectid":182,"id_khong":181,"id":383,"num":null,"khong_name":"คลองเปรมประชากร","from_des":null,"to_des":null,"width_m":null,"length_m":0,"deep_m":0,"tor_began":null,"tor_term":null,"budget":0,"budg_sour":null,"mercenary":null,"progress_m":0,"per":0,"remark":null,"lev":null,"shape_leng":0,"owner_name":null,"check_neme":"1","hydrop":null,"text4000":null,"namef_pa":"คลองเปรมประชากร","shape_le_1":200.87849805,"dcode":"1029","dname":"เขตบางซื่อ","canal_name":"คลองเปรมประชากร","risk_status":"high_decreasing","evidence":"ระดับยังสูงแต่ลดลง; กทม.รายงาน 30 ก.ย.","status_date":"2026-09-30","source":"BMA GIS + current situation reports"}},{"type":"Feature","id":183,"geometry":{"type":"LineString","coordinates":[[100.4540766653765,13.642813460298422],[100.45405489730003,13.642556913990619],[100.4540476310485,13.64235351457993],[100.45402264513116,13.642231289252615],[100.45400106938348,13.642006283862203],[100.4539875729236,13.641781230257346],[100.4539530943231,13.641427963487578],[100.45393165303,13.641224738329107],[100.45389649726476,13.640760942179556],[100.45381892159575,13.639953777032195],[100.45375951872205,13.639488134877352],[100.45375120548263,13.63943739059786]]},"properties":{"objectid":183,"id_khong":182,"id":null,"num":null,"khong_name":"คลองรางไผ่","from_des":null,"to_des":null,"width_m":null,"length_m":null,"deep_m":null,"tor_began":null,"tor_term":null,"budget":null,"budg_sour":null,"mercenary":null,"progress_m":null,"per":null,"remark":null,"lev":null,"shape_leng":null,"owner_name":null,"check_neme":null,"hydrop":null,"text4000":null,"namef_pa":"คลองรางไผ่","shape_le_1":null,"dcode":null,"dname":null,"canal_name":"คลองรางไผ่","risk_status":"monitor","evidence":"ไม่มีหลักฐานปัจจุบันว่าระดับวิกฤต; แสดงเป็นคลอง master","status_date":"2026-09-30","source":"BMA GIS + current situation reports"}},{"type":"Feature","id":184,"geometry":{"type":"LineString","coordinates":[[100.46043854033117,13.648189673695665],[100.46050208395197,13.645385325388693]]},"properties":{"objectid":184,"id_khong":183,"id":null,"num":null,"khong_name":"คลองรางไผ่","from_des":null,"to_des":null,"width_m":null,"length_m":null,"deep_m":null,"tor_began":null,"tor_term":null,"budget":null,"budg_sour":null,"mercenary":null,"progress_m":null,"per":null,"remark":null,"lev":null,"shape_leng":null,"owner_name":null,"check_neme":null,"hydrop":null,"text4000":null,"namef_pa":"คลองรางไผ่","shape_le_1":null,"dcode":null,"dname":null,"canal_name":"คลองรางไผ่","risk_status":"monitor","evidence":"ไม่มีหลักฐานปัจจุบันว่าระดับวิกฤต; แสดงเป็นคลอง master","status_date":"2026-09-30","source":"BMA GIS + current situation reports"}},{"type":"Feature","id":185,"geometry":{"type":"LineString","coordinates":[[100.46050210840842,13.645389301777998],[100.45977007524839,13.645211947176037],[100.45843414694825,13.644015330304754],[100.45816616818922,13.643768093461977],[100.45782528107557,13.643501492017085],[100.45792120973466,13.643335084869562],[100.4579473617364,13.643324086471287],[100.4580626268674,13.643017299465779],[100.45721902195139,13.642753737706016],[100.45663932344603,13.642719632313817],[100.45593570843656,13.642563789256604],[100.4557034225213,13.642543459444271],[100.4542310600507,13.642796920321864],[100.45362766705794,13.642851788357005],[100.45301687201963,13.643017320176291],[100.45293033962672,13.643063196525016],[100.45107793455212,13.643577525364998],[100.4506045745861,13.643758065120323],[100.45002546644851,13.64415829793812],[100.4501486402272,13.644483392654479],[100.45031382052251,13.644423229844442],[100.45120597786092,13.644050720367826],[100.45225130540598,13.643623989037057],[100.45232182527442,13.64360188593755],[100.45322955352668,13.643458386986962],[100.45540188623931,13.643088218696287],[100.456644299155,13.643195442827825],[100.45793928246786,13.643324133905933]]},"properties":{"objectid":185,"id_khong":184,"id":null,"num":null,"khong_name":null,"from_des":null,"to_des":null,"width_m":null,"length_m":null,"deep_m":null,"tor_began":null,"tor_term":null,"budget":null,"budg_sour":null,"mercenary":null,"progress_m":null,"per":null,"remark":null,"lev":null,"shape_leng":null,"owner_name":null,"check_neme":null,"hydrop":null,"text4000":null,"namef_pa":null,"shape_le_1":null,"dcode":null,"dname":null,"canal_name":"","risk_status":"monitor","evidence":"ไม่มีหลักฐานปัจจุบันว่าระดับวิกฤต; แสดงเป็นคลอง master","status_date":"2026-09-30","source":"BMA GIS + current situation reports"}},{"type":"Feature","id":186,"geometry":{"type":"LineString","coordinates":[[100.4501486402272,13.644483392654479],[100.44962515433693,13.644731284295654],[100.449318859844,13.644823902018778],[100.44897550714849,13.644814066673927],[100.44785271819325,13.644789074159332],[100.44711786024286,13.644797334642593],[100.44689590858981,13.644822307544057],[100.4468073999839,13.644882021436631]]},"properties":{"objectid":186,"id_khong":185,"id":null,"num":null,"khong_name":"คลองรางไผ่","from_des":null,"to_des":null,"width_m":null,"length_m":null,"deep_m":null,"tor_began":null,"tor_term":null,"budget":null,"budg_sour":null,"mercenary":null,"progress_m":null,"per":null,"remark":null,"lev":null,"shape_leng":null,"owner_name":null,"check_neme":null,"hydrop":null,"text4000":null,"namef_pa":"คลองรางไผ่","shape_le_1":null,"dcode":null,"dname":null,"canal_name":"คลองรางไผ่","risk_status":"monitor","evidence":"ไม่มีหลักฐานปัจจุบันว่าระดับวิกฤต; แสดงเป็นคลอง master","status_date":"2026-09-30","source":"BMA GIS + current situation reports"}},{"type":"Feature","id":187,"geometry":{"type":"LineString","coordinates":[[100.45616213789116,13.64261081382006],[100.45621308836441,13.642355829323819],[100.45630121402105,13.641911013899499],[100.45628347070054,13.64165245566523],[100.4562012931225,13.64141397804824],[100.45614376137719,13.64125443653716],[100.45606731184361,13.640644652416237],[100.45604308753451,13.640311118379854]]},"properties":{"objectid":187,"id_khong":186,"id":null,"num":null,"khong_name":"คลองรางแค","from_des":null,"to_des":null,"width_m":null,"length_m":null,"deep_m":null,"tor_began":null,"tor_term":null,"budget":null,"budg_sour":null,"mercenary":null,"progress_m":null,"per":null,"remark":null,"lev":null,"shape_leng":null,"owner_name":null,"check_neme":null,"hydrop":null,"text4000":null,"namef_pa":"คลองรางแค","shape_le_1":null,"dcode":null,"dname":null,"canal_name":"คลองรางแค","risk_status":"monitor","evidence":"ไม่มีหลักฐานปัจจุบันว่าระดับวิกฤต; แสดงเป็นคลอง master","status_date":"2026-09-30","source":"BMA GIS + current situation reports"}}]}