{"type":"FeatureCollection","name":"L1 ROAD STATUS MAIN","features":[{"type":"Feature","properties":{"name":"ถนนรามอินทรา | LIVE YELLOW | 20 cm","description":"SOURCE=BMA_DDS_LIVE | STATUS=YELLOW | MAX_WATER_CM=20 | SENSORS=FL.BKA.03 | SEGMENT_M=95 | QC=PASS","styleUrl":"#line-FFD400-9000","layer":"L1 ROAD STATUS MAIN","risk_status":"caution"},"geometry":{"type":"LineString","coordinates":[[100.604196,13.870179],[100.604286,13.870347],[100.604402,13.870555],[100.604517,13.870799],[100.604552,13.870838],[100.604587,13.870856],[100.60462,13.870866],[100.604658,13.870869]]}},{"type":"Feature","properties":{"name":"ถนนพหลโยธิน | LIVE YELLOW | 15 cm","description":"SOURCE=BMA_DDS_LIVE | STATUS=YELLOW | MAX_WATER_CM=15 | SENSORS=FL.BKA.05 | SEGMENT_M=1163 | QC=PASS","styleUrl":"#line-FFD400-9000","layer":"L1 ROAD STATUS MAIN","risk_status":"caution"},"geometry":{"type":"LineString","coordinates":[[100.593014,13.869168],[100.589282,13.862838],[100.587664,13.860086]]}},{"type":"Feature","properties":{"name":"ถนนเทพรักษ์ | LIVE YELLOW | 20 cm","description":"SOURCE=BMA_DDS_LIVE | STATUS=YELLOW | MAX_WATER_CM=20 | SENSORS=FL.BKA.06 | SEGMENT_M=117 | QC=PASS","styleUrl":"#line-FFD400-9000","layer":"L1 ROAD STATUS MAIN","risk_status":"caution"},"geometry":{"type":"LineString","coordinates":[[100.605897,13.89043],[100.606104,13.890328],[100.606317,13.89024],[100.606342,13.890231],[100.606816,13.890071],[100.606905,13.890038]]}},{"type":"Feature","properties":{"name":"ถนนเทพรักษ์ | LIVE YELLOW | 10 cm","description":"SOURCE=BMA_DDS_LIVE | STATUS=YELLOW | MAX_WATER_CM=10 | SENSORS=FL.BKA.07 | SEGMENT_M=294 | QC=PASS","styleUrl":"#line-FFD400-9000","layer":"L1 ROAD STATUS MAIN","risk_status":"caution"},"geometry":{"type":"LineString","coordinates":[[100.642463,13.889595],[100.642385,13.88979],[100.642332,13.889933],[100.642148,13.890426],[100.641968,13.890921],[100.641906,13.891093],[100.641879,13.891166],[100.641786,13.891392],[100.641717,13.89156],[100.641633,13.891762],[100.641603,13.891834],[100.641574,13.891904],[100.641504,13.892074]]}},{"type":"Feature","properties":{"name":"ถนนนวมินทร์ | LIVE YELLOW | 19.2 cm","description":"SOURCE=BMA_DDS_LIVE | STATUS=YELLOW | MAX_WATER_CM=19.2 | SENSORS=FL.BKM.01 | SEGMENT_M=555 | QC=PASS","styleUrl":"#line-FFD400-9000","layer":"L1 ROAD STATUS MAIN","risk_status":"caution"},"geometry":{"type":"LineString","coordinates":[[100.649907,13.798392],[100.650107,13.797951],[100.650261,13.797598],[100.65051,13.797035],[100.650643,13.796736],[100.650764,13.79647],[100.650834,13.796314],[100.650863,13.796258],[100.650942,13.796091],[100.651033,13.79589],[100.651327,13.795258],[100.65139,13.79512],[100.651584,13.79467],[100.65171,13.794405],[100.651976,13.793822]]}},{"type":"Feature","properties":{"name":"ถนนนวมินทร์ | LIVE YELLOW | 20 cm","description":"SOURCE=BMA_DDS_LIVE | STATUS=YELLOW | MAX_WATER_CM=20 | SENSORS=FL.BKM.06 | SEGMENT_M=504 | QC=PASS","styleUrl":"#line-FFD400-9000","layer":"L1 ROAD STATUS MAIN","risk_status":"caution"},"geometry":{"type":"LineString","coordinates":[[100.650942,13.796091],[100.651033,13.79589],[100.651327,13.795258],[100.65139,13.79512],[100.651584,13.79467],[100.65171,13.794405],[100.651976,13.793822],[100.652231,13.79327],[100.652352,13.793004],[100.652456,13.792778],[100.65257,13.79253],[100.65268,13.792279],[100.652722,13.792176],[100.652754,13.79207],[100.652758,13.791931]]}},{"type":"Feature","properties":{"name":"ถนนรามคำแหง | LIVE YELLOW | 10 cm","description":"SOURCE=BMA_DDS_LIVE | STATUS=YELLOW | MAX_WATER_CM=10 | SENSORS=FL.BKP.04 | SEGMENT_M=327 | QC=PASS","styleUrl":"#line-FFD400-9000","layer":"L1 ROAD STATUS MAIN","risk_status":"caution"},"geometry":{"type":"LineString","coordinates":[[100.621305,13.759889],[100.621004,13.759854],[100.620864,13.759839],[100.619886,13.759726],[100.619731,13.759709],[100.619631,13.759697],[100.619423,13.759677],[100.619387,13.759671],[100.619248,13.759651],[100.61911,13.759631],[100.618794,13.759573],[100.618578,13.759515],[100.618322,13.75943]]}},{"type":"Feature","properties":{"name":"ถนนวิภาวดีขาออก | LIVE GREEN | 5 cm","description":"SOURCE=BMA_DDS_LIVE | STATUS=GREEN | MAX_WATER_CM=5 | SENSORS=FL.DMG.01 | SEGMENT_M=313 | QC=PASS","styleUrl":"#line-00A651-8000","layer":"L1 ROAD STATUS MAIN","risk_status":"safe"},"geometry":{"type":"LineString","coordinates":[[100.608521,13.932824],[100.608549,13.932947],[100.608585,13.933052],[100.608645,13.933198],[100.608873,13.933691],[100.609106,13.934174],[100.609482,13.934948],[100.60955,13.935065],[100.60961,13.935151],[100.609649,13.935194],[100.609783,13.935339]]}},{"type":"Feature","properties":{"name":"ถนนลาดกระบัง | LIVE YELLOW | 10 cm","description":"SOURCE=BMA_DDS_LIVE | STATUS=YELLOW | MAX_WATER_CM=10 | SENSORS=FL.LKB.01 | SEGMENT_M=370 | QC=PASS","styleUrl":"#line-FFD400-9000","layer":"L1 ROAD STATUS MAIN","risk_status":"caution"},"geometry":{"type":"LineString","coordinates":[[100.739037,13.722392],[100.738884,13.72239],[100.738643,13.722385],[100.738396,13.722383],[100.737941,13.722379],[100.737495,13.722371],[100.736783,13.722366],[100.736006,13.722354],[100.735613,13.72235]]}},{"type":"Feature","properties":{"name":"ถนนหลวงแพ่ง | LIVE YELLOW | 20 cm","description":"SOURCE=BMA_DDS_LIVE | STATUS=YELLOW | MAX_WATER_CM=20 | SENSORS=FL.LKB.03 | SEGMENT_M=524 | QC=PASS","styleUrl":"#line-FFD400-9000","layer":"L1 ROAD STATUS MAIN","risk_status":"caution"},"geometry":{"type":"LineString","coordinates":[[100.795031,13.720162],[100.794268,13.720433],[100.793214,13.720811],[100.793116,13.720845],[100.792711,13.720982],[100.791991,13.721229],[100.791853,13.721277],[100.791487,13.721398],[100.791142,13.721517],[100.790721,13.721656],[100.79071,13.721658],[100.790462,13.72173]]}},{"type":"Feature","properties":{"name":"ถนนเจ้าคุณทหาร | LIVE YELLOW | 10 cm","description":"SOURCE=BMA_DDS_LIVE | STATUS=YELLOW | MAX_WATER_CM=10 | SENSORS=FL.LKB.05 | SEGMENT_M=622 | QC=PASS","styleUrl":"#line-FFD400-9000","layer":"L1 ROAD STATUS MAIN","risk_status":"caution"},"geometry":{"type":"LineString","coordinates":[[100.758922,13.754781],[100.759557,13.754707],[100.759928,13.754666],[100.760358,13.754614],[100.76154,13.754472],[100.76175,13.75445],[100.762357,13.754384],[100.762792,13.754332],[100.763221,13.754279],[100.763608,13.754231],[100.764644,13.754114]]}},{"type":"Feature","properties":{"name":"ถนนเจ้าคุณทหาร | LIVE YELLOW | 20 cm","description":"SOURCE=BMA_DDS_LIVE | STATUS=YELLOW | MAX_WATER_CM=20 | SENSORS=FL.LKB.08|FL.LKB.10 | SEGMENT_M=1217 | QC=PASS","styleUrl":"#line-FFD400-9000","layer":"L1 ROAD STATUS MAIN","risk_status":"caution"},"geometry":{"type":"LineString","coordinates":[[100.792437,13.750676],[100.792012,13.750722],[100.791618,13.750766],[100.791399,13.75079],[100.791307,13.7508],[100.791034,13.750834],[100.790594,13.750887],[100.790159,13.750939],[100.789912,13.750968],[100.788455,13.751141],[100.788263,13.751163],[100.788041,13.751189],[100.787634,13.751236],[100.787289,13.751278],[100.782764,13.751797],[100.782363,13.751844],[100.782152,13.751868],[100.781247,13.751975]]}},{"type":"Feature","properties":{"name":"ถนนเจ้าคุณทหาร | LIVE YELLOW | 20 cm","description":"SOURCE=BMA_DDS_LIVE | STATUS=YELLOW | MAX_WATER_CM=20 | SENSORS=FL.LKB.09 | SEGMENT_M=444 | QC=PASS","styleUrl":"#line-FFD400-9000","layer":"L1 ROAD STATUS MAIN","risk_status":"caution"},"geometry":{"type":"LineString","coordinates":[[100.776252,13.752572],[100.772166,13.75304]]}},{"type":"Feature","properties":{"name":"ถนนสุวินทวงศ์ | LIVE YELLOW | 20 cm","description":"SOURCE=BMA_DDS_LIVE | STATUS=YELLOW | MAX_WATER_CM=20 | SENSORS=FL.MBR.02 | SEGMENT_M=501 | QC=PASS","styleUrl":"#line-FFD400-9000","layer":"L1 ROAD STATUS MAIN","risk_status":"caution"},"geometry":{"type":"LineString","coordinates":[[100.724068,13.818057],[100.72382,13.817919],[100.723607,13.817771],[100.723406,13.81761],[100.723204,13.817427],[100.722154,13.816471],[100.721491,13.81587],[100.721312,13.815706],[100.720611,13.815062]]}},{"type":"Feature","properties":{"name":"ถนนสีหบุรานุกิจ | LIVE YELLOW | 20 cm","description":"SOURCE=BMA_DDS_LIVE | STATUS=YELLOW | MAX_WATER_CM=20 | SENSORS=FL.MBR.03 | SEGMENT_M=290 | QC=PASS","styleUrl":"#line-FFD400-9000","layer":"L1 ROAD STATUS MAIN","risk_status":"caution"},"geometry":{"type":"LineString","coordinates":[[100.725714,13.812412],[100.725499,13.812413],[100.725082,13.812417],[100.724953,13.812417],[100.724034,13.812422],[100.723708,13.812425],[100.72303,13.81243]]}},{"type":"Feature","properties":{"name":"ถนนอ่อนนุช | LIVE YELLOW | 20 cm","description":"SOURCE=BMA_DDS_LIVE | STATUS=YELLOW | MAX_WATER_CM=20 | SENSORS=FL.PWT.04 | SEGMENT_M=362 | QC=PASS","styleUrl":"#line-FFD400-9000","layer":"L1 ROAD STATUS MAIN","risk_status":"caution"},"geometry":{"type":"LineString","coordinates":[[100.670733,13.719124],[100.672564,13.719425],[100.674041,13.719637]]}},{"type":"Feature","properties":{"name":"ถนนพัฒนาการ | LIVE GREEN | 7.4 cm","description":"SOURCE=BMA_DDS_LIVE | STATUS=GREEN | MAX_WATER_CM=7.4 | SENSORS=FL.SLG.01 | SEGMENT_M=137 | QC=PASS","styleUrl":"#line-00A651-8000","layer":"L1 ROAD STATUS MAIN","risk_status":"safe"},"geometry":{"type":"LineString","coordinates":[[100.637956,13.736036],[100.638166,13.735995],[100.638273,13.735976],[100.638385,13.73596],[100.639212,13.73585]]}},{"type":"Feature","properties":{"name":"ถนนศรีนครินทร์ | LIVE YELLOW | 20 cm","description":"SOURCE=BMA_DDS_LIVE | STATUS=YELLOW | MAX_WATER_CM=20 | SENSORS=FL.SLG.05 | SEGMENT_M=221 | QC=PASS","styleUrl":"#line-FFD400-9000","layer":"L1 ROAD STATUS MAIN","risk_status":"caution"},"geometry":{"type":"LineString","coordinates":[[100.64265,13.741916],[100.642216,13.73997]]}},{"type":"Feature","properties":{"name":"ถนนพัฒนาการ | LIVE YELLOW | 15 cm","description":"SOURCE=BMA_DDS_LIVE | STATUS=YELLOW | MAX_WATER_CM=15 | SENSORS=FL.SLG.06 | SEGMENT_M=535 | QC=PASS","styleUrl":"#line-FFD400-9000","layer":"L1 ROAD STATUS MAIN","risk_status":"caution"},"geometry":{"type":"LineString","coordinates":[[100.644499,13.734628],[100.647988,13.732984],[100.648125,13.73292],[100.64883,13.732587],[100.648959,13.732527]]}},{"type":"Feature","properties":{"name":"ถนนสุขาภิบาล | LIVE GREEN | 5 cm","description":"SOURCE=BMA_DDS_LIVE | STATUS=GREEN | MAX_WATER_CM=5 | SENSORS=FL.SMI.02 | SEGMENT_M=286 | QC=PASS","styleUrl":"#line-00A651-8000","layer":"L1 ROAD STATUS MAIN","risk_status":"safe"},"geometry":{"type":"LineString","coordinates":[[100.659725,13.894412],[100.659813,13.894578],[100.659891,13.89472],[100.659998,13.8949],[100.660039,13.894968],[100.660089,13.89504],[100.66026,13.895366],[100.660279,13.895402],[100.660329,13.895498],[100.660622,13.896023],[100.660681,13.89612],[100.660821,13.896353],[100.660992,13.896667]]}},{"type":"Feature","properties":{"name":"ถนนลาดพร้าว | LIVE GREEN | 5 cm","description":"SOURCE=BMA_DDS_LIVE | STATUS=GREEN | MAX_WATER_CM=5 | SENSORS=FL.WTL.08 | SEGMENT_M=357 | QC=PASS","styleUrl":"#line-00A651-8000","layer":"L1 ROAD STATUS MAIN","risk_status":"safe"},"geometry":{"type":"LineString","coordinates":[[100.618108,13.781136],[100.617798,13.78131],[100.617433,13.781515],[100.617063,13.781715],[100.616137,13.782233],[100.615614,13.782525],[100.615241,13.782734]]}},{"type":"Feature","properties":{"name":"ถนนลาดพร้าว | LIVE YELLOW | 10 cm","description":"SOURCE=BMA_DDS_LIVE | STATUS=YELLOW | MAX_WATER_CM=10 | SENSORS=FL.WTL.09 | SEGMENT_M=329 | QC=PASS","styleUrl":"#line-FFD400-9000","layer":"L1 ROAD STATUS MAIN","risk_status":"caution"},"geometry":{"type":"LineString","coordinates":[[100.618536,13.781037],[100.61927,13.780624],[100.619313,13.7806],[100.619652,13.780411],[100.620013,13.780209],[100.620616,13.779874],[100.620873,13.77973],[100.621174,13.779561]]}},{"type":"Feature","properties":{"name":"ถนนรามคำแหง | CCTV YELLOW","description":"SOURCE=BMA_CCTV_REPORT | REPORTED=2026-09-29 13:24 ICT | STATUS=YELLOW | ROAD=ถนนรามคำแหง | OSM_WAY=210955646 | QC=PASS | SOURCE_URL=https://www.thaipbs.or.th/news/content/558830","styleUrl":"#line-FFD400-7000","layer":"L1 ROAD STATUS MAIN","risk_status":"caution"},"geometry":{"type":"LineString","coordinates":[[100.624477,13.760286],[100.622283,13.760034],[100.620153,13.7598],[100.619348,13.759707],[100.618992,13.759656],[100.61872,13.759599],[100.618426,13.759513],[100.618156,13.759417],[100.617874,13.759291],[100.617628,13.759169],[100.617358,13.759011],[100.617091,13.758826],[100.616887,13.758668],[100.616683,13.758487],[100.616125,13.757916],[100.615695,13.757491],[100.614319,13.75613],[100.611639,13.75343],[100.611372,13.753171],[100.611095,13.752909],[100.610802,13.752629],[100.610532,13.752367],[100.609002,13.750821]]}},{"type":"Feature","properties":{"name":"ถนนรามคำแหง | CCTV YELLOW","description":"SOURCE=BMA_CCTV_REPORT | REPORTED=2026-09-29 13:24 ICT | STATUS=YELLOW | ROAD=ถนนรามคำแหง | OSM_WAY=210955648 | QC=PASS | SOURCE_URL=https://www.thaipbs.or.th/news/content/558830","styleUrl":"#line-FFD400-7000","layer":"L1 ROAD STATUS MAIN","risk_status":"caution"},"geometry":{"type":"LineString","coordinates":[[100.615717,13.757616],[100.616626,13.758526],[100.616839,13.758717],[100.617054,13.758884],[100.617317,13.759062],[100.617591,13.759224],[100.617843,13.759348],[100.618131,13.759473],[100.618406,13.759573],[100.618704,13.75966],[100.619001,13.759722],[100.619311,13.759771],[100.619672,13.759809],[100.621774,13.760047],[100.623492,13.760235],[100.624604,13.760366],[100.625841,13.760501],[100.627148,13.760649],[100.631492,13.761144],[100.632402,13.761231],[100.633786,13.761386],[100.63544,13.761576]]}},{"type":"Feature","properties":{"name":"ถนนรามคำแหง | CCTV YELLOW","description":"SOURCE=BMA_CCTV_REPORT | REPORTED=2026-09-29 13:24 ICT | STATUS=YELLOW | ROAD=ถนนรามคำแหง | OSM_WAY=210955652 | QC=PASS | SOURCE_URL=https://www.thaipbs.or.th/news/content/558830","styleUrl":"#line-FFD400-7000","layer":"L1 ROAD STATUS MAIN","risk_status":"caution"},"geometry":{"type":"LineString","coordinates":[[100.610865,13.752773],[100.612195,13.754104],[100.614267,13.756179],[100.615717,13.757616]]}},{"type":"Feature","properties":{"name":"ถนนรามคำแหง | CCTV YELLOW","description":"SOURCE=BMA_CCTV_REPORT | REPORTED=2026-09-29 13:24 ICT | STATUS=YELLOW | ROAD=ถนนรามคำแหง | OSM_WAY=1024429741 | QC=PASS | SOURCE_URL=https://www.thaipbs.or.th/news/content/558830","styleUrl":"#line-FFD400-7000","layer":"L1 ROAD STATUS MAIN","risk_status":"caution"},"geometry":{"type":"LineString","coordinates":[[100.612659,13.754376],[100.61253,13.754245],[100.612284,13.753997],[100.611906,13.753611],[100.611618,13.753335],[100.611406,13.753122],[100.611244,13.75296],[100.611143,13.752859],[100.610938,13.752654],[100.610786,13.752501],[100.610576,13.752292],[100.610045,13.751745],[100.609843,13.751549],[100.609594,13.75131],[100.609077,13.750801],[100.60879,13.750525],[100.608659,13.750405],[100.608502,13.750266],[100.60834,13.750142]]}},{"type":"Feature","properties":{"name":"ถนนรามคำแหง | CCTV YELLOW","description":"SOURCE=BMA_CCTV_REPORT | REPORTED=2026-09-29 13:24 ICT | STATUS=YELLOW | ROAD=ถนนรามคำแหง | OSM_WAY=156591234 | QC=PASS | SOURCE_URL=https://www.thaipbs.or.th/news/content/558830","styleUrl":"#line-FFD400-7000","layer":"L1 ROAD STATUS MAIN","risk_status":"caution"},"geometry":{"type":"LineString","coordinates":[[100.604466,13.746281],[100.604304,13.746109],[100.6039,13.745703],[100.603846,13.745649],[100.603296,13.745098],[100.603162,13.744963],[100.602731,13.744518],[100.602542,13.744325],[100.602095,13.74386],[100.602001,13.743768],[100.601688,13.743478],[100.601594,13.743372],[100.601527,13.743268],[100.601493,13.743172],[100.601482,13.743099],[100.601494,13.742909],[100.601512,13.742778],[100.601521,13.742704],[100.601519,13.742618],[100.601568,13.741822],[100.601556,13.741678],[100.601512,13.74152],[100.601466,13.741442],[100.601416,13.741382],[100.601199,13.741207]]}},{"type":"Feature","properties":{"name":"ถนนรามคำแหง | CCTV YELLOW","description":"SOURCE=BMA_CCTV_REPORT | REPORTED=2026-09-29 13:24 ICT | STATUS=YELLOW | ROAD=ถนนรามคำแหง | OSM_WAY=300803494 | QC=PASS | SOURCE_URL=https://www.thaipbs.or.th/news/content/558830","styleUrl":"#line-FFD400-7000","layer":"L1 ROAD STATUS MAIN","risk_status":"caution"},"geometry":{"type":"LineString","coordinates":[[100.615753,13.757475],[100.614237,13.755974],[100.614085,13.755821]]}},{"type":"Feature","properties":{"name":"ถนนรามคำแหง | CCTV YELLOW","description":"SOURCE=BMA_CCTV_REPORT | REPORTED=2026-09-29 13:24 ICT | STATUS=YELLOW | ROAD=ถนนรามคำแหง | OSM_WAY=1035009975 | QC=PASS | SOURCE_URL=https://www.thaipbs.or.th/news/content/558830","styleUrl":"#line-FFD400-7000","layer":"L1 ROAD STATUS MAIN","risk_status":"caution"},"geometry":{"type":"LineString","coordinates":[[100.613422,13.755416],[100.6137,13.755695],[100.614259,13.75625],[100.614669,13.756666],[100.614975,13.756975],[100.615034,13.757034]]}},{"type":"Feature","properties":{"name":"ถนนรามคำแหง | CCTV YELLOW","description":"SOURCE=BMA_CCTV_REPORT | REPORTED=2026-09-29 13:24 ICT | STATUS=YELLOW | ROAD=ถนนรามคำแหง | OSM_WAY=936588096 | QC=PASS | SOURCE_URL=https://www.thaipbs.or.th/news/content/558830","styleUrl":"#line-FFD400-7000","layer":"L1 ROAD STATUS MAIN","risk_status":"caution"},"geometry":{"type":"LineString","coordinates":[[100.619594,13.759858],[100.619704,13.759868],[100.619859,13.759883],[100.62026,13.759922],[100.620946,13.759993],[100.621701,13.760075],[100.622033,13.76011],[100.622581,13.760172],[100.622963,13.760214],[100.623047,13.760224],[100.623166,13.760237],[100.623501,13.760273],[100.623829,13.760314],[100.624249,13.760363],[100.624455,13.760386]]}},{"type":"Feature","properties":{"name":"ถนนรามคำแหง | CCTV YELLOW","description":"SOURCE=BMA_CCTV_REPORT | REPORTED=2026-09-29 13:24 ICT | STATUS=YELLOW | ROAD=ถนนรามคำแหง | OSM_WAY=692176409 | QC=PASS | SOURCE_URL=https://www.thaipbs.or.th/news/content/558830","styleUrl":"#line-FFD400-7000","layer":"L1 ROAD STATUS MAIN","risk_status":"caution"},"geometry":{"type":"LineString","coordinates":[[100.621305,13.759889],[100.621004,13.759854],[100.620864,13.759839],[100.619886,13.759726],[100.619731,13.759709],[100.619631,13.759697],[100.619423,13.759677],[100.619387,13.759671],[100.619248,13.759651],[100.61911,13.759631],[100.618794,13.759573],[100.618578,13.759515],[100.618322,13.75943]]}},{"type":"Feature","properties":{"name":"ถนนรามคำแหง | CCTV YELLOW","description":"SOURCE=BMA_CCTV_REPORT | REPORTED=2026-09-29 13:24 ICT | STATUS=YELLOW | ROAD=ถนนรามคำแหง | OSM_WAY=691120125 | QC=PASS | SOURCE_URL=https://www.thaipbs.or.th/news/content/558830","styleUrl":"#line-FFD400-7000","layer":"L1 ROAD STATUS MAIN","risk_status":"caution"},"geometry":{"type":"LineString","coordinates":[[100.615606,13.757598],[100.616078,13.758057],[100.616382,13.758366],[100.616616,13.758596],[100.616646,13.758625]]}},{"type":"Feature","properties":{"name":"ถนนรามคำแหง | CCTV YELLOW","description":"SOURCE=BMA_CCTV_REPORT | REPORTED=2026-09-29 13:24 ICT | STATUS=YELLOW | ROAD=ถนนรามคำแหง | OSM_WAY=1136374379 | QC=PASS | SOURCE_URL=https://www.thaipbs.or.th/news/content/558830","styleUrl":"#line-FFD400-7000","layer":"L1 ROAD STATUS MAIN","risk_status":"caution"},"geometry":{"type":"LineString","coordinates":[[100.616776,13.758504],[100.616656,13.758386],[100.616257,13.757979],[100.615753,13.757475]]}},{"type":"Feature","properties":{"name":"ถนนรามคำแหง | CCTV YELLOW","description":"SOURCE=BMA_CCTV_REPORT | REPORTED=2026-09-29 13:24 ICT | STATUS=YELLOW | ROAD=ถนนรามคำแหง | OSM_WAY=1159654741 | QC=PASS | SOURCE_URL=https://www.thaipbs.or.th/news/content/558830","styleUrl":"#line-FFD400-7000","layer":"L1 ROAD STATUS MAIN","risk_status":"caution"},"geometry":{"type":"LineString","coordinates":[[100.624261,13.760224],[100.623618,13.760154],[100.623086,13.76009],[100.622666,13.760043],[100.621305,13.759889]]}},{"type":"Feature","properties":{"name":"ถนนรามคำแหง | CCTV YELLOW","description":"SOURCE=BMA_CCTV_REPORT | REPORTED=2026-09-29 13:24 ICT | STATUS=YELLOW | ROAD=ถนนรามคำแหง | OSM_WAY=1024429742 | QC=PASS | SOURCE_URL=https://www.thaipbs.or.th/news/content/558830","styleUrl":"#line-FFD400-7000","layer":"L1 ROAD STATUS MAIN","risk_status":"caution"},"geometry":{"type":"LineString","coordinates":[[100.612516,13.754505],[100.612711,13.754699],[100.612863,13.754851],[100.613037,13.755025],[100.613422,13.755416]]}},{"type":"Feature","properties":{"name":"ถนนรามคำแหง | CCTV YELLOW","description":"SOURCE=BMA_CCTV_REPORT | REPORTED=2026-09-29 13:24 ICT | STATUS=YELLOW | ROAD=ถนนรามคำแหง | OSM_WAY=457160973 | QC=PASS | SOURCE_URL=https://www.thaipbs.or.th/news/content/558830","styleUrl":"#line-FFD400-7000","layer":"L1 ROAD STATUS MAIN","risk_status":"caution"},"geometry":{"type":"LineString","coordinates":[[100.60669,13.74848],[100.605911,13.74769]]}},{"type":"Feature","properties":{"name":"ถนนรามคำแหง | CCTV YELLOW","description":"SOURCE=BMA_CCTV_REPORT | REPORTED=2026-09-29 13:24 ICT | STATUS=YELLOW | ROAD=ถนนรามคำแหง | OSM_WAY=457160976 | QC=PASS | SOURCE_URL=https://www.thaipbs.or.th/news/content/558830","styleUrl":"#line-FFD400-7000","layer":"L1 ROAD STATUS MAIN","risk_status":"caution"},"geometry":{"type":"LineString","coordinates":[[100.606854,13.748901],[100.606932,13.748979],[100.60707,13.749112],[100.607311,13.749341],[100.607605,13.749606]]}},{"type":"Feature","properties":{"name":"ถนนรามคำแหง | CCTV YELLOW","description":"SOURCE=BMA_CCTV_REPORT | REPORTED=2026-09-29 13:24 ICT | STATUS=YELLOW | ROAD=ถนนรามคำแหง | OSM_WAY=1159654740 | QC=PASS | SOURCE_URL=https://www.thaipbs.or.th/news/content/558830","styleUrl":"#line-FFD400-7000","layer":"L1 ROAD STATUS MAIN","risk_status":"caution"},"geometry":{"type":"LineString","coordinates":[[100.618072,13.759514],[100.618292,13.759592],[100.618525,13.759666],[100.618714,13.759717],[100.618892,13.759756],[100.619077,13.759789],[100.619214,13.759808],[100.619249,13.759813],[100.619384,13.759831],[100.619594,13.759858]]}},{"type":"Feature","properties":{"name":"ถนนรามคำแหง | CCTV YELLOW","description":"SOURCE=BMA_CCTV_REPORT | REPORTED=2026-09-29 13:24 ICT | STATUS=YELLOW | ROAD=ถนนรามคำแหง | OSM_WAY=210955673 | QC=PASS | SOURCE_URL=https://www.thaipbs.or.th/news/content/558830","styleUrl":"#line-FFD400-7000","layer":"L1 ROAD STATUS MAIN","risk_status":"caution"},"geometry":{"type":"LineString","coordinates":[[100.609002,13.750821],[100.60834,13.750142]]}},{"type":"Feature","properties":{"name":"ถนนรามคำแหง | CCTV YELLOW","description":"SOURCE=BMA_CCTV_REPORT | REPORTED=2026-09-29 13:24 ICT | STATUS=YELLOW | ROAD=ถนนรามคำแหง | OSM_WAY=1433307350 | QC=PASS | SOURCE_URL=https://www.thaipbs.or.th/news/content/558830","styleUrl":"#line-FFD400-7000","layer":"L1 ROAD STATUS MAIN","risk_status":"caution"},"geometry":{"type":"LineString","coordinates":[[100.615034,13.757034],[100.615356,13.75735],[100.615606,13.757598]]}},{"type":"Feature","properties":{"name":"ถนนรามคำแหง | CCTV YELLOW","description":"SOURCE=BMA_CCTV_REPORT | REPORTED=2026-09-29 13:24 ICT | STATUS=YELLOW | ROAD=ถนนรามคำแหง | OSM_WAY=1273875052 | QC=PASS | SOURCE_URL=https://www.thaipbs.or.th/news/content/558830","styleUrl":"#line-FFD400-7000","layer":"L1 ROAD STATUS MAIN","risk_status":"caution"},"geometry":{"type":"LineString","coordinates":[[100.618322,13.75943],[100.618146,13.759362],[100.617998,13.759298],[100.617851,13.759228],[100.617691,13.759148],[100.617509,13.759048]]}},{"type":"Feature","properties":{"name":"ถนนรามคำแหง | CCTV YELLOW","description":"SOURCE=BMA_CCTV_REPORT | REPORTED=2026-09-29 13:24 ICT | STATUS=YELLOW | ROAD=ถนนรามคำแหง | OSM_WAY=457160975 | QC=PASS | SOURCE_URL=https://www.thaipbs.or.th/news/content/558830","styleUrl":"#line-FFD400-7000","layer":"L1 ROAD STATUS MAIN","risk_status":"caution"},"geometry":{"type":"LineString","coordinates":[[100.607605,13.749606],[100.607649,13.749646],[100.607773,13.74976],[100.607859,13.749839],[100.607967,13.74994],[100.608072,13.750037],[100.608175,13.75014]]}},{"type":"Feature","properties":{"name":"ถนนรามคำแหง | CCTV YELLOW","description":"SOURCE=BMA_CCTV_REPORT | REPORTED=2026-09-29 13:24 ICT | STATUS=YELLOW | ROAD=ถนนรามคำแหง | OSM_WAY=210955670 | QC=PASS | SOURCE_URL=https://www.thaipbs.or.th/news/content/558830","styleUrl":"#line-FFD400-7000","layer":"L1 ROAD STATUS MAIN","risk_status":"caution"},"geometry":{"type":"LineString","coordinates":[[100.610308,13.752247],[100.610615,13.752528],[100.610865,13.752773]]}},{"type":"Feature","properties":{"name":"ถนนรามคำแหง | CCTV YELLOW","description":"SOURCE=BMA_CCTV_REPORT | REPORTED=2026-09-29 13:24 ICT | STATUS=YELLOW | ROAD=ถนนรามคำแหง | OSM_WAY=329862215 | QC=PASS | SOURCE_URL=https://www.thaipbs.or.th/news/content/558830","styleUrl":"#line-FFD400-7000","layer":"L1 ROAD STATUS MAIN","risk_status":"caution"},"geometry":{"type":"LineString","coordinates":[[100.605257,13.74705],[100.604801,13.74661]]}},{"type":"Feature","properties":{"name":"ถนนรามคำแหง | CCTV YELLOW","description":"SOURCE=BMA_CCTV_REPORT | REPORTED=2026-09-29 13:24 ICT | STATUS=YELLOW | ROAD=ถนนรามคำแหง | OSM_WAY=457160978 | QC=PASS | SOURCE_URL=https://www.thaipbs.or.th/news/content/558830","styleUrl":"#line-FFD400-7000","layer":"L1 ROAD STATUS MAIN","risk_status":"caution"},"geometry":{"type":"LineString","coordinates":[[100.604723,13.746697],[100.604774,13.746751],[100.605139,13.747143]]}},{"type":"Feature","properties":{"name":"ถนนรามคำแหง | CCTV YELLOW","description":"SOURCE=BMA_CCTV_REPORT | REPORTED=2026-09-29 13:24 ICT | STATUS=YELLOW | ROAD=ถนนรามคำแหง | OSM_WAY=795573469 | QC=PASS | SOURCE_URL=https://www.thaipbs.or.th/news/content/558830","styleUrl":"#line-FFD400-7000","layer":"L1 ROAD STATUS MAIN","risk_status":"caution"},"geometry":{"type":"LineString","coordinates":[[100.604801,13.74661],[100.604466,13.746281]]}},{"type":"Feature","properties":{"name":"ถนนรามคำแหง | CCTV YELLOW","description":"SOURCE=BMA_CCTV_REPORT | REPORTED=2026-09-29 13:24 ICT | STATUS=YELLOW | ROAD=ถนนรามคำแหง | OSM_WAY=1056828159 | QC=PASS | SOURCE_URL=https://www.thaipbs.or.th/news/content/558830","styleUrl":"#line-FFD400-7000","layer":"L1 ROAD STATUS MAIN","risk_status":"caution"},"geometry":{"type":"LineString","coordinates":[[100.601199,13.741207],[100.60096,13.741014],[100.600917,13.74098]]}},{"type":"Feature","properties":{"name":"ถนนรามคำแหง | CCTV YELLOW","description":"SOURCE=BMA_CCTV_REPORT | REPORTED=2026-09-29 13:24 ICT | STATUS=YELLOW | ROAD=ถนนรามคำแหง | OSM_WAY=210955642 | QC=PASS | SOURCE_URL=https://www.thaipbs.or.th/news/content/558830","styleUrl":"#line-FFD400-7000","layer":"L1 ROAD STATUS MAIN","risk_status":"caution"},"geometry":{"type":"LineString","coordinates":[[100.605911,13.74769],[100.605692,13.747464]]}},{"type":"Feature","properties":{"name":"ถนนรามคำแหง | CCTV YELLOW","description":"SOURCE=BMA_CCTV_REPORT | REPORTED=2026-09-29 13:24 ICT | STATUS=YELLOW | ROAD=ถนนรามคำแหง | OSM_WAY=329862218 | QC=PASS | SOURCE_URL=https://www.thaipbs.or.th/news/content/558830","styleUrl":"#line-FFD400-7000","layer":"L1 ROAD STATUS MAIN","risk_status":"caution"},"geometry":{"type":"LineString","coordinates":[[100.605139,13.747143],[100.605337,13.747354]]}},{"type":"Feature","properties":{"name":"ถนนรามคำแหง | CCTV YELLOW","description":"SOURCE=BMA_CCTV_REPORT | REPORTED=2026-09-29 13:24 ICT | STATUS=YELLOW | ROAD=ถนนรามคำแหง | OSM_WAY=329862219 | QC=PASS | SOURCE_URL=https://www.thaipbs.or.th/news/content/558830","styleUrl":"#line-FFD400-7000","layer":"L1 ROAD STATUS MAIN","risk_status":"caution"},"geometry":{"type":"LineString","coordinates":[[100.605337,13.747354],[100.605417,13.747434],[100.605517,13.747536]]}},{"type":"Feature","properties":{"name":"ถนนรามคำแหง | CCTV YELLOW","description":"SOURCE=BMA_CCTV_REPORT | REPORTED=2026-09-29 13:24 ICT | STATUS=YELLOW | ROAD=ถนนรามคำแหง | OSM_WAY=457160972 | QC=PASS | SOURCE_URL=https://www.thaipbs.or.th/news/content/558830","styleUrl":"#line-FFD400-7000","layer":"L1 ROAD STATUS MAIN","risk_status":"caution"},"geometry":{"type":"LineString","coordinates":[[100.605692,13.747464],[100.605506,13.747291]]}},{"type":"Feature","properties":{"name":"ถนนรามคำแหง | CCTV YELLOW","description":"SOURCE=BMA_CCTV_REPORT | REPORTED=2026-09-29 13:24 ICT | STATUS=YELLOW | ROAD=ถนนรามคำแหง | OSM_WAY=1024429743 | QC=PASS | SOURCE_URL=https://www.thaipbs.or.th/news/content/558830","styleUrl":"#line-FFD400-7000","layer":"L1 ROAD STATUS MAIN","risk_status":"caution"},"geometry":{"type":"LineString","coordinates":[[100.612387,13.754375],[100.612516,13.754505]]}},{"type":"Feature","properties":{"name":"ถนนเสนานิคม 1 | CCTV YELLOW","description":"SOURCE=BMA_CCTV_REPORT | REPORTED=2026-09-29 13:24 ICT | STATUS=YELLOW | ROAD=ถนนเสนานิคม 1 | OSM_WAY=156512602 | QC=PASS | SOURCE_URL=https://www.thaipbs.or.th/news/content/558830","styleUrl":"#line-FFD400-7000","layer":"L1 ROAD STATUS MAIN","risk_status":"caution"},"geometry":{"type":"LineString","coordinates":[[100.572266,13.833911],[100.572714,13.833655],[100.572937,13.833528],[100.573024,13.833483],[100.573112,13.833449],[100.573199,13.833432],[100.573293,13.833428],[100.573388,13.833438],[100.573443,13.833449],[100.573632,13.833486],[100.574097,13.833576],[100.574517,13.833658],[100.574947,13.833738],[100.574981,13.833746],[100.575205,13.833796],[100.575583,13.83388],[100.575648,13.833893],[100.576434,13.834058],[100.576524,13.834077],[100.576875,13.834151],[100.576962,13.834169],[100.577339,13.834248],[100.577558,13.834292],[100.577838,13.834338],[100.578032,13.834381],[100.578859,13.834531],[100.580087,13.834755],[100.580197,13.83477],[100.580378,13.834794],[100.580559,13.834809],[100.580656,13.834812],[100.580824,13.834813],[100.580906,13.834811],[100.58099,13.834808],[100.581114,13.834803],[100.581176,13.8348],[100.581353,13.834774],[100.581492,13.834748],[100.581633,13.83472],[100.581805,13.83467],[100.582399,13.834486],[100.583023,13.834307],[100.583586,13.834148],[100.583911,13.83405],[100.584336,13.833925],[100.585275,13.833649],[100.585563,13.833561],[100.585682,13.833522],[100.586097,13.833388],[100.586584,13.83324],[100.587768,13.832889],[100.588146,13.832777],[100.588597,13.832646],[100.588711,13.832611]]}},{"type":"Feature","properties":{"name":"ถนนเสนานิคม 1 | CCTV YELLOW","description":"SOURCE=BMA_CCTV_REPORT | REPORTED=2026-09-29 13:24 ICT | STATUS=YELLOW | ROAD=ถนนเสนานิคม 1 | OSM_WAY=157005393 | QC=PASS | SOURCE_URL=https://www.thaipbs.or.th/news/content/558830","styleUrl":"#line-FFD400-7000","layer":"L1 ROAD STATUS MAIN","risk_status":"caution"},"geometry":{"type":"LineString","coordinates":[[100.603099,13.831747],[100.603761,13.831788],[100.603841,13.831789],[100.60393,13.831775],[100.604048,13.831746],[100.604656,13.831588],[100.605276,13.831438],[100.606198,13.831216],[100.606779,13.831095],[100.607182,13.830988],[100.607448,13.830886],[100.607628,13.830781],[100.607765,13.830687],[100.60779,13.83067],[100.607951,13.830509],[100.608086,13.830344],[100.608228,13.830164],[100.608363,13.829926]]}},{"type":"Feature","properties":{"name":"ถนนเสนานิคม 1 | CCTV YELLOW","description":"SOURCE=BMA_CCTV_REPORT | REPORTED=2026-09-29 13:24 ICT | STATUS=YELLOW | ROAD=ถนนเสนานิคม 1 | OSM_WAY=157004620 | QC=PASS | SOURCE_URL=https://www.thaipbs.or.th/news/content/558830","styleUrl":"#line-FFD400-7000","layer":"L1 ROAD STATUS MAIN","risk_status":"caution"},"geometry":{"type":"LineString","coordinates":[[100.591781,13.831901],[100.59225,13.831838],[100.592588,13.831794],[100.592783,13.831768],[100.593186,13.831714],[100.593529,13.831698],[100.593752,13.831688],[100.594349,13.83166],[100.594865,13.831637],[100.595174,13.831622],[100.59603,13.831582],[100.596468,13.831573],[100.596488,13.831573],[100.596916,13.831564],[100.597102,13.831561],[100.597366,13.831555],[100.597726,13.831548],[100.597817,13.831547],[100.598366,13.831564],[100.599332,13.831593],[100.59989,13.831609]]}},{"type":"Feature","properties":{"name":"ถนนเสนานิคม 1 | CCTV YELLOW","description":"SOURCE=BMA_CCTV_REPORT | REPORTED=2026-09-29 13:24 ICT | STATUS=YELLOW | ROAD=ถนนเสนานิคม 1 | OSM_WAY=235958143 | QC=PASS | SOURCE_URL=https://www.thaipbs.or.th/news/content/558830","styleUrl":"#line-FFD400-7000","layer":"L1 ROAD STATUS MAIN","risk_status":"caution"},"geometry":{"type":"LineString","coordinates":[[100.588711,13.832611],[100.58962,13.8323],[100.589783,13.832252],[100.589953,13.832206],[100.590179,13.832152],[100.590761,13.83205]]}},{"type":"Feature","properties":{"name":"ถนนเสนานิคม 1 | CCTV YELLOW","description":"SOURCE=BMA_CCTV_REPORT | REPORTED=2026-09-29 13:24 ICT | STATUS=YELLOW | ROAD=ถนนเสนานิคม 1 | OSM_WAY=837411112 | QC=PASS | SOURCE_URL=https://www.thaipbs.or.th/news/content/558830","styleUrl":"#line-FFD400-7000","layer":"L1 ROAD STATUS MAIN","risk_status":"caution"},"geometry":{"type":"LineString","coordinates":[[100.59989,13.831609],[100.600101,13.831616],[100.600838,13.831638],[100.601184,13.831648],[100.601737,13.831665],[100.602186,13.831692],[100.602536,13.831713],[100.603099,13.831747]]}},{"type":"Feature","properties":{"name":"ถนนเสนานิคม 1 | CCTV YELLOW","description":"SOURCE=BMA_CCTV_REPORT | REPORTED=2026-09-29 13:24 ICT | STATUS=YELLOW | ROAD=ถนนเสนานิคม 1 | OSM_WAY=848733966 | QC=PASS | SOURCE_URL=https://www.thaipbs.or.th/news/content/558830","styleUrl":"#line-FFD400-7000","layer":"L1 ROAD STATUS MAIN","risk_status":"caution"},"geometry":{"type":"LineString","coordinates":[[100.605445,13.825142],[100.605511,13.825178],[100.605833,13.825187],[100.606715,13.825201],[100.607201,13.825213],[100.607635,13.825254],[100.608064,13.825301],[100.608156,13.82527]]}},{"type":"Feature","properties":{"name":"ถนนเสนานิคม 1 | CCTV YELLOW","description":"SOURCE=BMA_CCTV_REPORT | REPORTED=2026-09-29 13:24 ICT | STATUS=YELLOW | ROAD=ถนนเสนานิคม 1 | OSM_WAY=157011865 | QC=PASS | SOURCE_URL=https://www.thaipbs.or.th/news/content/558830","styleUrl":"#line-FFD400-7000","layer":"L1 ROAD STATUS MAIN","risk_status":"caution"},"geometry":{"type":"LineString","coordinates":[[100.608065,13.825242],[100.607637,13.825189],[100.607203,13.825143],[100.606715,13.825131],[100.605522,13.825114],[100.605445,13.825142]]}},{"type":"Feature","properties":{"name":"ถนนเสนานิคม 1 | CCTV YELLOW","description":"SOURCE=BMA_CCTV_REPORT | REPORTED=2026-09-29 13:24 ICT | STATUS=YELLOW | ROAD=ถนนเสนานิคม 1 | OSM_WAY=377358386 | QC=PASS | SOURCE_URL=https://www.thaipbs.or.th/news/content/558830","styleUrl":"#line-FFD400-7000","layer":"L1 ROAD STATUS MAIN","risk_status":"caution"},"geometry":{"type":"LineString","coordinates":[[100.608363,13.829926],[100.608414,13.829678],[100.608444,13.829526],[100.608471,13.829364],[100.608463,13.828933],[100.608466,13.828734],[100.60849,13.827371],[100.608492,13.827315]]}},{"type":"Feature","properties":{"name":"ถนนเสนานิคม 1 | CCTV YELLOW","description":"SOURCE=BMA_CCTV_REPORT | REPORTED=2026-09-29 13:24 ICT | STATUS=YELLOW | ROAD=ถนนเสนานิคม 1 | OSM_WAY=157011881 | QC=PASS | SOURCE_URL=https://www.thaipbs.or.th/news/content/558830","styleUrl":"#line-FFD400-7000","layer":"L1 ROAD STATUS MAIN","risk_status":"caution"},"geometry":{"type":"LineString","coordinates":[[100.608522,13.825694],[100.608518,13.825566],[100.60851,13.825515],[100.608478,13.82546],[100.608427,13.825401],[100.608338,13.82533],[100.60826,13.825303],[100.608156,13.82527]]}},{"type":"Feature","properties":{"name":"ถนนเสนานิคม 1 | CCTV YELLOW","description":"SOURCE=BMA_CCTV_REPORT | REPORTED=2026-09-29 13:24 ICT | STATUS=YELLOW | ROAD=ถนนเสนานิคม 1 | OSM_WAY=235958144 | QC=PASS | SOURCE_URL=https://www.thaipbs.or.th/news/content/558830","styleUrl":"#line-FFD400-7000","layer":"L1 ROAD STATUS MAIN","risk_status":"caution"},"geometry":{"type":"LineString","coordinates":[[100.590761,13.83205],[100.59082,13.832037],[100.590842,13.832034],[100.591478,13.831941],[100.591781,13.831901]]}},{"type":"Feature","properties":{"name":"ถนนเสนานิคม 1 | CCTV YELLOW","description":"SOURCE=BMA_CCTV_REPORT | REPORTED=2026-09-29 13:24 ICT | STATUS=YELLOW | ROAD=ถนนเสนานิคม 1 | OSM_WAY=837411108 | QC=PASS | SOURCE_URL=https://www.thaipbs.or.th/news/content/558830","styleUrl":"#line-FFD400-7000","layer":"L1 ROAD STATUS MAIN","risk_status":"caution"},"geometry":{"type":"LineString","coordinates":[[100.608492,13.827315],[100.608502,13.826715],[100.608504,13.826207],[100.608522,13.825694]]}},{"type":"Feature","properties":{"name":"ถนนเสนานิคม 1 | CCTV YELLOW","description":"SOURCE=BMA_CCTV_REPORT | REPORTED=2026-09-29 13:24 ICT | STATUS=YELLOW | ROAD=ถนนเสนานิคม 1 | OSM_WAY=848733964 | QC=PASS | SOURCE_URL=https://www.thaipbs.or.th/news/content/558830","styleUrl":"#line-FFD400-7000","layer":"L1 ROAD STATUS MAIN","risk_status":"caution"},"geometry":{"type":"LineString","coordinates":[[100.605445,13.825142],[100.605281,13.825137],[100.605071,13.825128]]}},{"type":"Feature","properties":{"name":"ถนนเสนานิคม 1 | CCTV YELLOW","description":"SOURCE=BMA_CCTV_REPORT | REPORTED=2026-09-29 13:24 ICT | STATUS=YELLOW | ROAD=ถนนเสนานิคม 1 | OSM_WAY=848733965 | QC=PASS | SOURCE_URL=https://www.thaipbs.or.th/news/content/558830","styleUrl":"#line-FFD400-7000","layer":"L1 ROAD STATUS MAIN","risk_status":"caution"},"geometry":{"type":"LineString","coordinates":[[100.608156,13.82527],[100.608065,13.825242]]}},{"type":"Feature","properties":{"name":"ถนนเสนานิคม 1 | CCTV YELLOW","description":"SOURCE=BMA_CCTV_REPORT | REPORTED=2026-09-29 13:24 ICT | STATUS=YELLOW | ROAD=ถนนเสนานิคม 1 | OSM_WAY=994884474 | QC=PASS | SOURCE_URL=https://www.thaipbs.or.th/news/content/558830","styleUrl":"#line-FFD400-7000","layer":"L1 ROAD STATUS MAIN","risk_status":"caution"},"geometry":{"type":"LineString","coordinates":[[100.606715,13.825201],[100.606715,13.825131]]}},{"type":"Feature","properties":{"name":"ถนนเสนานิคม 1 | CCTV YELLOW","description":"SOURCE=BMA_CCTV_REPORT | REPORTED=2026-09-29 13:24 ICT | STATUS=YELLOW | ROAD=ถนนเสนานิคม 1 | OSM_WAY=837411149 | QC=PASS | SOURCE_URL=https://www.thaipbs.or.th/news/content/558830","styleUrl":"#line-FFD400-7000","layer":"L1 ROAD STATUS MAIN","risk_status":"caution"},"geometry":{"type":"LineString","coordinates":[[100.572137,13.833986],[100.572266,13.833911]]}},{"type":"Feature","properties":{"name":"ถนนศรีนครินทร์ | CCTV YELLOW","description":"SOURCE=BMA_CCTV_REPORT | REPORTED=2026-09-29 13:24 ICT | STATUS=YELLOW | ROAD=ถนนศรีนครินทร์ | OSM_WAY=586156206 | QC=PASS | SOURCE_URL=https://www.thaipbs.or.th/news/content/558830","styleUrl":"#line-FFD400-7000","layer":"L1 ROAD STATUS MAIN","risk_status":"caution"},"geometry":{"type":"LineString","coordinates":[[100.645014,13.751424],[100.645163,13.751964],[100.645401,13.752732],[100.645568,13.753268],[100.645614,13.753452],[100.645673,13.753723],[100.64574,13.754133],[100.645797,13.7545],[100.645826,13.754777],[100.64586,13.755125],[100.645875,13.755437],[100.645877,13.755795],[100.645844,13.756408],[100.645762,13.757249],[100.645725,13.75763],[100.645717,13.757711],[100.645573,13.759072],[100.645491,13.760053],[100.645484,13.760134],[100.645471,13.760298],[100.645467,13.760345],[100.64544,13.760659],[100.645437,13.760895],[100.64545,13.761183],[100.645469,13.761515],[100.64553,13.7626]]}},{"type":"Feature","properties":{"name":"ถนนศรีนครินทร์ | CCTV YELLOW","description":"SOURCE=BMA_CCTV_REPORT | REPORTED=2026-09-29 13:24 ICT | STATUS=YELLOW | ROAD=ถนนศรีนครินทร์ | OSM_WAY=300803504 | QC=PASS | SOURCE_URL=https://www.thaipbs.or.th/news/content/558830","styleUrl":"#line-FFD400-7000","layer":"L1 ROAD STATUS MAIN","risk_status":"caution"},"geometry":{"type":"LineString","coordinates":[[100.645687,13.762616],[100.645671,13.762399],[100.645593,13.761382],[100.645582,13.761166],[100.645576,13.760961],[100.645582,13.760734],[100.645594,13.760606],[100.645617,13.760356],[100.645644,13.760065],[100.645811,13.758257],[100.646005,13.756212],[100.646022,13.756],[100.646035,13.755794],[100.646033,13.755518],[100.646021,13.755256],[100.646016,13.755142],[100.645997,13.754802],[100.645957,13.754501],[100.645919,13.754229],[100.645867,13.753934],[100.645838,13.753798],[100.645811,13.753667]]}},{"type":"Feature","properties":{"name":"ถนนศรีนครินทร์ | CCTV YELLOW","description":"SOURCE=BMA_CCTV_REPORT | REPORTED=2026-09-29 13:24 ICT | STATUS=YELLOW | ROAD=ถนนศรีนครินทร์ | OSM_WAY=1057784626 | QC=PASS | SOURCE_URL=https://www.thaipbs.or.th/news/content/558830","styleUrl":"#line-FFD400-7000","layer":"L1 ROAD STATUS MAIN","risk_status":"caution"},"geometry":{"type":"LineString","coordinates":[[100.646105,13.676872],[100.646071,13.676412],[100.64606,13.676223],[100.645993,13.675459],[100.645962,13.675103],[100.645932,13.674744],[100.645912,13.674524],[100.645899,13.674388],[100.645866,13.673948],[100.645822,13.673753],[100.645805,13.673518],[100.645771,13.673123],[100.645755,13.672943],[100.645672,13.672065]]}},{"type":"Feature","properties":{"name":"ถนนศรีนครินทร์ | CCTV YELLOW","description":"SOURCE=BMA_CCTV_REPORT | REPORTED=2026-09-29 13:24 ICT | STATUS=YELLOW | ROAD=ถนนศรีนครินทร์ | OSM_WAY=55800502 | QC=PASS | SOURCE_URL=https://www.thaipbs.or.th/news/content/558830","styleUrl":"#line-FFD400-7000","layer":"L1 ROAD STATUS MAIN","risk_status":"caution"},"geometry":{"type":"LineString","coordinates":[[100.643974,13.664278],[100.644622,13.667382]]}},{"type":"Feature","properties":{"name":"ถนนศรีนครินทร์ | CCTV YELLOW","description":"SOURCE=BMA_CCTV_REPORT | REPORTED=2026-09-29 13:24 ICT | STATUS=YELLOW | ROAD=ถนนศรีนครินทร์ | OSM_WAY=55800501 | QC=PASS | SOURCE_URL=https://www.thaipbs.or.th/news/content/558830","styleUrl":"#line-FFD400-7000","layer":"L1 ROAD STATUS MAIN","risk_status":"caution"},"geometry":{"type":"LineString","coordinates":[[100.644731,13.66736],[100.6441,13.664256]]}},{"type":"Feature","properties":{"name":"ถนนศรีนครินทร์ | CCTV YELLOW","description":"SOURCE=BMA_CCTV_REPORT | REPORTED=2026-09-29 13:24 ICT | STATUS=YELLOW | ROAD=ถนนศรีนครินทร์ | OSM_WAY=684178127 | QC=PASS | SOURCE_URL=https://www.thaipbs.or.th/news/content/558830","styleUrl":"#line-FFD400-7000","layer":"L1 ROAD STATUS MAIN","risk_status":"caution"},"geometry":{"type":"LineString","coordinates":[[100.6466,13.6834],[100.646551,13.682734],[100.646486,13.681896],[100.646459,13.681512],[100.646446,13.681247],[100.646432,13.680815],[100.646233,13.6787],[100.646216,13.678513]]}},{"type":"Feature","properties":{"name":"ถนนศรีนครินทร์ | CCTV YELLOW","description":"SOURCE=BMA_CCTV_REPORT | REPORTED=2026-09-29 13:24 ICT | STATUS=YELLOW | ROAD=ถนนศรีนครินทร์ | OSM_WAY=185120444 | QC=PASS | SOURCE_URL=https://www.thaipbs.or.th/news/content/558830","styleUrl":"#line-FFD400-7000","layer":"L1 ROAD STATUS MAIN","risk_status":"caution"},"geometry":{"type":"LineString","coordinates":[[100.645672,13.672065],[100.645628,13.67173],[100.645572,13.67142],[100.645499,13.671015],[100.645445,13.67074],[100.645381,13.670424],[100.645235,13.669702]]}},{"type":"Feature","properties":{"name":"ถนนศรีนครินทร์ | CCTV YELLOW","description":"SOURCE=BMA_CCTV_REPORT | REPORTED=2026-09-29 13:24 ICT | STATUS=YELLOW | ROAD=ถนนศรีนครินทร์ | OSM_WAY=121040710 | QC=PASS | SOURCE_URL=https://www.thaipbs.or.th/news/content/558830","styleUrl":"#line-FFD400-7000","layer":"L1 ROAD STATUS MAIN","risk_status":"caution"},"geometry":{"type":"LineString","coordinates":[[100.643154,13.71502],[100.642682,13.71705]]}},{"type":"Feature","properties":{"name":"ถนนศรีนครินทร์ | CCTV YELLOW","description":"SOURCE=BMA_CCTV_REPORT | REPORTED=2026-09-29 13:24 ICT | STATUS=YELLOW | ROAD=ถนนศรีนครินทร์ | OSM_WAY=1024938025 | QC=PASS | SOURCE_URL=https://www.thaipbs.or.th/news/content/558830","styleUrl":"#line-FFD400-7000","layer":"L1 ROAD STATUS MAIN","risk_status":"caution"},"geometry":{"type":"LineString","coordinates":[[100.64265,13.741916],[100.642216,13.73997]]}},{"type":"Feature","properties":{"name":"ถนนศรีนครินทร์ | CCTV YELLOW","description":"SOURCE=BMA_CCTV_REPORT | REPORTED=2026-09-29 13:24 ICT | STATUS=YELLOW | ROAD=ถนนศรีนครินทร์ | OSM_WAY=1198447314 | QC=PASS | SOURCE_URL=https://www.thaipbs.or.th/news/content/558830","styleUrl":"#line-FFD400-7000","layer":"L1 ROAD STATUS MAIN","risk_status":"caution"},"geometry":{"type":"LineString","coordinates":[[100.641406,13.731692],[100.641562,13.729472],[100.641618,13.728674]]}},{"type":"Feature","properties":{"name":"ถนนศรีนครินทร์ | CCTV YELLOW","description":"SOURCE=BMA_CCTV_REPORT | REPORTED=2026-09-29 13:24 ICT | STATUS=YELLOW | ROAD=ถนนศรีนครินทร์ | OSM_WAY=183837426 | QC=PASS | SOURCE_URL=https://www.thaipbs.or.th/news/content/558830","styleUrl":"#line-FFD400-7000","layer":"L1 ROAD STATUS MAIN","risk_status":"caution"},"geometry":{"type":"LineString","coordinates":[[100.641602,13.7372],[100.641552,13.73699],[100.641523,13.736876],[100.641366,13.736294],[100.641327,13.736142],[100.641266,13.735897],[100.641253,13.73584],[100.641236,13.735764],[100.641207,13.7356]]}},{"type":"Feature","properties":{"name":"ถนนศรีนครินทร์ | CCTV YELLOW","description":"SOURCE=BMA_CCTV_REPORT | REPORTED=2026-09-29 13:24 ICT | STATUS=YELLOW | ROAD=ถนนศรีนครินทร์ | OSM_WAY=1305800719 | QC=PASS | SOURCE_URL=https://www.thaipbs.or.th/news/content/558830","styleUrl":"#line-FFD400-7000","layer":"L1 ROAD STATUS MAIN","risk_status":"caution"},"geometry":{"type":"LineString","coordinates":[[100.644594,13.749947],[100.645014,13.751424]]}},{"type":"Feature","properties":{"name":"ถนนศรีนครินทร์ | CCTV YELLOW","description":"SOURCE=BMA_CCTV_REPORT | REPORTED=2026-09-29 13:24 ICT | STATUS=YELLOW | ROAD=ถนนศรีนครินทร์ | OSM_WAY=690104616 | QC=PASS | SOURCE_URL=https://www.thaipbs.or.th/news/content/558830","styleUrl":"#line-FFD400-7000","layer":"L1 ROAD STATUS MAIN","risk_status":"caution"},"geometry":{"type":"LineString","coordinates":[[100.646843,13.686141],[100.646775,13.685287],[100.646755,13.685034],[100.646747,13.684913],[100.646725,13.684694],[100.64671,13.684521],[100.646707,13.684488],[100.646704,13.684457],[100.64668,13.68427],[100.646634,13.683845],[100.646611,13.683542]]}},{"type":"Feature","properties":{"name":"ถนนศรีนครินทร์ | CCTV YELLOW","description":"SOURCE=BMA_CCTV_REPORT | REPORTED=2026-09-29 13:24 ICT | STATUS=YELLOW | ROAD=ถนนศรีนครินทร์ | OSM_WAY=696058999 | QC=PASS | SOURCE_URL=https://www.thaipbs.or.th/news/content/558830","styleUrl":"#line-FFD400-7000","layer":"L1 ROAD STATUS MAIN","risk_status":"caution"},"geometry":{"type":"LineString","coordinates":[[100.646425,13.683535],[100.64645,13.683847],[100.646458,13.684073],[100.646465,13.684287],[100.646474,13.684474],[100.646487,13.684668],[100.646515,13.68498],[100.646537,13.685242],[100.646542,13.685306],[100.646603,13.686115]]}},{"type":"Feature","properties":{"name":"ถนนศรีนครินทร์ | CCTV YELLOW","description":"SOURCE=BMA_CCTV_REPORT | REPORTED=2026-09-29 13:24 ICT | STATUS=YELLOW | ROAD=ถนนศรีนครินทร์ | OSM_WAY=1219444409 | QC=PASS | SOURCE_URL=https://www.thaipbs.or.th/news/content/558830","styleUrl":"#line-FFD400-7000","layer":"L1 ROAD STATUS MAIN","risk_status":"caution"},"geometry":{"type":"LineString","coordinates":[[100.641183,13.735246],[100.641185,13.735203],[100.64119,13.735063],[100.641205,13.734776],[100.641235,13.734195],[100.641248,13.733938],[100.641253,13.733821],[100.641276,13.73348]]}},{"type":"Feature","properties":{"name":"ถนนศรีนครินทร์ | CCTV YELLOW","description":"SOURCE=BMA_CCTV_REPORT | REPORTED=2026-09-29 13:24 ICT | STATUS=YELLOW | ROAD=ถนนศรีนครินทร์ | OSM_WAY=1145709282 | QC=PASS | SOURCE_URL=https://www.thaipbs.or.th/news/content/558830","styleUrl":"#line-FFD400-7000","layer":"L1 ROAD STATUS MAIN","risk_status":"caution"},"geometry":{"type":"LineString","coordinates":[[100.641302,13.733121],[100.641346,13.732511],[100.64135,13.732444],[100.641398,13.731834],[100.641406,13.731692]]}},{"type":"Feature","properties":{"name":"ถนนศรีนครินทร์ | CCTV YELLOW","description":"SOURCE=BMA_CCTV_REPORT | REPORTED=2026-09-29 13:24 ICT | STATUS=YELLOW | ROAD=ถนนศรีนครินทร์ | OSM_WAY=225083454 | QC=PASS | SOURCE_URL=https://www.thaipbs.or.th/news/content/558830","styleUrl":"#line-FFD400-7000","layer":"L1 ROAD STATUS MAIN","risk_status":"caution"},"geometry":{"type":"LineString","coordinates":[[100.645509,13.765213],[100.645627,13.764319]]}},{"type":"Feature","properties":{"name":"ถนนศรีนครินทร์ | CCTV YELLOW","description":"SOURCE=BMA_CCTV_REPORT | REPORTED=2026-09-29 13:24 ICT | STATUS=YELLOW | ROAD=ถนนศรีนครินทร์ | OSM_WAY=225083457 | QC=PASS | SOURCE_URL=https://www.thaipbs.or.th/news/content/558830","styleUrl":"#line-FFD400-7000","layer":"L1 ROAD STATUS MAIN","risk_status":"caution"},"geometry":{"type":"LineString","coordinates":[[100.645627,13.764319],[100.645652,13.764034],[100.645669,13.763839],[100.64569,13.763602],[100.645702,13.763308],[100.645694,13.763016]]}},{"type":"Feature","properties":{"name":"ถนนศรีนครินทร์ | CCTV YELLOW","description":"SOURCE=BMA_CCTV_REPORT | REPORTED=2026-09-29 13:24 ICT | STATUS=YELLOW | ROAD=ถนนศรีนครินทร์ | OSM_WAY=185073885 | QC=PASS | SOURCE_URL=https://www.thaipbs.or.th/news/content/558830","styleUrl":"#line-FFD400-7000","layer":"L1 ROAD STATUS MAIN","risk_status":"caution"},"geometry":{"type":"LineString","coordinates":[[100.645352,13.67112],[100.645468,13.671914]]}},{"type":"Feature","properties":{"name":"ถนนศรีนครินทร์ | CCTV YELLOW","description":"SOURCE=BMA_CCTV_REPORT | REPORTED=2026-09-29 13:24 ICT | STATUS=YELLOW | ROAD=ถนนศรีนครินทร์ | OSM_WAY=300803502 | QC=PASS | SOURCE_URL=https://www.thaipbs.or.th/news/content/558830","styleUrl":"#line-FFD400-7000","layer":"L1 ROAD STATUS MAIN","risk_status":"caution"},"geometry":{"type":"LineString","coordinates":[[100.645412,13.765969],[100.645509,13.765213]]}},{"type":"Feature","properties":{"name":"ถนนศรีนครินทร์ | CCTV YELLOW","description":"SOURCE=BMA_CCTV_REPORT | REPORTED=2026-09-29 13:24 ICT | STATUS=YELLOW | ROAD=ถนนศรีนครินทร์ | OSM_WAY=1121015466 | QC=PASS | SOURCE_URL=https://www.thaipbs.or.th/news/content/558830","styleUrl":"#line-FFD400-7000","layer":"L1 ROAD STATUS MAIN","risk_status":"caution"},"geometry":{"type":"LineString","coordinates":[[100.646147,13.677489],[100.646116,13.677046],[100.646114,13.677018],[100.646105,13.676872]]}},{"type":"Feature","properties":{"name":"ถนนศรีนครินทร์ | CCTV YELLOW","description":"SOURCE=BMA_CCTV_REPORT | REPORTED=2026-09-29 13:24 ICT | STATUS=YELLOW | ROAD=ถนนศรีนครินทร์ | OSM_WAY=1424717943 | QC=PASS | SOURCE_URL=https://www.thaipbs.or.th/news/content/558830","styleUrl":"#line-FFD400-7000","layer":"L1 ROAD STATUS MAIN","risk_status":"caution"},"geometry":{"type":"LineString","coordinates":[[100.646216,13.678513],[100.646182,13.678032]]}},{"type":"Feature","properties":{"name":"ถนนศรีนครินทร์ | CCTV YELLOW","description":"SOURCE=BMA_CCTV_REPORT | REPORTED=2026-09-29 13:24 ICT | STATUS=YELLOW | ROAD=ถนนศรีนครินทร์ | OSM_WAY=121040706 | QC=PASS | SOURCE_URL=https://www.thaipbs.or.th/news/content/558830","styleUrl":"#line-FFD400-7000","layer":"L1 ROAD STATUS MAIN","risk_status":"caution"},"geometry":{"type":"LineString","coordinates":[[100.643553,13.714026],[100.643605,13.713814]]}},{"type":"Feature","properties":{"name":"ถนนศรีนครินทร์ | CCTV YELLOW","description":"SOURCE=BMA_CCTV_REPORT | REPORTED=2026-09-29 13:24 ICT | STATUS=YELLOW | ROAD=ถนนศรีนครินทร์ | OSM_WAY=121040703 | QC=PASS | SOURCE_URL=https://www.thaipbs.or.th/news/content/558830","styleUrl":"#line-FFD400-7000","layer":"L1 ROAD STATUS MAIN","risk_status":"caution"},"geometry":{"type":"LineString","coordinates":[[100.641095,13.732952],[100.641066,13.733316]]}},{"type":"Feature","properties":{"name":"ถนนศรีนครินทร์ | CCTV YELLOW","description":"SOURCE=BMA_CCTV_REPORT | REPORTED=2026-09-29 13:24 ICT | STATUS=YELLOW | ROAD=ถนนศรีนครินทร์ | OSM_WAY=1121015465 | QC=PASS | SOURCE_URL=https://www.thaipbs.or.th/news/content/558830","styleUrl":"#line-FFD400-7000","layer":"L1 ROAD STATUS MAIN","risk_status":"caution"},"geometry":{"type":"LineString","coordinates":[[100.645884,13.677036],[100.645896,13.67718],[100.645911,13.677401]]}},{"type":"Feature","properties":{"name":"ถนนศรีนครินทร์ | CCTV YELLOW","description":"SOURCE=BMA_CCTV_REPORT | REPORTED=2026-09-29 13:24 ICT | STATUS=YELLOW | ROAD=ถนนศรีนครินทร์ | OSM_WAY=1305800717 | QC=PASS | SOURCE_URL=https://www.thaipbs.or.th/news/content/558830","styleUrl":"#line-FFD400-7000","layer":"L1 ROAD STATUS MAIN","risk_status":"caution"},"geometry":{"type":"LineString","coordinates":[[100.64091,13.735673],[100.640916,13.735777],[100.640924,13.735884],[100.64093,13.735929],[100.64094,13.736003]]}},{"type":"Feature","properties":{"name":"ถนนศรีนครินทร์ | CCTV YELLOW","description":"SOURCE=BMA_CCTV_REPORT | REPORTED=2026-09-29 13:24 ICT | STATUS=YELLOW | ROAD=ถนนศรีนครินทร์ | OSM_WAY=872821835 | QC=PASS | SOURCE_URL=https://www.thaipbs.or.th/news/content/558830","styleUrl":"#line-FFD400-7000","layer":"L1 ROAD STATUS MAIN","risk_status":"caution"},"geometry":{"type":"LineString","coordinates":[[100.645083,13.669615],[100.645127,13.669836]]}},{"type":"Feature","properties":{"name":"ถนนศรีนครินทร์ | CCTV YELLOW","description":"SOURCE=BMA_CCTV_REPORT | REPORTED=2026-09-29 13:24 ICT | STATUS=YELLOW | ROAD=ถนนศรีนครินทร์ | OSM_WAY=121040705 | QC=PASS | SOURCE_URL=https://www.thaipbs.or.th/news/content/558830","styleUrl":"#line-FFD400-7000","layer":"L1 ROAD STATUS MAIN","risk_status":"caution"},"geometry":{"type":"LineString","coordinates":[[100.641276,13.73348],[100.641302,13.733121]]}},{"type":"Feature","properties":{"name":"ถนนศรีนครินทร์ | CCTV YELLOW","description":"SOURCE=BMA_CCTV_REPORT | REPORTED=2026-09-29 13:24 ICT | STATUS=YELLOW | ROAD=ถนนศรีนครินทร์ | OSM_WAY=586156203 | QC=PASS | SOURCE_URL=https://www.thaipbs.or.th/news/content/558830","styleUrl":"#line-FFD400-7000","layer":"L1 ROAD STATUS MAIN","risk_status":"caution"},"geometry":{"type":"LineString","coordinates":[[100.643813,13.746631],[100.643764,13.746436]]}},{"type":"Feature","properties":{"name":"ถนนศรีนครินทร์ | CCTV YELLOW","description":"SOURCE=BMA_CCTV_REPORT | REPORTED=2026-09-29 13:24 ICT | STATUS=YELLOW | ROAD=ถนนศรีนครินทร์ | OSM_WAY=121040709 | QC=PASS | SOURCE_URL=https://www.thaipbs.or.th/news/content/558830","styleUrl":"#line-FFD400-7000","layer":"L1 ROAD STATUS MAIN","risk_status":"caution"},"geometry":{"type":"LineString","coordinates":[[100.646074,13.702453],[100.646029,13.702653]]}},{"type":"Feature","properties":{"name":"ถนนศรีนครินทร์ | CCTV YELLOW","description":"SOURCE=BMA_CCTV_REPORT | REPORTED=2026-09-29 13:24 ICT | STATUS=YELLOW | ROAD=ถนนศรีนครินทร์ | OSM_WAY=1124963913 | QC=PASS | SOURCE_URL=https://www.thaipbs.or.th/news/content/558830","styleUrl":"#line-FFD400-7000","layer":"L1 ROAD STATUS MAIN","risk_status":"caution"},"geometry":{"type":"LineString","coordinates":[[100.645911,13.677401],[100.645937,13.677686]]}},{"type":"Feature","properties":{"name":"ถนนศรีนครินทร์ | CCTV YELLOW","description":"SOURCE=BMA_CCTV_REPORT | REPORTED=2026-09-29 13:24 ICT | STATUS=YELLOW | ROAD=ถนนศรีนครินทร์ | OSM_WAY=840107556 | QC=PASS | SOURCE_URL=https://www.thaipbs.or.th/news/content/558830","styleUrl":"#line-FFD400-7000","layer":"L1 ROAD STATUS MAIN","risk_status":"caution"},"geometry":{"type":"LineString","coordinates":[[100.643698,13.712636],[100.643664,13.712783]]}},{"type":"Feature","properties":{"name":"ถนนศรีนครินทร์ | CCTV YELLOW","description":"SOURCE=BMA_CCTV_REPORT | REPORTED=2026-09-29 13:24 ICT | STATUS=YELLOW | ROAD=ถนนศรีนครินทร์ | OSM_WAY=1145709280 | QC=PASS | SOURCE_URL=https://www.thaipbs.or.th/news/content/558830","styleUrl":"#line-FFD400-7000","layer":"L1 ROAD STATUS MAIN","risk_status":"caution"},"geometry":{"type":"LineString","coordinates":[[100.641207,13.7356],[100.641187,13.735441]]}},{"type":"Feature","properties":{"name":"ถนนศรีนครินทร์ | CCTV YELLOW","description":"SOURCE=BMA_CCTV_REPORT | REPORTED=2026-09-29 13:24 ICT | STATUS=YELLOW | ROAD=ถนนศรีนครินทร์ | OSM_WAY=121040707 | QC=PASS | SOURCE_URL=https://www.thaipbs.or.th/news/content/558830","styleUrl":"#line-FFD400-7000","layer":"L1 ROAD STATUS MAIN","risk_status":"caution"},"geometry":{"type":"LineString","coordinates":[[100.641755,13.724394],[100.64174,13.724586]]}},{"type":"Feature","properties":{"name":"ถนนศรีนครินทร์ | CCTV YELLOW","description":"SOURCE=BMA_CCTV_REPORT | REPORTED=2026-09-29 13:24 ICT | STATUS=YELLOW | ROAD=ถนนศรีนครินทร์ | OSM_WAY=121040701 | QC=PASS | SOURCE_URL=https://www.thaipbs.or.th/news/content/558830","styleUrl":"#line-FFD400-7000","layer":"L1 ROAD STATUS MAIN","risk_status":"caution"},"geometry":{"type":"LineString","coordinates":[[100.641926,13.724592],[100.641941,13.72441]]}},{"type":"Feature","properties":{"name":"ถนนศรีนครินทร์ | CCTV YELLOW","description":"SOURCE=BMA_CCTV_REPORT | REPORTED=2026-09-29 13:24 ICT | STATUS=YELLOW | ROAD=ถนนศรีนครินทร์ | OSM_WAY=1024210476 | QC=PASS | SOURCE_URL=https://www.thaipbs.or.th/news/content/558830","styleUrl":"#line-FFD400-7000","layer":"L1 ROAD STATUS MAIN","risk_status":"caution"},"geometry":{"type":"LineString","coordinates":[[100.64553,13.7626],[100.64554,13.762786]]}},{"type":"Feature","properties":{"name":"ถนนศรีนครินทร์ | CCTV YELLOW","description":"SOURCE=BMA_CCTV_REPORT | REPORTED=2026-09-29 13:24 ICT | STATUS=YELLOW | ROAD=ถนนศรีนครินทร์ | OSM_WAY=253221907 | QC=PASS | SOURCE_URL=https://www.thaipbs.or.th/news/content/558830","styleUrl":"#line-FFD400-7000","layer":"L1 ROAD STATUS MAIN","risk_status":"caution"},"geometry":{"type":"LineString","coordinates":[[100.646156,13.677682],[100.646147,13.677489]]}},{"type":"Feature","properties":{"name":"ถนนศรีนครินทร์ | CCTV YELLOW","description":"SOURCE=BMA_CCTV_REPORT | REPORTED=2026-09-29 13:24 ICT | STATUS=YELLOW | ROAD=ถนนศรีนครินทร์ | OSM_WAY=1124963685 | QC=PASS | SOURCE_URL=https://www.thaipbs.or.th/news/content/558830","styleUrl":"#line-FFD400-7000","layer":"L1 ROAD STATUS MAIN","risk_status":"caution"},"geometry":{"type":"LineString","coordinates":[[100.645872,13.676882],[100.64588,13.676988],[100.645884,13.677036]]}},{"type":"Feature","properties":{"name":"ถนนศรีนครินทร์ | CCTV YELLOW","description":"SOURCE=BMA_CCTV_REPORT | REPORTED=2026-09-29 13:24 ICT | STATUS=YELLOW | ROAD=ถนนศรีนครินทร์ | OSM_WAY=185073882 | QC=PASS | SOURCE_URL=https://www.thaipbs.or.th/news/content/558830","styleUrl":"#line-FFD400-7000","layer":"L1 ROAD STATUS MAIN","risk_status":"caution"},"geometry":{"type":"LineString","coordinates":[[100.645937,13.677686],[100.645949,13.677819]]}},{"type":"Feature","properties":{"name":"ถนนศรีนครินทร์ | CCTV YELLOW","description":"SOURCE=BMA_CCTV_REPORT | REPORTED=2026-09-29 13:24 ICT | STATUS=YELLOW | ROAD=ถนนศรีนครินทร์ | OSM_WAY=684178121 | QC=PASS | SOURCE_URL=https://www.thaipbs.or.th/news/content/558830","styleUrl":"#line-FFD400-7000","layer":"L1 ROAD STATUS MAIN","risk_status":"caution"},"geometry":{"type":"LineString","coordinates":[[100.646611,13.683542],[100.6466,13.6834]]}},{"type":"Feature","properties":{"name":"ถนนศรีนครินทร์ | CCTV YELLOW","description":"SOURCE=BMA_CCTV_REPORT | REPORTED=2026-09-29 13:24 ICT | STATUS=YELLOW | ROAD=ถนนศรีนครินทร์ | OSM_WAY=1022769821 | QC=PASS | SOURCE_URL=https://www.thaipbs.or.th/news/content/558830","styleUrl":"#line-FFD400-7000","layer":"L1 ROAD STATUS MAIN","risk_status":"caution"},"geometry":{"type":"LineString","coordinates":[[100.646165,13.67782],[100.646156,13.677682]]}},{"type":"Feature","properties":{"name":"ถนนศรีนครินทร์ | CCTV YELLOW","description":"SOURCE=BMA_CCTV_REPORT | REPORTED=2026-09-29 13:24 ICT | STATUS=YELLOW | ROAD=ถนนศรีนครินทร์ | OSM_WAY=1024210480 | QC=PASS | SOURCE_URL=https://www.thaipbs.or.th/news/content/558830","styleUrl":"#line-FFD400-7000","layer":"L1 ROAD STATUS MAIN","risk_status":"caution"},"geometry":{"type":"LineString","coordinates":[[100.645694,13.763016],[100.645689,13.762796]]}},{"type":"Feature","properties":{"name":"ถนนนวมินทร์ | CCTV YELLOW","description":"SOURCE=BMA_CCTV_REPORT | REPORTED=2026-09-29 13:24 ICT | STATUS=YELLOW | ROAD=ถนนนวมินทร์ | OSM_WAY=156707754 | QC=PASS | SOURCE_URL=https://www.thaipbs.or.th/news/content/558830","styleUrl":"#line-FFD400-7000","layer":"L1 ROAD STATUS MAIN","risk_status":"caution"},"geometry":{"type":"LineString","coordinates":[[100.649213,13.799898],[100.649269,13.79978],[100.649308,13.799685],[100.649357,13.799576],[100.649907,13.798392],[100.650107,13.797951],[100.650261,13.797598],[100.65051,13.797035],[100.650643,13.796736],[100.650764,13.79647],[100.650834,13.796314],[100.650863,13.796258],[100.650942,13.796091],[100.651033,13.79589],[100.651327,13.795258],[100.65139,13.79512],[100.651584,13.79467],[100.65171,13.794405],[100.651976,13.793822],[100.652231,13.79327],[100.652352,13.793004],[100.652456,13.792778],[100.65257,13.79253],[100.65268,13.792279],[100.652722,13.792176],[100.652754,13.79207],[100.652758,13.791931],[100.652753,13.791845],[100.652726,13.791727],[100.652688,13.791625],[100.652646,13.791546],[100.652572,13.79142],[100.65249,13.791288],[100.651204,13.789377],[100.649871,13.787396]]}},{"type":"Feature","properties":{"name":"ถนนนวมินทร์ | CCTV YELLOW","description":"SOURCE=BMA_CCTV_REPORT | REPORTED=2026-09-29 13:24 ICT | STATUS=YELLOW | ROAD=ถนนนวมินทร์ | OSM_WAY=877461369 | QC=PASS | SOURCE_URL=https://www.thaipbs.or.th/news/content/558830","styleUrl":"#line-FFD400-7000","layer":"L1 ROAD STATUS MAIN","risk_status":"caution"},"geometry":{"type":"LineString","coordinates":[[100.649848,13.787595],[100.650104,13.787968],[100.650922,13.789179],[100.651103,13.789439],[100.651256,13.789662],[100.651628,13.790213],[100.652077,13.790872],[100.652411,13.791358],[100.652494,13.791491],[100.652576,13.791632],[100.652618,13.791745],[100.652632,13.791854],[100.652637,13.79197],[100.652623,13.792071],[100.652583,13.792198],[100.652454,13.792485],[100.652347,13.792724],[100.652223,13.792988],[100.652088,13.793278],[100.651962,13.793582],[100.651918,13.793689],[100.651886,13.793761],[100.651714,13.794134],[100.651615,13.79435],[100.651384,13.794867],[100.651289,13.795077],[100.651211,13.795244],[100.651075,13.795548],[100.650965,13.795785],[100.650934,13.795857],[100.650858,13.796023],[100.650681,13.796407],[100.650519,13.796768],[100.650357,13.797143],[100.650222,13.797465],[100.649912,13.798119],[100.649659,13.798676],[100.64953,13.798965],[100.649366,13.799337],[100.649183,13.799731],[100.649109,13.799888]]}},{"type":"Feature","properties":{"name":"ถนนนวมินทร์ | CCTV YELLOW","description":"SOURCE=BMA_CCTV_REPORT | REPORTED=2026-09-29 13:24 ICT | STATUS=YELLOW | ROAD=ถนนนวมินทร์ | OSM_WAY=156707757 | QC=PASS | SOURCE_URL=https://www.thaipbs.or.th/news/content/558830","styleUrl":"#line-FFD400-7000","layer":"L1 ROAD STATUS MAIN","risk_status":"caution"},"geometry":{"type":"LineString","coordinates":[[100.64507,13.776146],[100.645343,13.775154],[100.645383,13.775037],[100.645419,13.774951],[100.645465,13.774873],[100.645518,13.774794],[100.645608,13.774674],[100.64648,13.773482],[100.646664,13.773232],[100.646845,13.773001],[100.646957,13.772851],[100.647068,13.772683],[100.64716,13.7725],[100.647196,13.772416],[100.647238,13.772272],[100.64727,13.772101],[100.647291,13.771906],[100.647329,13.771263],[100.647414,13.770405],[100.647488,13.769581],[100.647528,13.769095],[100.647577,13.768711],[100.647796,13.767369],[100.647821,13.767176]]}},{"type":"Feature","properties":{"name":"ถนนนวมินทร์ | CCTV YELLOW","description":"SOURCE=BMA_CCTV_REPORT | REPORTED=2026-09-29 13:24 ICT | STATUS=YELLOW | ROAD=ถนนนวมินทร์ | OSM_WAY=207441218 | QC=PASS | SOURCE_URL=https://www.thaipbs.or.th/news/content/558830","styleUrl":"#line-FFD400-7000","layer":"L1 ROAD STATUS MAIN","risk_status":"caution"},"geometry":{"type":"LineString","coordinates":[[100.647705,13.76716],[100.647684,13.767308],[100.64757,13.768005],[100.647523,13.768296],[100.64748,13.768542],[100.647445,13.768767],[100.647405,13.769089],[100.647351,13.769612],[100.647264,13.770473],[100.647231,13.770888],[100.647153,13.772008],[100.647128,13.772236],[100.647062,13.772436],[100.64697,13.772616],[100.646865,13.772776],[100.646572,13.773154],[100.646413,13.773374],[100.646194,13.773676],[100.64599,13.773989],[100.645782,13.774267],[100.645558,13.774551],[100.645461,13.77467],[100.645388,13.774771],[100.645328,13.774868],[100.645283,13.774966],[100.645254,13.775055],[100.645167,13.775368],[100.645073,13.775722],[100.644969,13.776103]]}},{"type":"Feature","properties":{"name":"ถนนนวมินทร์ | CCTV YELLOW","description":"SOURCE=BMA_CCTV_REPORT | REPORTED=2026-09-29 13:24 ICT | STATUS=YELLOW | ROAD=ถนนนวมินทร์ | OSM_WAY=1055970220 | QC=PASS | SOURCE_URL=https://www.thaipbs.or.th/news/content/558830","styleUrl":"#line-FFD400-7000","layer":"L1 ROAD STATUS MAIN","risk_status":"caution"},"geometry":{"type":"LineString","coordinates":[[100.64493,13.780322],[100.645058,13.78051],[100.645103,13.780576],[100.645157,13.780658],[100.645236,13.780779],[100.645656,13.781401],[100.646306,13.78236],[100.646854,13.783175],[100.647184,13.783662],[100.647511,13.784154]]}},{"type":"Feature","properties":{"name":"ถนนนวมินทร์ | CCTV YELLOW","description":"SOURCE=BMA_CCTV_REPORT | REPORTED=2026-09-29 13:24 ICT | STATUS=YELLOW | ROAD=ถนนนวมินทร์ | OSM_WAY=1026018673 | QC=PASS | SOURCE_URL=https://www.thaipbs.or.th/news/content/558830","styleUrl":"#line-FFD400-7000","layer":"L1 ROAD STATUS MAIN","risk_status":"caution"},"geometry":{"type":"LineString","coordinates":[[100.647578,13.784049],[100.647001,13.783199],[100.646486,13.782439],[100.64592,13.7816],[100.645705,13.781282],[100.645247,13.780604]]}},{"type":"Feature","properties":{"name":"ถนนนวมินทร์ | CCTV YELLOW","description":"SOURCE=BMA_CCTV_REPORT | REPORTED=2026-09-29 13:24 ICT | STATUS=YELLOW | ROAD=ถนนนวมินทร์ | OSM_WAY=207441217 | QC=PASS | SOURCE_URL=https://www.thaipbs.or.th/news/content/558830","styleUrl":"#line-FFD400-7000","layer":"L1 ROAD STATUS MAIN","risk_status":"caution"},"geometry":{"type":"LineString","coordinates":[[100.647989,13.784854],[100.648032,13.784917],[100.648356,13.785396],[100.648843,13.786121],[100.649053,13.786431],[100.649415,13.78695],[100.649773,13.787481]]}},{"type":"Feature","properties":{"name":"ถนนนวมินทร์ | CCTV YELLOW","description":"SOURCE=BMA_CCTV_REPORT | REPORTED=2026-09-29 13:24 ICT | STATUS=YELLOW | ROAD=ถนนนวมินทร์ | OSM_WAY=877461368 | QC=PASS | SOURCE_URL=https://www.thaipbs.or.th/news/content/558830","styleUrl":"#line-FFD400-7000","layer":"L1 ROAD STATUS MAIN","risk_status":"caution"},"geometry":{"type":"LineString","coordinates":[[100.649871,13.787396],[100.649455,13.786809],[100.649227,13.786482],[100.649039,13.786206],[100.648089,13.784796]]}},{"type":"Feature","properties":{"name":"ถนนนวมินทร์ | CCTV YELLOW","description":"SOURCE=BMA_CCTV_REPORT | REPORTED=2026-09-29 13:24 ICT | STATUS=YELLOW | ROAD=ถนนนวมินทร์ | OSM_WAY=1312825445 | QC=PASS | SOURCE_URL=https://www.thaipbs.or.th/news/content/558830","styleUrl":"#line-FFD400-7000","layer":"L1 ROAD STATUS MAIN","risk_status":"caution"},"geometry":{"type":"LineString","coordinates":[[100.645189,13.780519],[100.644386,13.779355],[100.644336,13.779268],[100.644308,13.779174],[100.644295,13.779085],[100.644296,13.778998],[100.644337,13.778793],[100.64507,13.776146]]}},{"type":"Feature","properties":{"name":"ถนนนวมินทร์ | CCTV YELLOW","description":"SOURCE=BMA_CCTV_REPORT | REPORTED=2026-09-29 13:24 ICT | STATUS=YELLOW | ROAD=ถนนนวมินทร์ | OSM_WAY=1110558930 | QC=PASS | SOURCE_URL=https://www.thaipbs.or.th/news/content/558830","styleUrl":"#line-FFD400-7000","layer":"L1 ROAD STATUS MAIN","risk_status":"caution"},"geometry":{"type":"LineString","coordinates":[[100.644413,13.778092],[100.644319,13.778428],[100.64422,13.778778],[100.644182,13.778979],[100.644178,13.779111],[100.644197,13.779192],[100.644231,13.779308],[100.64429,13.779412],[100.644333,13.779483],[100.64464,13.779918],[100.64493,13.780322]]}},{"type":"Feature","properties":{"name":"ถนนนวมินทร์ | CCTV YELLOW","description":"SOURCE=BMA_CCTV_REPORT | REPORTED=2026-09-29 13:24 ICT | STATUS=YELLOW | ROAD=ถนนนวมินทร์ | OSM_WAY=1312825443 | QC=PASS | SOURCE_URL=https://www.thaipbs.or.th/news/content/558830","styleUrl":"#line-FFD400-7000","layer":"L1 ROAD STATUS MAIN","risk_status":"caution"},"geometry":{"type":"LineString","coordinates":[[100.644969,13.776103],[100.644883,13.776431],[100.644783,13.77678],[100.644691,13.777077],[100.644606,13.777401],[100.644509,13.777754],[100.644413,13.778092]]}},{"type":"Feature","properties":{"name":"ถนนนวมินทร์ | CCTV YELLOW","description":"SOURCE=BMA_CCTV_REPORT | REPORTED=2026-09-29 13:24 ICT | STATUS=YELLOW | ROAD=ถนนนวมินทร์ | OSM_WAY=837411048 | QC=PASS | SOURCE_URL=https://www.thaipbs.or.th/news/content/558830","styleUrl":"#line-FFD400-7000","layer":"L1 ROAD STATUS MAIN","risk_status":"caution"},"geometry":{"type":"LineString","coordinates":[[100.647964,13.784614],[100.647632,13.784127],[100.647578,13.784049]]}},{"type":"Feature","properties":{"name":"ถนนนวมินทร์ | CCTV YELLOW","description":"SOURCE=BMA_CCTV_REPORT | REPORTED=2026-09-29 13:24 ICT | STATUS=YELLOW | ROAD=ถนนนวมินทร์ | OSM_WAY=983519772 | QC=PASS | SOURCE_URL=https://www.thaipbs.or.th/news/content/558830","styleUrl":"#line-FFD400-7000","layer":"L1 ROAD STATUS MAIN","risk_status":"caution"},"geometry":{"type":"LineString","coordinates":[[100.647511,13.784154],[100.647866,13.784673]]}},{"type":"Feature","properties":{"name":"ถนนนวมินทร์ | CCTV YELLOW","description":"SOURCE=BMA_CCTV_REPORT | REPORTED=2026-09-29 13:24 ICT | STATUS=YELLOW | ROAD=ถนนนวมินทร์ | OSM_WAY=1301928715 | QC=PASS | SOURCE_URL=https://www.thaipbs.or.th/news/content/558830","styleUrl":"#line-FFD400-7000","layer":"L1 ROAD STATUS MAIN","risk_status":"caution"},"geometry":{"type":"LineString","coordinates":[[100.647824,13.76642],[100.647705,13.76716]]}},{"type":"Feature","properties":{"name":"ถนนนวมินทร์ | CCTV YELLOW","description":"SOURCE=BMA_CCTV_REPORT | REPORTED=2026-09-29 13:24 ICT | STATUS=YELLOW | ROAD=ถนนนวมินทร์ | OSM_WAY=1301928716 | QC=PASS | SOURCE_URL=https://www.thaipbs.or.th/news/content/558830","styleUrl":"#line-FFD400-7000","layer":"L1 ROAD STATUS MAIN","risk_status":"caution"},"geometry":{"type":"LineString","coordinates":[[100.647821,13.767176],[100.647838,13.767024],[100.64793,13.766443]]}},{"type":"Feature","properties":{"name":"ถนนนวมินทร์ | CCTV YELLOW","description":"SOURCE=BMA_CCTV_REPORT | REPORTED=2026-09-29 13:24 ICT | STATUS=YELLOW | ROAD=ถนนนวมินทร์ | OSM_WAY=156707755 | QC=PASS | SOURCE_URL=https://www.thaipbs.or.th/news/content/558830","styleUrl":"#line-FFD400-7000","layer":"L1 ROAD STATUS MAIN","risk_status":"caution"},"geometry":{"type":"LineString","coordinates":[[100.648089,13.784796],[100.647964,13.784614]]}},{"type":"Feature","properties":{"name":"ถนนนวมินทร์ | CCTV YELLOW","description":"SOURCE=BMA_CCTV_REPORT | REPORTED=2026-09-29 13:24 ICT | STATUS=YELLOW | ROAD=ถนนนวมินทร์ | OSM_WAY=207441214 | QC=PASS | SOURCE_URL=https://www.thaipbs.or.th/news/content/558830","styleUrl":"#line-FFD400-7000","layer":"L1 ROAD STATUS MAIN","risk_status":"caution"},"geometry":{"type":"LineString","coordinates":[[100.647866,13.784673],[100.647989,13.784854]]}},{"type":"Feature","properties":{"name":"ถนนนวมินทร์ | CCTV YELLOW","description":"SOURCE=BMA_CCTV_REPORT | REPORTED=2026-09-29 13:24 ICT | STATUS=YELLOW | ROAD=ถนนนวมินทร์ | OSM_WAY=877461367 | QC=PASS | SOURCE_URL=https://www.thaipbs.or.th/news/content/558830","styleUrl":"#line-FFD400-7000","layer":"L1 ROAD STATUS MAIN","risk_status":"caution"},"geometry":{"type":"LineString","coordinates":[[100.649773,13.787481],[100.649848,13.787595]]}},{"type":"Feature","properties":{"name":"ถนนนวมินทร์ | CCTV YELLOW","description":"SOURCE=BMA_CCTV_REPORT | REPORTED=2026-09-29 13:24 ICT | STATUS=YELLOW | ROAD=ถนนนวมินทร์ | OSM_WAY=1055907242 | QC=PASS | SOURCE_URL=https://www.thaipbs.or.th/news/content/558830","styleUrl":"#line-FFD400-7000","layer":"L1 ROAD STATUS MAIN","risk_status":"caution"},"geometry":{"type":"LineString","coordinates":[[100.645247,13.780604],[100.645189,13.780519]]}},{"type":"Feature","properties":{"name":"ถนนนวมินทร์ | CCTV YELLOW","description":"SOURCE=BMA_CCTV_REPORT | REPORTED=2026-09-29 13:24 ICT | STATUS=YELLOW | ROAD=ถนนนวมินทร์ | OSM_WAY=877468591 | QC=PASS | SOURCE_URL=https://www.thaipbs.or.th/news/content/558830","styleUrl":"#line-FFD400-7000","layer":"L1 ROAD STATUS MAIN","risk_status":"caution"},"geometry":{"type":"LineString","coordinates":[[100.660264,13.833314],[100.66024,13.833258],[100.660057,13.832847],[100.659928,13.83255],[100.659796,13.832246],[100.659496,13.831558],[100.659332,13.831179],[100.659151,13.830779],[100.65903,13.830482],[100.658921,13.830219],[100.65875,13.82981],[100.658687,13.829663],[100.658606,13.829478],[100.658529,13.829298],[100.658445,13.829107],[100.658151,13.828425],[100.65748,13.826846],[100.657356,13.82656],[100.657158,13.8261],[100.656965,13.825646],[100.656664,13.824953],[100.656586,13.82477],[100.656475,13.824514],[100.656302,13.824111],[100.656181,13.823827],[100.65614,13.823736],[100.656037,13.823496]]}},{"type":"Feature","properties":{"name":"ถนนนวมินทร์ | CCTV YELLOW","description":"SOURCE=BMA_CCTV_REPORT | REPORTED=2026-09-29 13:24 ICT | STATUS=YELLOW | ROAD=ถนนนวมินทร์ | OSM_WAY=877468592 | QC=PASS | SOURCE_URL=https://www.thaipbs.or.th/news/content/558830","styleUrl":"#line-FFD400-7000","layer":"L1 ROAD STATUS MAIN","risk_status":"caution"},"geometry":{"type":"LineString","coordinates":[[100.656555,13.824961],[100.656868,13.825724],[100.65714,13.826368],[100.657366,13.826885],[100.657662,13.827586],[100.65797,13.828312],[100.658112,13.828637],[100.658467,13.829451],[100.658723,13.830052],[100.658979,13.830664],[100.659046,13.830826],[100.659693,13.832331],[100.66001,13.833043],[100.66006,13.833154],[100.660126,13.833304]]}},{"type":"Feature","properties":{"name":"ถนนนวมินทร์ | CCTV YELLOW","description":"SOURCE=BMA_CCTV_REPORT | REPORTED=2026-09-29 13:24 ICT | STATUS=YELLOW | ROAD=ถนนนวมินทร์ | OSM_WAY=850355454 | QC=PASS | SOURCE_URL=https://www.thaipbs.or.th/news/content/558830","styleUrl":"#line-FFD400-7000","layer":"L1 ROAD STATUS MAIN","risk_status":"caution"},"geometry":{"type":"LineString","coordinates":[[100.654172,13.81946],[100.654278,13.819708],[100.65459,13.820441],[100.655054,13.821511],[100.655242,13.821932],[100.655336,13.822151],[100.655388,13.822274],[100.655482,13.822497],[100.655638,13.822832],[100.655853,13.823371]]}},{"type":"Feature","properties":{"name":"ถนนนวมินทร์ | CCTV YELLOW","description":"SOURCE=BMA_CCTV_REPORT | REPORTED=2026-09-29 13:24 ICT | STATUS=YELLOW | ROAD=ถนนนวมินทร์ | OSM_WAY=1121723923 | QC=PASS | SOURCE_URL=https://www.thaipbs.or.th/news/content/558830","styleUrl":"#line-FFD400-7000","layer":"L1 ROAD STATUS MAIN","risk_status":"caution"},"geometry":{"type":"LineString","coordinates":[[100.652248,13.81499],[100.652404,13.815361],[100.652523,13.815632],[100.652705,13.816046],[100.652853,13.8164],[100.653375,13.817602],[100.653624,13.818188],[100.653884,13.818792]]}},{"type":"Feature","properties":{"name":"ถนนนวมินทร์ | CCTV YELLOW","description":"SOURCE=BMA_CCTV_REPORT | REPORTED=2026-09-29 13:24 ICT | STATUS=YELLOW | ROAD=ถนนนวมินทร์ | OSM_WAY=207441207 | QC=PASS | SOURCE_URL=https://www.thaipbs.or.th/news/content/558830","styleUrl":"#line-FFD400-7000","layer":"L1 ROAD STATUS MAIN","risk_status":"caution"},"geometry":{"type":"LineString","coordinates":[[100.648751,13.8067],[100.648451,13.806151],[100.648362,13.805987],[100.648132,13.805568],[100.647739,13.804846],[100.647654,13.804683],[100.647588,13.804544],[100.64754,13.804413],[100.647512,13.804242],[100.647504,13.80411],[100.647502,13.803993],[100.647509,13.803858],[100.647533,13.803722],[100.64757,13.803592],[100.647636,13.803426],[100.648019,13.802578],[100.648248,13.80207]]}},{"type":"Feature","properties":{"name":"ถนนนวมินทร์ | CCTV YELLOW","description":"SOURCE=BMA_CCTV_REPORT | REPORTED=2026-09-29 13:24 ICT | STATUS=YELLOW | ROAD=ถนนนวมินทร์ | OSM_WAY=1308282286 | QC=PASS | SOURCE_URL=https://www.thaipbs.or.th/news/content/558830","styleUrl":"#line-FFD400-7000","layer":"L1 ROAD STATUS MAIN","risk_status":"caution"},"geometry":{"type":"LineString","coordinates":[[100.65138,13.812685],[100.65115,13.812167],[100.650614,13.810906],[100.650306,13.810209]]}},{"type":"Feature","properties":{"name":"ถนนนวมินทร์ | CCTV YELLOW","description":"SOURCE=BMA_CCTV_REPORT | REPORTED=2026-09-29 13:24 ICT | STATUS=YELLOW | ROAD=ถนนนวมินทร์ | OSM_WAY=877464762 | QC=PASS | SOURCE_URL=https://www.thaipbs.or.th/news/content/558830","styleUrl":"#line-FFD400-7000","layer":"L1 ROAD STATUS MAIN","risk_status":"caution"},"geometry":{"type":"LineString","coordinates":[[100.648272,13.80202],[100.64846,13.801596],[100.648556,13.80138],[100.648754,13.800934],[100.648762,13.800913],[100.649015,13.800332],[100.649175,13.799978],[100.649213,13.799898]]}},{"type":"Feature","properties":{"name":"ถนนนวมินทร์ | CCTV YELLOW","description":"SOURCE=BMA_CCTV_REPORT | REPORTED=2026-09-29 13:24 ICT | STATUS=YELLOW | ROAD=ถนนนวมินทร์ | OSM_WAY=207441216 | QC=PASS | SOURCE_URL=https://www.thaipbs.or.th/news/content/558830","styleUrl":"#line-FFD400-7000","layer":"L1 ROAD STATUS MAIN","risk_status":"caution"},"geometry":{"type":"LineString","coordinates":[[100.648739,13.806942],[100.649065,13.807615],[100.64937,13.808324],[100.649392,13.808374]]}},{"type":"Feature","properties":{"name":"ถนนนวมินทร์ | CCTV YELLOW","description":"SOURCE=BMA_CCTV_REPORT | REPORTED=2026-09-29 13:24 ICT | STATUS=YELLOW | ROAD=ถนนนวมินทร์ | OSM_WAY=207371328 | QC=PASS | SOURCE_URL=https://www.thaipbs.or.th/news/content/558830","styleUrl":"#line-FFD400-7000","layer":"L1 ROAD STATUS MAIN","risk_status":"caution"},"geometry":{"type":"LineString","coordinates":[[100.649392,13.808374],[100.649521,13.808677],[100.65,13.809782]]}},{"type":"Feature","properties":{"name":"ถนนนวมินทร์ | CCTV YELLOW","description":"SOURCE=BMA_CCTV_REPORT | REPORTED=2026-09-29 13:24 ICT | STATUS=YELLOW | ROAD=ถนนนวมินทร์ | OSM_WAY=1345024489 | QC=PASS | SOURCE_URL=https://www.thaipbs.or.th/news/content/558830","styleUrl":"#line-FFD400-7000","layer":"L1 ROAD STATUS MAIN","risk_status":"caution"},"geometry":{"type":"LineString","coordinates":[[100.654241,13.81932],[100.65422,13.819271],[100.654117,13.819024]]}},{"type":"Feature","properties":{"name":"ถนนนวมินทร์ | CCTV YELLOW","description":"SOURCE=BMA_CCTV_REPORT | REPORTED=2026-09-29 13:24 ICT | STATUS=YELLOW | ROAD=ถนนนวมินทร์ | OSM_WAY=1493195260 | QC=PASS | SOURCE_URL=https://www.thaipbs.or.th/news/content/558830","styleUrl":"#line-FFD400-7000","layer":"L1 ROAD STATUS MAIN","risk_status":"caution"},"geometry":{"type":"LineString","coordinates":[[100.650306,13.810209],[100.650236,13.810065],[100.650227,13.810046],[100.650216,13.810021],[100.650184,13.809948]]}},{"type":"Feature","properties":{"name":"ถนนนวมินทร์ | CCTV YELLOW","description":"SOURCE=BMA_CCTV_REPORT | REPORTED=2026-09-29 13:24 ICT | STATUS=YELLOW | ROAD=ถนนนวมินทร์ | OSM_WAY=1493195263 | QC=PASS | SOURCE_URL=https://www.thaipbs.or.th/news/content/558830","styleUrl":"#line-FFD400-7000","layer":"L1 ROAD STATUS MAIN","risk_status":"caution"},"geometry":{"type":"LineString","coordinates":[[100.650087,13.809701],[100.649978,13.80943]]}},{"type":"Feature","properties":{"name":"ถนนนวมินทร์ | CCTV YELLOW","description":"SOURCE=BMA_CCTV_REPORT | REPORTED=2026-09-29 13:24 ICT | STATUS=YELLOW | ROAD=ถนนนวมินทร์ | OSM_WAY=877464760 | QC=PASS | SOURCE_URL=https://www.thaipbs.or.th/news/content/558830","styleUrl":"#line-FFD400-7000","layer":"L1 ROAD STATUS MAIN","risk_status":"caution"},"geometry":{"type":"LineString","coordinates":[[100.648133,13.80202],[100.648052,13.802217]]}},{"type":"Feature","properties":{"name":"ถนนนวมินทร์ | CCTV YELLOW","description":"SOURCE=BMA_CCTV_REPORT | REPORTED=2026-09-29 13:24 ICT | STATUS=YELLOW | ROAD=ถนนนวมินทร์ | OSM_WAY=207441213 | QC=PASS | SOURCE_URL=https://www.thaipbs.or.th/news/content/558830","styleUrl":"#line-FFD400-7000","layer":"L1 ROAD STATUS MAIN","risk_status":"caution"},"geometry":{"type":"LineString","coordinates":[[100.64866,13.806793],[100.648739,13.806942]]}},{"type":"Feature","properties":{"name":"ถนนนวมินทร์ | CCTV YELLOW","description":"SOURCE=BMA_CCTV_REPORT | REPORTED=2026-09-29 13:24 ICT | STATUS=YELLOW | ROAD=ถนนนวมินทร์ | OSM_WAY=1345024487 | QC=PASS | SOURCE_URL=https://www.thaipbs.or.th/news/content/558830","styleUrl":"#line-FFD400-7000","layer":"L1 ROAD STATUS MAIN","risk_status":"caution"},"geometry":{"type":"LineString","coordinates":[[100.654125,13.819344],[100.654172,13.81946]]}},{"type":"Feature","properties":{"name":"ถนนนวมินทร์ | CCTV YELLOW","description":"SOURCE=BMA_CCTV_REPORT | REPORTED=2026-09-29 13:24 ICT | STATUS=YELLOW | ROAD=ถนนนวมินทร์ | OSM_WAY=1340696944 | QC=PASS | SOURCE_URL=https://www.thaipbs.or.th/news/content/558830","styleUrl":"#line-FFD400-7000","layer":"L1 ROAD STATUS MAIN","risk_status":"caution"},"geometry":{"type":"LineString","coordinates":[[100.653964,13.818972],[100.653976,13.818997]]}},{"type":"Feature","properties":{"name":"ถนนลาดพร้าว | CCTV YELLOW","description":"SOURCE=BMA_CCTV_REPORT | REPORTED=2026-09-29 13:24 ICT | STATUS=YELLOW | ROAD=ถนนลาดพร้าว | OSM_WAY=156763633 | QC=PASS | SOURCE_URL=https://www.thaipbs.or.th/news/content/558830","styleUrl":"#line-FFD400-7000","layer":"L1 ROAD STATUS MAIN","risk_status":"caution"},"geometry":{"type":"LineString","coordinates":[[100.564997,13.810955],[100.565738,13.810546],[100.565898,13.810458],[100.56605,13.810374],[100.566196,13.810292],[100.566383,13.810188],[100.567065,13.809808],[100.567277,13.80969],[100.568064,13.809254],[100.56845,13.809038],[100.568885,13.808795],[100.569467,13.808472],[100.569631,13.80838],[100.570437,13.807936],[100.57061,13.80784],[100.571279,13.807469],[100.571312,13.807451],[100.571923,13.807119]]}},{"type":"Feature","properties":{"name":"ถนนลาดพร้าว | CCTV YELLOW","description":"SOURCE=BMA_CCTV_REPORT | REPORTED=2026-09-29 13:24 ICT | STATUS=YELLOW | ROAD=ถนนลาดพร้าว | OSM_WAY=1378019951 | QC=PASS | SOURCE_URL=https://www.thaipbs.or.th/news/content/558830","styleUrl":"#line-FFD400-7000","layer":"L1 ROAD STATUS MAIN","risk_status":"caution"},"geometry":{"type":"LineString","coordinates":[[100.611467,13.784995],[100.611794,13.784814],[100.612215,13.78458],[100.613012,13.784137],[100.613371,13.783937],[100.613427,13.783905],[100.61365,13.78378],[100.614229,13.783454],[100.614461,13.783324],[100.615338,13.782834],[100.615405,13.782795],[100.616253,13.78232],[100.617092,13.78185],[100.617587,13.781572],[100.618168,13.781244]]}},{"type":"Feature","properties":{"name":"ถนนลาดพร้าว | CCTV YELLOW","description":"SOURCE=BMA_CCTV_REPORT | REPORTED=2026-09-29 13:24 ICT | STATUS=YELLOW | ROAD=ถนนลาดพร้าว | OSM_WAY=690627782 | QC=PASS | SOURCE_URL=https://www.thaipbs.or.th/news/content/558830","styleUrl":"#line-FFD400-7000","layer":"L1 ROAD STATUS MAIN","risk_status":"caution"},"geometry":{"type":"LineString","coordinates":[[100.624258,13.777688],[100.62358,13.778067],[100.623214,13.778274],[100.623009,13.778388],[100.622394,13.778733],[100.62176,13.779092],[100.621194,13.779413],[100.621128,13.779451],[100.62084,13.779614],[100.620716,13.779683],[100.620555,13.779774],[100.620401,13.779859],[100.619953,13.780109],[100.619572,13.780321],[100.619208,13.780524],[100.618441,13.780951],[100.618152,13.781112]]}},{"type":"Feature","properties":{"name":"ถนนลาดพร้าว | CCTV YELLOW","description":"SOURCE=BMA_CCTV_REPORT | REPORTED=2026-09-29 13:24 ICT | STATUS=YELLOW | ROAD=ถนนลาดพร้าว | OSM_WAY=156763614 | QC=PASS | SOURCE_URL=https://www.thaipbs.or.th/news/content/558830","styleUrl":"#line-FFD400-7000","layer":"L1 ROAD STATUS MAIN","risk_status":"caution"},"geometry":{"type":"LineString","coordinates":[[100.580694,13.802028],[100.580335,13.802229],[100.579793,13.80253],[100.57964,13.802612],[100.579013,13.802969],[100.578279,13.803386],[100.578243,13.803406],[100.578067,13.803504],[100.577828,13.803637],[100.577561,13.803786],[100.577093,13.804045],[100.576296,13.804488],[100.575786,13.804772],[100.575313,13.805027],[100.5752,13.805088],[100.575047,13.805171]]}},{"type":"Feature","properties":{"name":"ถนนลาดพร้าว | CCTV YELLOW","description":"SOURCE=BMA_CCTV_REPORT | REPORTED=2026-09-29 13:24 ICT | STATUS=YELLOW | ROAD=ถนนลาดพร้าว | OSM_WAY=936603679 | QC=PASS | SOURCE_URL=https://www.thaipbs.or.th/news/content/558830","styleUrl":"#line-FFD400-7000","layer":"L1 ROAD STATUS MAIN","risk_status":"caution"},"geometry":{"type":"LineString","coordinates":[[100.593676,13.794777],[100.592935,13.795181],[100.592454,13.795454],[100.591574,13.795955],[100.590783,13.796395],[100.59033,13.796645],[100.590138,13.796751],[100.589296,13.797202]]}},{"type":"Feature","properties":{"name":"ถนนลาดพร้าว | CCTV YELLOW","description":"SOURCE=BMA_CCTV_REPORT | REPORTED=2026-09-29 13:24 ICT | STATUS=YELLOW | ROAD=ถนนลาดพร้าว | OSM_WAY=967782151 | QC=PASS | SOURCE_URL=https://www.thaipbs.or.th/news/content/558830","styleUrl":"#line-FFD400-7000","layer":"L1 ROAD STATUS MAIN","risk_status":"caution"},"geometry":{"type":"LineString","coordinates":[[100.575446,13.80512],[100.575827,13.804913],[100.576069,13.804776],[100.576288,13.804653],[100.57699,13.804262],[100.577646,13.803894],[100.578351,13.803493],[100.57902,13.803119],[100.579416,13.802894],[100.579771,13.802695]]}},{"type":"Feature","properties":{"name":"ถนนลาดพร้าว | CCTV YELLOW","description":"SOURCE=BMA_CCTV_REPORT | REPORTED=2026-09-29 13:24 ICT | STATUS=YELLOW | ROAD=ถนนลาดพร้าว | OSM_WAY=1416499391 | QC=PASS | SOURCE_URL=https://www.thaipbs.or.th/news/content/558830","styleUrl":"#line-FFD400-7000","layer":"L1 ROAD STATUS MAIN","risk_status":"caution"},"geometry":{"type":"LineString","coordinates":[[100.628149,13.775527],[100.628143,13.77553],[100.627641,13.775813],[100.627214,13.776053],[100.626074,13.776688],[100.624258,13.777688]]}},{"type":"Feature","properties":{"name":"ถนนลาดพร้าว | CCTV YELLOW","description":"SOURCE=BMA_CCTV_REPORT | REPORTED=2026-09-29 13:24 ICT | STATUS=YELLOW | ROAD=ถนนลาดพร้าว | OSM_WAY=482209160 | QC=PASS | SOURCE_URL=https://www.thaipbs.or.th/news/content/558830","styleUrl":"#line-FFD400-7000","layer":"L1 ROAD STATUS MAIN","risk_status":"caution"},"geometry":{"type":"LineString","coordinates":[[100.633336,13.772633],[100.633215,13.7727],[100.632643,13.773021],[100.631717,13.773541],[100.63117,13.773847],[100.630421,13.774263],[100.630308,13.774325],[100.629501,13.774775]]}},{"type":"Feature","properties":{"name":"ถนนลาดพร้าว | CCTV YELLOW","description":"SOURCE=BMA_CCTV_REPORT | REPORTED=2026-09-29 13:24 ICT | STATUS=YELLOW | ROAD=ถนนลาดพร้าว | OSM_WAY=156591165 | QC=PASS | SOURCE_URL=https://www.thaipbs.or.th/news/content/558830","styleUrl":"#line-FFD400-7000","layer":"L1 ROAD STATUS MAIN","risk_status":"caution"},"geometry":{"type":"LineString","coordinates":[[100.641996,13.767928],[100.643094,13.767317],[100.643576,13.767048],[100.643763,13.766943],[100.644386,13.766598],[100.644602,13.766477],[100.645067,13.766219],[100.645122,13.766194],[100.645189,13.766168],[100.645266,13.766151]]}},{"type":"Feature","properties":{"name":"ถนนลาดพร้าว | CCTV YELLOW","description":"SOURCE=BMA_CCTV_REPORT | REPORTED=2026-09-29 13:24 ICT | STATUS=YELLOW | ROAD=ถนนลาดพร้าว | OSM_WAY=868494484 | QC=PASS | SOURCE_URL=https://www.thaipbs.or.th/news/content/558830","styleUrl":"#line-FFD400-7000","layer":"L1 ROAD STATUS MAIN","risk_status":"caution"},"geometry":{"type":"LineString","coordinates":[[100.58637,13.798862],[100.585053,13.79961],[100.584511,13.799904],[100.584137,13.800112],[100.583334,13.800543],[100.58325,13.800586]]}},{"type":"Feature","properties":{"name":"ถนนลาดพร้าว | CCTV YELLOW","description":"SOURCE=BMA_CCTV_REPORT | REPORTED=2026-09-29 13:24 ICT | STATUS=YELLOW | ROAD=ถนนลาดพร้าว | OSM_WAY=725238019 | QC=PASS | SOURCE_URL=https://www.thaipbs.or.th/news/content/558830","styleUrl":"#line-FFD400-7000","layer":"L1 ROAD STATUS MAIN","risk_status":"caution"},"geometry":{"type":"LineString","coordinates":[[100.602756,13.789722],[100.601361,13.790501],[100.600882,13.790768],[100.600355,13.791065],[100.599709,13.791426]]}},{"type":"Feature","properties":{"name":"ถนนลาดพร้าว | CCTV YELLOW","description":"SOURCE=BMA_CCTV_REPORT | REPORTED=2026-09-29 13:24 ICT | STATUS=YELLOW | ROAD=ถนนลาดพร้าว | OSM_WAY=1156922847 | QC=PASS | SOURCE_URL=https://www.thaipbs.or.th/news/content/558830","styleUrl":"#line-FFD400-7000","layer":"L1 ROAD STATUS MAIN","risk_status":"caution"},"geometry":{"type":"LineString","coordinates":[[100.574816,13.80532],[100.574715,13.80538],[100.574679,13.805403],[100.574448,13.80554],[100.574133,13.805719],[100.57305,13.80633],[100.572777,13.806489],[100.572662,13.806556],[100.572397,13.806708]]}},{"type":"Feature","properties":{"name":"ถนนลาดพร้าว | CCTV YELLOW","description":"SOURCE=BMA_CCTV_REPORT | REPORTED=2026-09-29 13:24 ICT | STATUS=YELLOW | ROAD=ถนนลาดพร้าว | OSM_WAY=481978377 | QC=PASS | SOURCE_URL=https://www.thaipbs.or.th/news/content/558830","styleUrl":"#line-FFD400-7000","layer":"L1 ROAD STATUS MAIN","risk_status":"caution"},"geometry":{"type":"LineString","coordinates":[[100.580951,13.802037],[100.581685,13.801634],[100.582175,13.801362],[100.582697,13.801068],[100.58321,13.800779],[100.583319,13.800721]]}},{"type":"Feature","properties":{"name":"ถนนลาดพร้าว | CCTV YELLOW","description":"SOURCE=BMA_CCTV_REPORT | REPORTED=2026-09-29 13:24 ICT | STATUS=YELLOW | ROAD=ถนนลาดพร้าว | OSM_WAY=1156922848 | QC=PASS | SOURCE_URL=https://www.thaipbs.or.th/news/content/558830","styleUrl":"#line-FFD400-7000","layer":"L1 ROAD STATUS MAIN","risk_status":"caution"},"geometry":{"type":"LineString","coordinates":[[100.572397,13.806708],[100.571994,13.806942],[100.571266,13.807349],[100.570547,13.807748]]}},{"type":"Feature","properties":{"name":"ถนนลาดพร้าว | CCTV YELLOW","description":"SOURCE=BMA_CCTV_REPORT | REPORTED=2026-09-29 13:24 ICT | STATUS=YELLOW | ROAD=ถนนลาดพร้าว | OSM_WAY=1156917461 | QC=PASS | SOURCE_URL=https://www.thaipbs.or.th/news/content/558830","styleUrl":"#line-FFD400-7000","layer":"L1 ROAD STATUS MAIN","risk_status":"caution"},"geometry":{"type":"LineString","coordinates":[[100.57272,13.806669],[100.572885,13.806577],[100.573649,13.80614],[100.573981,13.80595],[100.574549,13.805629]]}},{"type":"Feature","properties":{"name":"ถนนลาดพร้าว | CCTV YELLOW","description":"SOURCE=BMA_CCTV_REPORT | REPORTED=2026-09-29 13:24 ICT | STATUS=YELLOW | ROAD=ถนนลาดพร้าว | OSM_WAY=1136374390 | QC=PASS | SOURCE_URL=https://www.thaipbs.or.th/news/content/558830","styleUrl":"#line-FFD400-7000","layer":"L1 ROAD STATUS MAIN","risk_status":"caution"},"geometry":{"type":"LineString","coordinates":[[100.609449,13.785953],[100.609085,13.786154],[100.608835,13.786292],[100.608652,13.786393],[100.608281,13.786603],[100.607789,13.78687]]}},{"type":"Feature","properties":{"name":"ถนนลาดพร้าว | CCTV YELLOW","description":"SOURCE=BMA_CCTV_REPORT | REPORTED=2026-09-29 13:24 ICT | STATUS=YELLOW | ROAD=ถนนลาดพร้าว | OSM_WAY=1136374387 | QC=PASS | SOURCE_URL=https://www.thaipbs.or.th/news/content/558830","styleUrl":"#line-FFD400-7000","layer":"L1 ROAD STATUS MAIN","risk_status":"caution"},"geometry":{"type":"LineString","coordinates":[[100.607907,13.786979],[100.608374,13.786716],[100.608717,13.786523],[100.608906,13.786417],[100.609008,13.78636],[100.609554,13.78606]]}},{"type":"Feature","properties":{"name":"ถนนลาดพร้าว | CCTV YELLOW","description":"SOURCE=BMA_CCTV_REPORT | REPORTED=2026-09-29 13:24 ICT | STATUS=YELLOW | ROAD=ถนนลาดพร้าว | OSM_WAY=1194328958 | QC=PASS | SOURCE_URL=https://www.thaipbs.or.th/news/content/558830","styleUrl":"#line-FFD400-7000","layer":"L1 ROAD STATUS MAIN","risk_status":"caution"},"geometry":{"type":"LineString","coordinates":[[100.641992,13.767776],[100.640414,13.768655]]}},{"type":"Feature","properties":{"name":"ถนนลาดพร้าว | CCTV YELLOW","description":"SOURCE=BMA_CCTV_REPORT | REPORTED=2026-09-29 13:24 ICT | STATUS=YELLOW | ROAD=ถนนลาดพร้าว | OSM_WAY=157780868 | QC=PASS | SOURCE_URL=https://www.thaipbs.or.th/news/content/558830","styleUrl":"#line-FFD400-7000","layer":"L1 ROAD STATUS MAIN","risk_status":"caution"},"geometry":{"type":"LineString","coordinates":[[100.647847,13.76626],[100.647731,13.766237],[100.647584,13.766209],[100.647445,13.766187],[100.647296,13.766166],[100.647103,13.766144],[100.646732,13.7661],[100.646333,13.766054],[100.645991,13.766014],[100.64569,13.76598],[100.645596,13.765973],[100.645498,13.765969],[100.645412,13.765969]]}},{"type":"Feature","properties":{"name":"ถนนลาดพร้าว | CCTV YELLOW","description":"SOURCE=BMA_CCTV_REPORT | REPORTED=2026-09-29 13:24 ICT | STATUS=YELLOW | ROAD=ถนนลาดพร้าว | OSM_WAY=1156917462 | QC=PASS | SOURCE_URL=https://www.thaipbs.or.th/news/content/558830","styleUrl":"#line-FFD400-7000","layer":"L1 ROAD STATUS MAIN","risk_status":"caution"},"geometry":{"type":"LineString","coordinates":[[100.571923,13.807119],[100.572441,13.806827],[100.57272,13.806669]]}},{"type":"Feature","properties":{"name":"ถนนลาดพร้าว | CCTV YELLOW","description":"SOURCE=BMA_CCTV_REPORT | REPORTED=2026-09-29 13:24 ICT | STATUS=YELLOW | ROAD=ถนนลาดพร้าว | OSM_WAY=837411088 | QC=PASS | SOURCE_URL=https://www.thaipbs.or.th/news/content/558830","styleUrl":"#line-FFD400-7000","layer":"L1 ROAD STATUS MAIN","risk_status":"caution"},"geometry":{"type":"LineString","coordinates":[[100.629061,13.775017],[100.628276,13.775457]]}},{"type":"Feature","properties":{"name":"ถนนลาดพร้าว | CCTV YELLOW","description":"SOURCE=BMA_CCTV_REPORT | REPORTED=2026-09-29 13:24 ICT | STATUS=YELLOW | ROAD=ถนนลาดพร้าว | OSM_WAY=157777997 | QC=PASS | SOURCE_URL=https://www.thaipbs.or.th/news/content/558830","styleUrl":"#line-FFD400-7000","layer":"L1 ROAD STATUS MAIN","risk_status":"caution"},"geometry":{"type":"LineString","coordinates":[[100.588904,13.797428],[100.588808,13.797481],[100.588159,13.797842]]}},{"type":"Feature","properties":{"name":"ถนนลาดพร้าว | CCTV YELLOW","description":"SOURCE=BMA_CCTV_REPORT | REPORTED=2026-09-29 13:24 ICT | STATUS=YELLOW | ROAD=ถนนลาดพร้าว | OSM_WAY=1156855447 | QC=PASS | SOURCE_URL=https://www.thaipbs.or.th/news/content/558830","styleUrl":"#line-FFD400-7000","layer":"L1 ROAD STATUS MAIN","risk_status":"caution"},"geometry":{"type":"LineString","coordinates":[[100.579771,13.802695],[100.580266,13.802422],[100.580404,13.802342]]}},{"type":"Feature","properties":{"name":"ถนนลาดพร้าว | CCTV YELLOW","description":"SOURCE=BMA_CCTV_REPORT | REPORTED=2026-09-29 13:24 ICT | STATUS=YELLOW | ROAD=ถนนลาดพร้าว | OSM_WAY=1131521469 | QC=PASS | SOURCE_URL=https://www.thaipbs.or.th/news/content/558830","styleUrl":"#line-FFD400-7000","layer":"L1 ROAD STATUS MAIN","risk_status":"caution"},"geometry":{"type":"LineString","coordinates":[[100.642384,13.767506],[100.64191,13.767765]]}},{"type":"Feature","properties":{"name":"ถนนลาดพร้าว | CCTV YELLOW","description":"SOURCE=BMA_CCTV_REPORT | REPORTED=2026-09-29 13:24 ICT | STATUS=YELLOW | ROAD=ถนนลาดพร้าว | OSM_WAY=157777999 | QC=PASS | SOURCE_URL=https://www.thaipbs.or.th/news/content/558830","styleUrl":"#line-FFD400-7000","layer":"L1 ROAD STATUS MAIN","risk_status":"caution"},"geometry":{"type":"LineString","coordinates":[[100.586816,13.79861],[100.58637,13.798862]]}},{"type":"Feature","properties":{"name":"ถนนลาดพร้าว | CCTV YELLOW","description":"SOURCE=BMA_CCTV_REPORT | REPORTED=2026-09-29 13:24 ICT | STATUS=YELLOW | ROAD=ถนนลาดพร้าว | OSM_WAY=157778005 | QC=PASS | SOURCE_URL=https://www.thaipbs.or.th/news/content/558830","styleUrl":"#line-FFD400-7000","layer":"L1 ROAD STATUS MAIN","risk_status":"caution"},"geometry":{"type":"LineString","coordinates":[[100.589296,13.797202],[100.588904,13.797428]]}},{"type":"Feature","properties":{"name":"ถนนลาดพร้าว | CCTV YELLOW","description":"SOURCE=BMA_CCTV_REPORT | REPORTED=2026-09-29 13:24 ICT | STATUS=YELLOW | ROAD=ถนนลาดพร้าว | OSM_WAY=135050694 | QC=PASS | SOURCE_URL=https://www.thaipbs.or.th/news/content/558830","styleUrl":"#line-FFD400-7000","layer":"L1 ROAD STATUS MAIN","risk_status":"caution"},"geometry":{"type":"LineString","coordinates":[[100.586528,13.798929],[100.586907,13.798711]]}},{"type":"Feature","properties":{"name":"ถนนลาดพร้าว | CCTV YELLOW","description":"SOURCE=BMA_CCTV_REPORT | REPORTED=2026-09-29 13:24 ICT | STATUS=YELLOW | ROAD=ถนนลาดพร้าว | OSM_WAY=1055365751 | QC=PASS | SOURCE_URL=https://www.thaipbs.or.th/news/content/558830","styleUrl":"#line-FFD400-7000","layer":"L1 ROAD STATUS MAIN","risk_status":"caution"},"geometry":{"type":"LineString","coordinates":[[100.575061,13.805321],[100.575331,13.805183],[100.575446,13.80512]]}},{"type":"Feature","properties":{"name":"ถนนลาดพร้าว | CCTV YELLOW","description":"SOURCE=BMA_CCTV_REPORT | REPORTED=2026-09-29 13:24 ICT | STATUS=YELLOW | ROAD=ถนนลาดพร้าว | OSM_WAY=1337151086 | QC=PASS | SOURCE_URL=https://www.thaipbs.or.th/news/content/558830","styleUrl":"#line-FFD400-7000","layer":"L1 ROAD STATUS MAIN","risk_status":"caution"},"geometry":{"type":"LineString","coordinates":[[100.611104,13.7852],[100.611467,13.784995]]}},{"type":"Feature","properties":{"name":"ถนนลาดพร้าว | CCTV YELLOW","description":"SOURCE=BMA_CCTV_REPORT | REPORTED=2026-09-29 13:24 ICT | STATUS=YELLOW | ROAD=ถนนลาดพร้าว | OSM_WAY=921562688 | QC=PASS | SOURCE_URL=https://www.thaipbs.or.th/news/content/558830","styleUrl":"#line-FFD400-7000","layer":"L1 ROAD STATUS MAIN","risk_status":"caution"},"geometry":{"type":"LineString","coordinates":[[100.588159,13.797842],[100.587814,13.798037]]}},{"type":"Feature","properties":{"name":"ถนนลาดพร้าว | CCTV YELLOW","description":"SOURCE=BMA_CCTV_REPORT | REPORTED=2026-09-29 13:24 ICT | STATUS=YELLOW | ROAD=ถนนลาดพร้าว | OSM_WAY=1156917463 | QC=PASS | SOURCE_URL=https://www.thaipbs.or.th/news/content/558830","styleUrl":"#line-FFD400-7000","layer":"L1 ROAD STATUS MAIN","risk_status":"caution"},"geometry":{"type":"LineString","coordinates":[[100.574549,13.805629],[100.574826,13.80546]]}},{"type":"Feature","properties":{"name":"ถนนลาดพร้าว | CCTV YELLOW","description":"SOURCE=BMA_CCTV_REPORT | REPORTED=2026-09-29 13:24 ICT | STATUS=YELLOW | ROAD=ถนนลาดพร้าว | OSM_WAY=1056828178 | QC=PASS | SOURCE_URL=https://www.thaipbs.or.th/news/content/558830","styleUrl":"#line-FFD400-7000","layer":"L1 ROAD STATUS MAIN","risk_status":"caution"},"geometry":{"type":"LineString","coordinates":[[100.575047,13.805171],[100.574816,13.80532]]}},{"type":"Feature","properties":{"name":"ถนนลาดพร้าว | CCTV YELLOW","description":"SOURCE=BMA_CCTV_REPORT | REPORTED=2026-09-29 13:24 ICT | STATUS=YELLOW | ROAD=ถนนลาดพร้าว | OSM_WAY=1056828157 | QC=PASS | SOURCE_URL=https://www.thaipbs.or.th/news/content/558830","styleUrl":"#line-FFD400-7000","layer":"L1 ROAD STATUS MAIN","risk_status":"caution"},"geometry":{"type":"LineString","coordinates":[[100.574826,13.80546],[100.575061,13.805321]]}},{"type":"Feature","properties":{"name":"ถนนลาดพร้าว | CCTV YELLOW","description":"SOURCE=BMA_CCTV_REPORT | REPORTED=2026-09-29 13:24 ICT | STATUS=YELLOW | ROAD=ถนนลาดพร้าว | OSM_WAY=936603677 | QC=PASS | SOURCE_URL=https://www.thaipbs.or.th/news/content/558830","styleUrl":"#line-FFD400-7000","layer":"L1 ROAD STATUS MAIN","risk_status":"caution"},"geometry":{"type":"LineString","coordinates":[[100.593508,13.795022],[100.593687,13.794921]]}},{"type":"Feature","properties":{"name":"ถนนลาดพร้าว | CCTV YELLOW","description":"SOURCE=BMA_CCTV_REPORT | REPORTED=2026-09-29 13:24 ICT | STATUS=YELLOW | ROAD=ถนนลาดพร้าว | OSM_WAY=868494483 | QC=PASS | SOURCE_URL=https://www.thaipbs.or.th/news/content/558830","styleUrl":"#line-FFD400-7000","layer":"L1 ROAD STATUS MAIN","risk_status":"caution"},"geometry":{"type":"LineString","coordinates":[[100.580807,13.801964],[100.580694,13.802028]]}},{"type":"Feature","properties":{"name":"ถนนลาดพร้าว | CCTV YELLOW","description":"SOURCE=BMA_CCTV_REPORT | REPORTED=2026-09-29 13:24 ICT | STATUS=YELLOW | ROAD=ถนนลาดพร้าว | OSM_WAY=837411086 | QC=PASS | SOURCE_URL=https://www.thaipbs.or.th/news/content/558830","styleUrl":"#line-FFD400-7000","layer":"L1 ROAD STATUS MAIN","risk_status":"caution"},"geometry":{"type":"LineString","coordinates":[[100.628139,13.775665],[100.628233,13.775612],[100.628248,13.775604]]}},{"type":"Feature","properties":{"name":"ถนนลาดพร้าว | CCTV YELLOW","description":"SOURCE=BMA_CCTV_REPORT | REPORTED=2026-09-29 13:24 ICT | STATUS=YELLOW | ROAD=ถนนลาดพร้าว | OSM_WAY=1365208209 | QC=PASS | SOURCE_URL=https://www.thaipbs.or.th/news/content/558830","styleUrl":"#line-FFD400-7000","layer":"L1 ROAD STATUS MAIN","risk_status":"caution"},"geometry":{"type":"LineString","coordinates":[[100.645395,13.766136],[100.645694,13.766155]]}},{"type":"Feature","properties":{"name":"ถนนลาดพร้าว | CCTV YELLOW","description":"SOURCE=BMA_CCTV_REPORT | REPORTED=2026-09-29 13:24 ICT | STATUS=YELLOW | ROAD=ถนนลาดพร้าว | OSM_WAY=1365208210 | QC=PASS | SOURCE_URL=https://www.thaipbs.or.th/news/content/558830","styleUrl":"#line-FFD400-7000","layer":"L1 ROAD STATUS MAIN","risk_status":"caution"},"geometry":{"type":"LineString","coordinates":[[100.645266,13.766151],[100.645395,13.766136]]}},{"type":"Feature","properties":{"name":"ถนนลาดพร้าว | CCTV YELLOW","description":"SOURCE=BMA_CCTV_REPORT | REPORTED=2026-09-29 13:24 ICT | STATUS=YELLOW | ROAD=ถนนลาดพร้าว | OSM_WAY=1378019950 | QC=PASS | SOURCE_URL=https://www.thaipbs.or.th/news/content/558830","styleUrl":"#line-FFD400-7000","layer":"L1 ROAD STATUS MAIN","risk_status":"caution"},"geometry":{"type":"LineString","coordinates":[[100.618152,13.781112],[100.618138,13.781119],[100.618108,13.781136]]}},{"type":"Feature","properties":{"name":"ถนนลาดพร้าว | CCTV YELLOW","description":"SOURCE=BMA_CCTV_REPORT | REPORTED=2026-09-29 13:24 ICT | STATUS=YELLOW | ROAD=ถนนลาดพร้าว | OSM_WAY=300803451 | QC=PASS | SOURCE_URL=https://www.thaipbs.or.th/news/content/558830","styleUrl":"#line-FFD400-7000","layer":"L1 ROAD STATUS MAIN","risk_status":"caution"},"geometry":{"type":"LineString","coordinates":[[100.645412,13.765969],[100.64527,13.765975]]}},{"type":"Feature","properties":{"name":"ถนนงามวงศ์วาน | CCTV YELLOW","description":"SOURCE=BMA_CCTV_REPORT | REPORTED=2026-09-29 13:24 ICT | STATUS=YELLOW | ROAD=ถนนงามวงศ์วาน | OSM_WAY=156672780 | QC=PASS | SOURCE_URL=https://www.thaipbs.or.th/news/content/558830","styleUrl":"#line-FFD400-7000","layer":"L1 ROAD STATUS MAIN","risk_status":"caution"},"geometry":{"type":"LineString","coordinates":[[100.571971,13.841629],[100.57146,13.84191],[100.569939,13.842764],[100.568864,13.843362],[100.567611,13.844079],[100.567319,13.84424],[100.567055,13.84439],[100.565509,13.845256],[100.564872,13.845608]]}},{"type":"Feature","properties":{"name":"ถนนงามวงศ์วาน | CCTV YELLOW","description":"SOURCE=BMA_CCTV_REPORT | REPORTED=2026-09-29 13:24 ICT | STATUS=YELLOW | ROAD=ถนนงามวงศ์วาน | OSM_WAY=156672766 | QC=PASS | SOURCE_URL=https://www.thaipbs.or.th/news/content/558830","styleUrl":"#line-FFD400-7000","layer":"L1 ROAD STATUS MAIN","risk_status":"caution"},"geometry":{"type":"LineString","coordinates":[[100.564929,13.8457],[100.565944,13.845139],[100.566031,13.84509],[100.568059,13.843968],[100.568144,13.843922],[100.571351,13.842147],[100.571456,13.842089],[100.572056,13.841757]]}},{"type":"Feature","properties":{"name":"ถนนงามวงศ์วาน | CCTV YELLOW","description":"SOURCE=BMA_CCTV_REPORT | REPORTED=2026-09-29 13:24 ICT | STATUS=YELLOW | ROAD=ถนนงามวงศ์วาน | OSM_WAY=621104166 | QC=PASS | SOURCE_URL=https://www.thaipbs.or.th/news/content/558830","styleUrl":"#line-FFD400-7000","layer":"L1 ROAD STATUS MAIN","risk_status":"caution"},"geometry":{"type":"LineString","coordinates":[[100.545474,13.856272],[100.545505,13.856267],[100.54576,13.856229],[100.545958,13.85619],[100.546259,13.856099],[100.546423,13.856037],[100.546604,13.85596],[100.546782,13.855874],[100.547366,13.855552],[100.548233,13.855066],[100.548562,13.854878],[100.548744,13.854776],[100.5489,13.854638],[100.549082,13.854534],[100.549536,13.85428],[100.549804,13.854131],[100.550068,13.853982],[100.550144,13.85394],[100.551087,13.85341],[100.551434,13.853214],[100.551934,13.852932],[100.551958,13.852919],[100.552406,13.852671]]}},{"type":"Feature","properties":{"name":"ถนนงามวงศ์วาน | CCTV YELLOW","description":"SOURCE=BMA_CCTV_REPORT | REPORTED=2026-09-29 13:24 ICT | STATUS=YELLOW | ROAD=ถนนงามวงศ์วาน | OSM_WAY=175282264 | QC=PASS | SOURCE_URL=https://www.thaipbs.or.th/news/content/558830","styleUrl":"#line-FFD400-7000","layer":"L1 ROAD STATUS MAIN","risk_status":"caution"},"geometry":{"type":"LineString","coordinates":[[100.558196,13.849261],[100.557597,13.849587],[100.55757,13.849601],[100.55587,13.850557],[100.555069,13.851001],[100.554757,13.851176],[100.55471,13.851201],[100.552633,13.852347]]}},{"type":"Feature","properties":{"name":"ถนนงามวงศ์วาน | CCTV YELLOW","description":"SOURCE=BMA_CCTV_REPORT | REPORTED=2026-09-29 13:24 ICT | STATUS=YELLOW | ROAD=ถนนงามวงศ์วาน | OSM_WAY=32089854 | QC=PASS | SOURCE_URL=https://www.thaipbs.or.th/news/content/558830","styleUrl":"#line-FFD400-7000","layer":"L1 ROAD STATUS MAIN","risk_status":"caution"},"geometry":{"type":"LineString","coordinates":[[100.558671,13.849138],[100.564205,13.846104]]}},{"type":"Feature","properties":{"name":"ถนนงามวงศ์วาน | CCTV YELLOW","description":"SOURCE=BMA_CCTV_REPORT | REPORTED=2026-09-29 13:24 ICT | STATUS=YELLOW | ROAD=ถนนงามวงศ์วาน | OSM_WAY=32089864 | QC=PASS | SOURCE_URL=https://www.thaipbs.or.th/news/content/558830","styleUrl":"#line-FFD400-7000","layer":"L1 ROAD STATUS MAIN","risk_status":"caution"},"geometry":{"type":"LineString","coordinates":[[100.564172,13.846046],[100.561019,13.847766],[100.558631,13.849069]]}},{"type":"Feature","properties":{"name":"ถนนงามวงศ์วาน | CCTV YELLOW","description":"SOURCE=BMA_CCTV_REPORT | REPORTED=2026-09-29 13:24 ICT | STATUS=YELLOW | ROAD=ถนนงามวงศ์วาน | OSM_WAY=621362027 | QC=PASS | SOURCE_URL=https://www.thaipbs.or.th/news/content/558830","styleUrl":"#line-FFD400-7000","layer":"L1 ROAD STATUS MAIN","risk_status":"caution"},"geometry":{"type":"LineString","coordinates":[[100.552805,13.852446],[100.553982,13.85179],[100.554717,13.851384],[100.555149,13.851142],[100.555351,13.85103],[100.555946,13.850686],[100.556366,13.850456],[100.556677,13.850281],[100.557863,13.849616],[100.558099,13.849484],[100.558142,13.849461]]}},{"type":"Feature","properties":{"name":"ถนนงามวงศ์วาน | CCTV YELLOW","description":"SOURCE=BMA_CCTV_REPORT | REPORTED=2026-09-29 13:24 ICT | STATUS=YELLOW | ROAD=ถนนงามวงศ์วาน | OSM_WAY=621362030 | QC=PASS | SOURCE_URL=https://www.thaipbs.or.th/news/content/558830","styleUrl":"#line-FFD400-7000","layer":"L1 ROAD STATUS MAIN","risk_status":"caution"},"geometry":{"type":"LineString","coordinates":[[100.552242,13.852573],[100.551551,13.852953],[100.550671,13.853448],[100.55029,13.853662],[100.549815,13.853932],[100.54956,13.854069],[100.549313,13.8542],[100.548994,13.85437],[100.548814,13.854469]]}},{"type":"Feature","properties":{"name":"ถนนงามวงศ์วาน | CCTV YELLOW","description":"SOURCE=BMA_CCTV_REPORT | REPORTED=2026-09-29 13:24 ICT | STATUS=YELLOW | ROAD=ถนนงามวงศ์วาน | OSM_WAY=621104165 | QC=PASS | SOURCE_URL=https://www.thaipbs.or.th/news/content/558830","styleUrl":"#line-FFD400-7000","layer":"L1 ROAD STATUS MAIN","risk_status":"caution"},"geometry":{"type":"LineString","coordinates":[[100.548814,13.854469],[100.548509,13.854631],[100.54844,13.854671],[100.547951,13.854933],[100.546815,13.855563],[100.54669,13.855634],[100.546447,13.855755],[100.546219,13.855856],[100.545999,13.855925],[100.545834,13.855969],[100.54567,13.856004],[100.545521,13.856027],[100.545468,13.856034]]}},{"type":"Feature","properties":{"name":"ถนนงามวงศ์วาน | CCTV YELLOW","description":"SOURCE=BMA_CCTV_REPORT | REPORTED=2026-09-29 13:24 ICT | STATUS=YELLOW | ROAD=ถนนงามวงศ์วาน | OSM_WAY=589645840 | QC=PASS | SOURCE_URL=https://www.thaipbs.or.th/news/content/558830","styleUrl":"#line-FFD400-7000","layer":"L1 ROAD STATUS MAIN","risk_status":"caution"},"geometry":{"type":"LineString","coordinates":[[100.575177,13.839782],[100.5749,13.839939],[100.573869,13.840515],[100.573504,13.84072],[100.573139,13.840924],[100.572755,13.841138],[100.57236,13.841358],[100.572281,13.841402]]}},{"type":"Feature","properties":{"name":"ถนนงามวงศ์วาน | CCTV YELLOW","description":"SOURCE=BMA_CCTV_REPORT | REPORTED=2026-09-29 13:24 ICT | STATUS=YELLOW | ROAD=ถนนงามวงศ์วาน | OSM_WAY=97538558 | QC=PASS | SOURCE_URL=https://www.thaipbs.or.th/news/content/558830","styleUrl":"#line-FFD400-7000","layer":"L1 ROAD STATUS MAIN","risk_status":"caution"},"geometry":{"type":"LineString","coordinates":[[100.575206,13.839876],[100.57265,13.841297]]}},{"type":"Feature","properties":{"name":"ถนนงามวงศ์วาน | CCTV YELLOW","description":"SOURCE=BMA_CCTV_REPORT | REPORTED=2026-09-29 13:24 ICT | STATUS=YELLOW | ROAD=ถนนงามวงศ์วาน | OSM_WAY=589666302 | QC=PASS | SOURCE_URL=https://www.thaipbs.or.th/news/content/558830","styleUrl":"#line-FFD400-7000","layer":"L1 ROAD STATUS MAIN","risk_status":"caution"},"geometry":{"type":"LineString","coordinates":[[100.572688,13.841358],[100.57524,13.839935]]}},{"type":"Feature","properties":{"name":"ถนนงามวงศ์วาน | CCTV YELLOW","description":"SOURCE=BMA_CCTV_REPORT | REPORTED=2026-09-29 13:24 ICT | STATUS=YELLOW | ROAD=ถนนงามวงศ์วาน | OSM_WAY=589666301 | QC=PASS | SOURCE_URL=https://www.thaipbs.or.th/news/content/558830","styleUrl":"#line-FFD400-7000","layer":"L1 ROAD STATUS MAIN","risk_status":"caution"},"geometry":{"type":"LineString","coordinates":[[100.572734,13.841432],[100.574225,13.840602]]}},{"type":"Feature","properties":{"name":"ถนนงามวงศ์วาน | CCTV YELLOW","description":"SOURCE=BMA_CCTV_REPORT | REPORTED=2026-09-29 13:24 ICT | STATUS=YELLOW | ROAD=ถนนงามวงศ์วาน | OSM_WAY=156672785 | QC=PASS | SOURCE_URL=https://www.thaipbs.or.th/news/content/558830","styleUrl":"#line-FFD400-7000","layer":"L1 ROAD STATUS MAIN","risk_status":"caution"},"geometry":{"type":"LineString","coordinates":[[100.576012,13.839781],[100.576586,13.839922],[100.577163,13.840068],[100.577953,13.840236],[100.578054,13.840255]]}},{"type":"Feature","properties":{"name":"ถนนงามวงศ์วาน | CCTV YELLOW","description":"SOURCE=BMA_CCTV_REPORT | REPORTED=2026-09-29 13:24 ICT | STATUS=YELLOW | ROAD=ถนนงามวงศ์วาน | OSM_WAY=97538561 | QC=PASS | SOURCE_URL=https://www.thaipbs.or.th/news/content/558830","styleUrl":"#line-FFD400-7000","layer":"L1 ROAD STATUS MAIN","risk_status":"caution"},"geometry":{"type":"LineString","coordinates":[[100.578065,13.840188],[100.577956,13.840167],[100.577244,13.840018],[100.576621,13.839864],[100.57602,13.83972]]}},{"type":"Feature","properties":{"name":"ถนนงามวงศ์วาน | CCTV YELLOW","description":"SOURCE=BMA_CCTV_REPORT | REPORTED=2026-09-29 13:24 ICT | STATUS=YELLOW | ROAD=ถนนงามวงศ์วาน | OSM_WAY=32089863 | QC=PASS | SOURCE_URL=https://www.thaipbs.or.th/news/content/558830","styleUrl":"#line-FFD400-7000","layer":"L1 ROAD STATUS MAIN","risk_status":"caution"},"geometry":{"type":"LineString","coordinates":[[100.564872,13.845608],[100.564406,13.84591],[100.564172,13.846046]]}},{"type":"Feature","properties":{"name":"ถนนงามวงศ์วาน | CCTV YELLOW","description":"SOURCE=BMA_CCTV_REPORT | REPORTED=2026-09-29 13:24 ICT | STATUS=YELLOW | ROAD=ถนนงามวงศ์วาน | OSM_WAY=32089857 | QC=PASS | SOURCE_URL=https://www.thaipbs.or.th/news/content/558830","styleUrl":"#line-FFD400-7000","layer":"L1 ROAD STATUS MAIN","risk_status":"caution"},"geometry":{"type":"LineString","coordinates":[[100.564205,13.846104],[100.564929,13.8457]]}},{"type":"Feature","properties":{"name":"ถนนงามวงศ์วาน | CCTV YELLOW","description":"SOURCE=BMA_CCTV_REPORT | REPORTED=2026-09-29 13:24 ICT | STATUS=YELLOW | ROAD=ถนนงามวงศ์วาน | OSM_WAY=32087514 | QC=PASS | SOURCE_URL=https://www.thaipbs.or.th/news/content/558830","styleUrl":"#line-FFD400-7000","layer":"L1 ROAD STATUS MAIN","risk_status":"caution"},"geometry":{"type":"LineString","coordinates":[[100.572056,13.841757],[100.572421,13.841506],[100.572604,13.841404],[100.572688,13.841358]]}},{"type":"Feature","properties":{"name":"ถนนงามวงศ์วาน | CCTV YELLOW","description":"SOURCE=BMA_CCTV_REPORT | REPORTED=2026-09-29 13:24 ICT | STATUS=YELLOW | ROAD=ถนนงามวงศ์วาน | OSM_WAY=138435073 | QC=PASS | SOURCE_URL=https://www.thaipbs.or.th/news/content/558830","styleUrl":"#line-FFD400-7000","layer":"L1 ROAD STATUS MAIN","risk_status":"caution"},"geometry":{"type":"LineString","coordinates":[[100.548814,13.854469],[100.548569,13.854687],[100.548227,13.854883]]}},{"type":"Feature","properties":{"name":"ถนนงามวงศ์วาน | CCTV YELLOW","description":"SOURCE=BMA_CCTV_REPORT | REPORTED=2026-09-29 13:24 ICT | STATUS=YELLOW | ROAD=ถนนงามวงศ์วาน | OSM_WAY=589666304 | QC=PASS | SOURCE_URL=https://www.thaipbs.or.th/news/content/558830","styleUrl":"#line-FFD400-7000","layer":"L1 ROAD STATUS MAIN","risk_status":"caution"},"geometry":{"type":"LineString","coordinates":[[100.57265,13.841297],[100.572336,13.841457],[100.571971,13.841629]]}},{"type":"Feature","properties":{"name":"ถนนงามวงศ์วาน | CCTV YELLOW","description":"SOURCE=BMA_CCTV_REPORT | REPORTED=2026-09-29 13:24 ICT | STATUS=YELLOW | ROAD=ถนนงามวงศ์วาน | OSM_WAY=156672782 | QC=PASS | SOURCE_URL=https://www.thaipbs.or.th/news/content/558830","styleUrl":"#line-FFD400-7000","layer":"L1 ROAD STATUS MAIN","risk_status":"caution"},"geometry":{"type":"LineString","coordinates":[[100.572056,13.841757],[100.572734,13.841432]]}},{"type":"Feature","properties":{"name":"ถนนงามวงศ์วาน | CCTV YELLOW","description":"SOURCE=BMA_CCTV_REPORT | REPORTED=2026-09-29 13:24 ICT | STATUS=YELLOW | ROAD=ถนนงามวงศ์วาน | OSM_WAY=146580670 | QC=PASS | SOURCE_URL=https://www.thaipbs.or.th/news/content/558830","styleUrl":"#line-FFD400-7000","layer":"L1 ROAD STATUS MAIN","risk_status":"caution"},"geometry":{"type":"LineString","coordinates":[[100.548273,13.854939],[100.548587,13.854764],[100.5489,13.854638]]}},{"type":"Feature","properties":{"name":"ถนนงามวงศ์วาน | CCTV YELLOW","description":"SOURCE=BMA_CCTV_REPORT | REPORTED=2026-09-29 13:24 ICT | STATUS=YELLOW | ROAD=ถนนงามวงศ์วาน | OSM_WAY=156672794 | QC=PASS | SOURCE_URL=https://www.thaipbs.or.th/news/content/558830","styleUrl":"#line-FFD400-7000","layer":"L1 ROAD STATUS MAIN","risk_status":"caution"},"geometry":{"type":"LineString","coordinates":[[100.57602,13.83972],[100.575818,13.83967],[100.575717,13.839656],[100.57565,13.839658],[100.575563,13.839669],[100.575206,13.839876]]}},{"type":"Feature","properties":{"name":"ถนนงามวงศ์วาน | CCTV YELLOW","description":"SOURCE=BMA_CCTV_REPORT | REPORTED=2026-09-29 13:24 ICT | STATUS=YELLOW | ROAD=ถนนงามวงศ์วาน | OSM_WAY=32089853 | QC=PASS | SOURCE_URL=https://www.thaipbs.or.th/news/content/558830","styleUrl":"#line-FFD400-7000","layer":"L1 ROAD STATUS MAIN","risk_status":"caution"},"geometry":{"type":"LineString","coordinates":[[100.558142,13.849461],[100.558671,13.849138]]}},{"type":"Feature","properties":{"name":"ถนนงามวงศ์วาน | CCTV YELLOW","description":"SOURCE=BMA_CCTV_REPORT | REPORTED=2026-09-29 13:24 ICT | STATUS=YELLOW | ROAD=ถนนงามวงศ์วาน | OSM_WAY=32087539 | QC=PASS | SOURCE_URL=https://www.thaipbs.or.th/news/content/558830","styleUrl":"#line-FFD400-7000","layer":"L1 ROAD STATUS MAIN","risk_status":"caution"},"geometry":{"type":"LineString","coordinates":[[100.57524,13.839935],[100.57559,13.839739],[100.57566,13.839727],[100.575716,13.839724],[100.575814,13.839736],[100.576012,13.839781]]}},{"type":"Feature","properties":{"name":"ถนนงามวงศ์วาน | CCTV YELLOW","description":"SOURCE=BMA_CCTV_REPORT | REPORTED=2026-09-29 13:24 ICT | STATUS=YELLOW | ROAD=ถนนงามวงศ์วาน | OSM_WAY=1193519361 | QC=PASS | SOURCE_URL=https://www.thaipbs.or.th/news/content/558830","styleUrl":"#line-FFD400-7000","layer":"L1 ROAD STATUS MAIN","risk_status":"caution"},"geometry":{"type":"LineString","coordinates":[[100.574225,13.840602],[100.57468,13.840349]]}},{"type":"Feature","properties":{"name":"ถนนงามวงศ์วาน | CCTV YELLOW","description":"SOURCE=BMA_CCTV_REPORT | REPORTED=2026-09-29 13:24 ICT | STATUS=YELLOW | ROAD=ถนนงามวงศ์วาน | OSM_WAY=621362029 | QC=PASS | SOURCE_URL=https://www.thaipbs.or.th/news/content/558830","styleUrl":"#line-FFD400-7000","layer":"L1 ROAD STATUS MAIN","risk_status":"caution"},"geometry":{"type":"LineString","coordinates":[[100.552406,13.852671],[100.552805,13.852446]]}},{"type":"Feature","properties":{"name":"ถนนงามวงศ์วาน | CCTV YELLOW","description":"SOURCE=BMA_CCTV_REPORT | REPORTED=2026-09-29 13:24 ICT | STATUS=YELLOW | ROAD=ถนนงามวงศ์วาน | OSM_WAY=621362031 | QC=PASS | SOURCE_URL=https://www.thaipbs.or.th/news/content/558830","styleUrl":"#line-FFD400-7000","layer":"L1 ROAD STATUS MAIN","risk_status":"caution"},"geometry":{"type":"LineString","coordinates":[[100.552633,13.852347],[100.552242,13.852573]]}},{"type":"Feature","properties":{"name":"ถนนงามวงศ์วาน | CCTV YELLOW","description":"SOURCE=BMA_CCTV_REPORT | REPORTED=2026-09-29 13:24 ICT | STATUS=YELLOW | ROAD=ถนนงามวงศ์วาน | OSM_WAY=32089865 | QC=PASS | SOURCE_URL=https://www.thaipbs.or.th/news/content/558830","styleUrl":"#line-FFD400-7000","layer":"L1 ROAD STATUS MAIN","risk_status":"caution"},"geometry":{"type":"LineString","coordinates":[[100.558631,13.849069],[100.558196,13.849261]]}},{"type":"Feature","properties":{"name":"ถนนงามวงศ์วาน | CCTV YELLOW","description":"SOURCE=BMA_CCTV_REPORT | REPORTED=2026-09-29 13:24 ICT | STATUS=YELLOW | ROAD=ถนนงามวงศ์วาน | OSM_WAY=1193518532 | QC=PASS | SOURCE_URL=https://www.thaipbs.or.th/news/content/558830","styleUrl":"#line-FFD400-7000","layer":"L1 ROAD STATUS MAIN","risk_status":"caution"},"geometry":{"type":"LineString","coordinates":[[100.57468,13.840349],[100.575037,13.84015]]}},{"type":"Feature","properties":{"name":"ถนนงามวงศ์วาน | CCTV YELLOW","description":"SOURCE=BMA_CCTV_REPORT | REPORTED=2026-09-29 13:24 ICT | STATUS=YELLOW | ROAD=ถนนงามวงศ์วาน | OSM_WAY=589666305 | QC=PASS | SOURCE_URL=https://www.thaipbs.or.th/news/content/558830","styleUrl":"#line-FFD400-7000","layer":"L1 ROAD STATUS MAIN","risk_status":"caution"},"geometry":{"type":"LineString","coordinates":[[100.572281,13.841402],[100.572016,13.841586],[100.571971,13.841629]]}},{"type":"Feature","properties":{"name":"ถนนงามวงศ์วาน | CCTV YELLOW","description":"SOURCE=BMA_CCTV_REPORT | REPORTED=2026-09-29 13:24 ICT | STATUS=YELLOW | ROAD=ถนนงามวงศ์วาน | OSM_WAY=98438567 | QC=PASS | SOURCE_URL=https://www.thaipbs.or.th/news/content/558830","styleUrl":"#line-FFD400-7000","layer":"L1 ROAD STATUS MAIN","risk_status":"caution"},"geometry":{"type":"LineString","coordinates":[[100.575454,13.839622],[100.575177,13.839782]]}},{"type":"Feature","properties":{"name":"ถนนงามวงศ์วาน | CCTV YELLOW","description":"SOURCE=BMA_CCTV_REPORT | REPORTED=2026-09-29 13:24 ICT | STATUS=YELLOW | ROAD=ถนนงามวงศ์วาน | OSM_WAY=1193518531 | QC=PASS | SOURCE_URL=https://www.thaipbs.or.th/news/content/558830","styleUrl":"#line-FFD400-7000","layer":"L1 ROAD STATUS MAIN","risk_status":"caution"},"geometry":{"type":"LineString","coordinates":[[100.575037,13.84015],[100.575299,13.839995]]}},{"type":"Feature","properties":{"name":"ถนนงามวงศ์วาน | CCTV YELLOW","description":"SOURCE=BMA_CCTV_REPORT | REPORTED=2026-09-29 13:24 ICT | STATUS=YELLOW | ROAD=ถนนงามวงศ์วาน | OSM_WAY=300803458 | QC=PASS | SOURCE_URL=https://www.thaipbs.or.th/news/content/558830","styleUrl":"#line-FFD400-7000","layer":"L1 ROAD STATUS MAIN","risk_status":"caution"},"geometry":{"type":"LineString","coordinates":[[100.575428,13.839934],[100.575481,13.83993],[100.575533,13.839937],[100.575575,13.839948],[100.575611,13.839972],[100.575657,13.840007]]}},{"type":"Feature","properties":{"name":"ถนนงามวงศ์วาน | CCTV YELLOW","description":"SOURCE=BMA_CCTV_REPORT | REPORTED=2026-09-29 13:24 ICT | STATUS=YELLOW | ROAD=ถนนงามวงศ์วาน | OSM_WAY=621104164 | QC=PASS | SOURCE_URL=https://www.thaipbs.or.th/news/content/558830","styleUrl":"#line-FFD400-7000","layer":"L1 ROAD STATUS MAIN","risk_status":"caution"},"geometry":{"type":"LineString","coordinates":[[100.545468,13.856034],[100.545185,13.856074]]}},{"type":"Feature","properties":{"name":"ถนนงามวงศ์วาน | CCTV YELLOW","description":"SOURCE=BMA_CCTV_REPORT | REPORTED=2026-09-29 13:24 ICT | STATUS=YELLOW | ROAD=ถนนงามวงศ์วาน | OSM_WAY=621104167 | QC=PASS | SOURCE_URL=https://www.thaipbs.or.th/news/content/558830","styleUrl":"#line-FFD400-7000","layer":"L1 ROAD STATUS MAIN","risk_status":"caution"},"geometry":{"type":"LineString","coordinates":[[100.545237,13.856305],[100.545474,13.856272]]}},{"type":"Feature","properties":{"name":"ถนนงามวงศ์วาน | CCTV YELLOW","description":"SOURCE=BMA_CCTV_REPORT | REPORTED=2026-09-29 13:24 ICT | STATUS=YELLOW | ROAD=ถนนงามวงศ์วาน | OSM_WAY=589645839 | QC=PASS | SOURCE_URL=https://www.thaipbs.or.th/news/content/558830","styleUrl":"#line-FFD400-7000","layer":"L1 ROAD STATUS MAIN","risk_status":"caution"},"geometry":{"type":"LineString","coordinates":[[100.575299,13.839995],[100.575428,13.839934]]}},{"type":"Feature","properties":{"name":"ถนนงามวงศ์วาน | CCTV YELLOW","description":"SOURCE=BMA_CCTV_REPORT | REPORTED=2026-09-29 13:24 ICT | STATUS=YELLOW | ROAD=ถนนงามวงศ์วาน | OSM_WAY=138435084 | QC=PASS | SOURCE_URL=https://www.thaipbs.or.th/news/content/558830","styleUrl":"#line-FFD400-7000","layer":"L1 ROAD STATUS MAIN","risk_status":"caution"},"geometry":{"type":"LineString","coordinates":[[100.541582,13.856674],[100.544906,13.856274],[100.545695,13.856161],[100.545998,13.856088],[100.546299,13.856004],[100.546565,13.855893],[100.54681,13.855767],[100.548273,13.854939]]}},{"type":"Feature","properties":{"name":"ถนนงามวงศ์วาน | CCTV YELLOW","description":"SOURCE=BMA_CCTV_REPORT | REPORTED=2026-09-29 13:24 ICT | STATUS=YELLOW | ROAD=ถนนงามวงศ์วาน | OSM_WAY=28519369 | QC=PASS | SOURCE_URL=https://www.thaipbs.or.th/news/content/558830","styleUrl":"#line-FFD400-7000","layer":"L1 ROAD STATUS MAIN","risk_status":"caution"},"geometry":{"type":"LineString","coordinates":[[100.548227,13.854883],[100.546778,13.855692],[100.546516,13.855815],[100.546252,13.855918],[100.545976,13.856008],[100.545695,13.856073],[100.544898,13.856191],[100.544522,13.85624],[100.54327,13.856386],[100.54157,13.856594]]}},{"type":"Feature","properties":{"name":"ถนนพหลโยธิน | CCTV YELLOW","description":"SOURCE=BMA_CCTV_REPORT | REPORTED=2026-09-29 13:24 ICT | STATUS=YELLOW | ROAD=ถนนพหลโยธิน | OSM_WAY=177437030 | QC=PASS | SOURCE_URL=https://www.thaipbs.or.th/news/content/558830","styleUrl":"#line-FFD400-7000","layer":"L1 ROAD STATUS MAIN","risk_status":"caution"},"geometry":{"type":"LineString","coordinates":[[100.586736,13.858781],[100.587273,13.859707],[100.587664,13.86038],[100.587959,13.860882],[100.58827,13.861395],[100.588427,13.86166],[100.588729,13.862165],[100.588802,13.862291],[100.589027,13.86268],[100.589163,13.862907],[100.589416,13.86334],[100.589883,13.864148],[100.590166,13.864624],[100.590339,13.864912],[100.59045,13.865106],[100.590645,13.865439],[100.590868,13.865821],[100.591122,13.866243],[100.591314,13.86657],[100.591396,13.86672],[100.591704,13.86724],[100.592302,13.868245]]}},{"type":"Feature","properties":{"name":"ถนนพหลโยธิน | CCTV YELLOW","description":"SOURCE=BMA_CCTV_REPORT | REPORTED=2026-09-29 13:24 ICT | STATUS=YELLOW | ROAD=ถนนพหลโยธิน | OSM_WAY=156672783 | QC=PASS | SOURCE_URL=https://www.thaipbs.or.th/news/content/558830","styleUrl":"#line-FFD400-7000","layer":"L1 ROAD STATUS MAIN","risk_status":"caution"},"geometry":{"type":"LineString","coordinates":[[100.581255,13.849156],[100.581222,13.849097],[100.580158,13.847317],[100.579966,13.846994],[100.579899,13.84688],[100.579688,13.846522],[100.579204,13.845706],[100.57887,13.845132],[100.578502,13.844519],[100.577845,13.84341],[100.577306,13.842486],[100.576854,13.84175]]}},{"type":"Feature","properties":{"name":"ถนนพหลโยธิน | CCTV YELLOW","description":"SOURCE=BMA_CCTV_REPORT | REPORTED=2026-09-29 13:24 ICT | STATUS=YELLOW | ROAD=ถนนพหลโยธิน | OSM_WAY=300803461 | QC=PASS | SOURCE_URL=https://www.thaipbs.or.th/news/content/558830","styleUrl":"#line-FFD400-7000","layer":"L1 ROAD STATUS MAIN","risk_status":"caution"},"geometry":{"type":"LineString","coordinates":[[100.575509,13.839413],[100.5755,13.839395],[100.575375,13.839173],[100.575076,13.838669],[100.574816,13.838232],[100.574494,13.837684],[100.574262,13.837335],[100.574088,13.837039],[100.573974,13.836844],[100.573708,13.836387],[100.573445,13.835964],[100.573405,13.83587],[100.573382,13.835819],[100.573355,13.835768],[100.573289,13.835653],[100.573176,13.835462],[100.572898,13.834996],[100.572637,13.834554],[100.5725,13.834318],[100.572354,13.834067]]}},{"type":"Feature","properties":{"name":"ถนนพหลโยธิน | CCTV YELLOW","description":"SOURCE=BMA_CCTV_REPORT | REPORTED=2026-09-29 13:24 ICT | STATUS=YELLOW | ROAD=ถนนพหลโยธิน | OSM_WAY=1192252290 | QC=PASS | SOURCE_URL=https://www.thaipbs.or.th/news/content/558830","styleUrl":"#line-FFD400-7000","layer":"L1 ROAD STATUS MAIN","risk_status":"caution"},"geometry":{"type":"LineString","coordinates":[[100.577748,13.843494],[100.577892,13.843739],[100.578254,13.844352],[100.578675,13.845068],[100.578972,13.845571],[100.579435,13.846358],[100.579779,13.846941],[100.579844,13.847051],[100.580001,13.847318],[100.580131,13.847538],[100.580365,13.847936],[100.580827,13.848735],[100.580879,13.848824]]}},{"type":"Feature","properties":{"name":"ถนนพหลโยธิน | CCTV YELLOW","description":"SOURCE=BMA_CCTV_REPORT | REPORTED=2026-09-29 13:24 ICT | STATUS=YELLOW | ROAD=ถนนพหลโยธิน | OSM_WAY=1192252979 | QC=PASS | SOURCE_URL=https://www.thaipbs.or.th/news/content/558830","styleUrl":"#line-FFD400-7000","layer":"L1 ROAD STATUS MAIN","risk_status":"caution"},"geometry":{"type":"LineString","coordinates":[[100.58645,13.858021],[100.585833,13.856975],[100.585779,13.856884],[100.585472,13.856367],[100.584339,13.854447],[100.583968,13.853831],[100.58344,13.852914]]}},{"type":"Feature","properties":{"name":"ถนนพหลโยธิน | CCTV YELLOW","description":"SOURCE=BMA_CCTV_REPORT | REPORTED=2026-09-29 13:24 ICT | STATUS=YELLOW | ROAD=ถนนพหลโยธิน | OSM_WAY=589741710 | QC=PASS | SOURCE_URL=https://www.thaipbs.or.th/news/content/558830","styleUrl":"#line-FFD400-7000","layer":"L1 ROAD STATUS MAIN","risk_status":"caution"},"geometry":{"type":"LineString","coordinates":[[100.581118,13.849229],[100.581267,13.849484],[100.581625,13.850096],[100.581918,13.850596],[100.582228,13.851125],[100.582344,13.851323],[100.582828,13.85217],[100.58312,13.852654],[100.583228,13.852837],[100.583448,13.853201],[100.583552,13.853376],[100.583826,13.853841],[100.584007,13.854148]]}},{"type":"Feature","properties":{"name":"ถนนพหลโยธิน | CCTV YELLOW","description":"SOURCE=BMA_CCTV_REPORT | REPORTED=2026-09-29 13:24 ICT | STATUS=YELLOW | ROAD=ถนนพหลโยธิน | OSM_WAY=178872774 | QC=PASS | SOURCE_URL=https://www.thaipbs.or.th/news/content/558830","styleUrl":"#line-FFD400-7000","layer":"L1 ROAD STATUS MAIN","risk_status":"caution"},"geometry":{"type":"LineString","coordinates":[[100.568174,13.826892],[100.568008,13.826608],[100.567977,13.826556],[100.567311,13.825443],[100.567154,13.825181],[100.566946,13.824832],[100.566905,13.82476],[100.566848,13.824646],[100.566697,13.824384],[100.566416,13.823912],[100.5661,13.823392],[100.565804,13.822913]]}},{"type":"Feature","properties":{"name":"ถนนพหลโยธิน | CCTV YELLOW","description":"SOURCE=BMA_CCTV_REPORT | REPORTED=2026-09-29 13:24 ICT | STATUS=YELLOW | ROAD=ถนนพหลโยธิน | OSM_WAY=668245067 | QC=PASS | SOURCE_URL=https://www.thaipbs.or.th/news/content/558830","styleUrl":"#line-FFD400-7000","layer":"L1 ROAD STATUS MAIN","risk_status":"caution"},"geometry":{"type":"LineString","coordinates":[[100.570634,13.831169],[100.570177,13.83037],[100.569904,13.829907],[100.56957,13.829325],[100.569427,13.829061],[100.569367,13.828951],[100.569294,13.828794],[100.568871,13.828072],[100.568603,13.827618],[100.568574,13.827572],[100.568324,13.827156]]}},{"type":"Feature","properties":{"name":"ถนนพหลโยธิน | CCTV YELLOW","description":"SOURCE=BMA_CCTV_REPORT | REPORTED=2026-09-29 13:24 ICT | STATUS=YELLOW | ROAD=ถนนพหลโยธิน | OSM_WAY=1046528209 | QC=PASS | SOURCE_URL=https://www.thaipbs.or.th/news/content/558830","styleUrl":"#line-FFD400-7000","layer":"L1 ROAD STATUS MAIN","risk_status":"caution"},"geometry":{"type":"LineString","coordinates":[[100.565754,13.823072],[100.566446,13.824268],[100.5666,13.824518],[100.566745,13.82478],[100.566794,13.824868],[100.566896,13.82504],[100.566981,13.82518],[100.566992,13.825195],[100.567316,13.82574],[100.567562,13.826183],[100.567779,13.82655],[100.567796,13.82658],[100.567833,13.826642]]}},{"type":"Feature","properties":{"name":"ถนนพหลโยธิน | CCTV YELLOW","description":"SOURCE=BMA_CCTV_REPORT | REPORTED=2026-09-29 13:24 ICT | STATUS=YELLOW | ROAD=ถนนพหลโยธิน | OSM_WAY=668245073 | QC=PASS | SOURCE_URL=https://www.thaipbs.or.th/news/content/558830","styleUrl":"#line-FFD400-7000","layer":"L1 ROAD STATUS MAIN","risk_status":"caution"},"geometry":{"type":"LineString","coordinates":[[100.569085,13.828521],[100.567135,13.825236]]}},{"type":"Feature","properties":{"name":"ถนนพหลโยธิน | CCTV YELLOW","description":"SOURCE=BMA_CCTV_REPORT | REPORTED=2026-09-29 13:24 ICT | STATUS=YELLOW | ROAD=ถนนพหลโยธิน | OSM_WAY=668245072 | QC=PASS | SOURCE_URL=https://www.thaipbs.or.th/news/content/558830","styleUrl":"#line-FFD400-7000","layer":"L1 ROAD STATUS MAIN","risk_status":"caution"},"geometry":{"type":"LineString","coordinates":[[100.567089,13.825259],[100.569022,13.828553]]}},{"type":"Feature","properties":{"name":"ถนนพหลโยธิน | CCTV YELLOW","description":"SOURCE=BMA_CCTV_REPORT | REPORTED=2026-09-29 13:24 ICT | STATUS=YELLOW | ROAD=ถนนพหลโยธิน | OSM_WAY=1192253448 | QC=PASS | SOURCE_URL=https://www.thaipbs.or.th/news/content/558830","styleUrl":"#line-FFD400-7000","layer":"L1 ROAD STATUS MAIN","risk_status":"caution"},"geometry":{"type":"LineString","coordinates":[[100.583243,13.852572],[100.582675,13.851604],[100.582059,13.850511],[100.581517,13.849598]]}},{"type":"Feature","properties":{"name":"ถนนพหลโยธิน | CCTV YELLOW","description":"SOURCE=BMA_CCTV_REPORT | REPORTED=2026-09-29 13:24 ICT | STATUS=YELLOW | ROAD=ถนนพหลโยธิน | OSM_WAY=156672769 | QC=PASS | SOURCE_URL=https://www.thaipbs.or.th/news/content/558830","styleUrl":"#line-FFD400-7000","layer":"L1 ROAD STATUS MAIN","risk_status":"caution"},"geometry":{"type":"LineString","coordinates":[[100.570635,13.831424],[100.570869,13.831817],[100.57095,13.831973],[100.571004,13.832079],[100.571058,13.832168],[100.571104,13.832244],[100.571282,13.832535],[100.571311,13.832585],[100.57179,13.833399],[100.571834,13.833474],[100.572137,13.833986]]}},{"type":"Feature","properties":{"name":"ถนนพหลโยธิน | CCTV YELLOW","description":"SOURCE=BMA_CCTV_REPORT | REPORTED=2026-09-29 13:24 ICT | STATUS=YELLOW | ROAD=ถนนพหลโยธิน | OSM_WAY=682600873 | QC=PASS | SOURCE_URL=https://www.thaipbs.or.th/news/content/558830","styleUrl":"#line-FFD400-7000","layer":"L1 ROAD STATUS MAIN","risk_status":"caution"},"geometry":{"type":"LineString","coordinates":[[100.571544,13.832892],[100.57292,13.835223]]}},{"type":"Feature","properties":{"name":"ถนนพหลโยธิน | CCTV YELLOW","description":"SOURCE=BMA_CCTV_REPORT | REPORTED=2026-09-29 13:24 ICT | STATUS=YELLOW | ROAD=ถนนพหลโยธิน | OSM_WAY=682600874 | QC=PASS | SOURCE_URL=https://www.thaipbs.or.th/news/content/558830","styleUrl":"#line-FFD400-7000","layer":"L1 ROAD STATUS MAIN","risk_status":"caution"},"geometry":{"type":"LineString","coordinates":[[100.572968,13.835196],[100.5716,13.83286]]}},{"type":"Feature","properties":{"name":"ถนนพหลโยธิน | CCTV YELLOW","description":"SOURCE=BMA_CCTV_REPORT | REPORTED=2026-09-29 13:24 ICT | STATUS=YELLOW | ROAD=ถนนพหลโยธิน | OSM_WAY=175282276 | QC=PASS | SOURCE_URL=https://www.thaipbs.or.th/news/content/558830","styleUrl":"#line-FFD400-7000","layer":"L1 ROAD STATUS MAIN","risk_status":"caution"},"geometry":{"type":"LineString","coordinates":[[100.576574,13.841566],[100.57662,13.841636],[100.57663,13.841648],[100.576667,13.8417],[100.576745,13.841803],[100.577285,13.842708],[100.577748,13.843494]]}},{"type":"Feature","properties":{"name":"ถนนพหลโยธิน | CCTV YELLOW","description":"SOURCE=BMA_CCTV_REPORT | REPORTED=2026-09-29 13:24 ICT | STATUS=YELLOW | ROAD=ถนนพหลโยธิน | OSM_WAY=682601699 | QC=PASS | SOURCE_URL=https://www.thaipbs.or.th/news/content/558830","styleUrl":"#line-FFD400-7000","layer":"L1 ROAD STATUS MAIN","risk_status":"caution"},"geometry":{"type":"LineString","coordinates":[[100.576132,13.840558],[100.575811,13.840028],[100.575114,13.838828]]}},{"type":"Feature","properties":{"name":"ถนนพหลโยธิน | CCTV YELLOW","description":"SOURCE=BMA_CCTV_REPORT | REPORTED=2026-09-29 13:24 ICT | STATUS=YELLOW | ROAD=ถนนพหลโยธิน | OSM_WAY=1311520481 | QC=PASS | SOURCE_URL=https://www.thaipbs.or.th/news/content/558830","styleUrl":"#line-FFD400-7000","layer":"L1 ROAD STATUS MAIN","risk_status":"caution"},"geometry":{"type":"LineString","coordinates":[[100.574152,13.837394],[100.574294,13.837612],[100.574744,13.838338],[100.574928,13.838644],[100.575056,13.838862]]}},{"type":"Feature","properties":{"name":"ถนนพหลโยธิน | CCTV YELLOW","description":"SOURCE=BMA_CCTV_REPORT | REPORTED=2026-09-29 13:24 ICT | STATUS=YELLOW | ROAD=ถนนพหลโยธิน | OSM_WAY=1311520480 | QC=PASS | SOURCE_URL=https://www.thaipbs.or.th/news/content/558830","styleUrl":"#line-FFD400-7000","layer":"L1 ROAD STATUS MAIN","risk_status":"caution"},"geometry":{"type":"LineString","coordinates":[[100.575114,13.838828],[100.57438,13.837561],[100.574262,13.837335]]}},{"type":"Feature","properties":{"name":"ถนนพหลโยธิน | CCTV YELLOW","description":"SOURCE=BMA_CCTV_REPORT | REPORTED=2026-09-29 13:24 ICT | STATUS=YELLOW | ROAD=ถนนพหลโยธิน | OSM_WAY=1311542774 | QC=PASS | SOURCE_URL=https://www.thaipbs.or.th/news/content/558830","styleUrl":"#line-FFD400-7000","layer":"L1 ROAD STATUS MAIN","risk_status":"caution"},"geometry":{"type":"LineString","coordinates":[[100.576854,13.84175],[100.576803,13.841682],[100.576762,13.841622],[100.576717,13.841553],[100.576132,13.840558]]}},{"type":"Feature","properties":{"name":"ถนนพหลโยธิน | CCTV YELLOW","description":"SOURCE=BMA_CCTV_REPORT | REPORTED=2026-09-29 13:24 ICT | STATUS=YELLOW | ROAD=ถนนพหลโยธิน | OSM_WAY=1060032407 | QC=PASS | SOURCE_URL=https://www.thaipbs.or.th/news/content/558830","styleUrl":"#line-FFD400-7000","layer":"L1 ROAD STATUS MAIN","risk_status":"caution"},"geometry":{"type":"LineString","coordinates":[[100.575873,13.840376],[100.575966,13.840539],[100.576007,13.840608],[100.576047,13.840677],[100.576574,13.841566]]}},{"type":"Feature","properties":{"name":"ถนนพหลโยธิน | CCTV YELLOW","description":"SOURCE=BMA_CCTV_REPORT | REPORTED=2026-09-29 13:24 ICT | STATUS=YELLOW | ROAD=ถนนพหลโยธิน | OSM_WAY=1311542773 | QC=PASS | SOURCE_URL=https://www.thaipbs.or.th/news/content/558830","styleUrl":"#line-FFD400-7000","layer":"L1 ROAD STATUS MAIN","risk_status":"caution"},"geometry":{"type":"LineString","coordinates":[[100.576067,13.840598],[100.576638,13.841578],[100.576676,13.841648],[100.576698,13.841697],[100.576745,13.841803]]}},{"type":"Feature","properties":{"name":"ถนนพหลโยธิน | CCTV YELLOW","description":"SOURCE=BMA_CCTV_REPORT | REPORTED=2026-09-29 13:24 ICT | STATUS=YELLOW | ROAD=ถนนพหลโยธิน | OSM_WAY=1193500746 | QC=PASS | SOURCE_URL=https://www.thaipbs.or.th/news/content/558830","styleUrl":"#line-FFD400-7000","layer":"L1 ROAD STATUS MAIN","risk_status":"caution"},"geometry":{"type":"LineString","coordinates":[[100.574152,13.837394],[100.57435,13.837768],[100.574737,13.838418],[100.574747,13.838435],[100.574809,13.838539]]}},{"type":"Feature","properties":{"name":"ถนนพหลโยธิน | CCTV YELLOW","description":"SOURCE=BMA_CCTV_REPORT | REPORTED=2026-09-29 13:24 ICT | STATUS=YELLOW | ROAD=ถนนพหลโยธิน | OSM_WAY=1311545348 | QC=PASS | SOURCE_URL=https://www.thaipbs.or.th/news/content/558830","styleUrl":"#line-FFD400-7000","layer":"L1 ROAD STATUS MAIN","risk_status":"caution"},"geometry":{"type":"LineString","coordinates":[[100.5716,13.83286],[100.571111,13.832033],[100.571065,13.831946],[100.571028,13.83186],[100.570969,13.831749]]}},{"type":"Feature","properties":{"name":"ถนนพหลโยธิน | CCTV YELLOW","description":"SOURCE=BMA_CCTV_REPORT | REPORTED=2026-09-29 13:24 ICT | STATUS=YELLOW | ROAD=ถนนพหลโยธิน | OSM_WAY=700250377 | QC=PASS | SOURCE_URL=https://www.thaipbs.or.th/news/content/558830","styleUrl":"#line-FFD400-7000","layer":"L1 ROAD STATUS MAIN","risk_status":"caution"},"geometry":{"type":"LineString","coordinates":[[100.568142,13.827162],[100.56843,13.827634],[100.568722,13.828141]]}},{"type":"Feature","properties":{"name":"ถนนพหลโยธิน | CCTV YELLOW","description":"SOURCE=BMA_CCTV_REPORT | REPORTED=2026-09-29 13:24 ICT | STATUS=YELLOW | ROAD=ถนนพหลโยธิน | OSM_WAY=478809278 | QC=PASS | SOURCE_URL=https://www.thaipbs.or.th/news/content/558830","styleUrl":"#line-FFD400-7000","layer":"L1 ROAD STATUS MAIN","risk_status":"caution"},"geometry":{"type":"LineString","coordinates":[[100.568722,13.828141],[100.568778,13.828232],[100.568823,13.82831],[100.569282,13.829117]]}},{"type":"Feature","properties":{"name":"ถนนพหลโยธิน | CCTV YELLOW","description":"SOURCE=BMA_CCTV_REPORT | REPORTED=2026-09-29 13:24 ICT | STATUS=YELLOW | ROAD=ถนนพหลโยธิน | OSM_WAY=1193521733 | QC=PASS | SOURCE_URL=https://www.thaipbs.or.th/news/content/558830","styleUrl":"#line-FFD400-7000","layer":"L1 ROAD STATUS MAIN","risk_status":"caution"},"geometry":{"type":"LineString","coordinates":[[100.576854,13.84175],[100.576808,13.84164],[100.576772,13.841563],[100.57673,13.841486],[100.576565,13.841208],[100.57636,13.840863],[100.576325,13.840802]]}},{"type":"Feature","properties":{"name":"ถนนพหลโยธิน | CCTV YELLOW","description":"SOURCE=BMA_CCTV_REPORT | REPORTED=2026-09-29 13:24 ICT | STATUS=YELLOW | ROAD=ถนนพหลโยธิน | OSM_WAY=1192349063 | QC=PASS | SOURCE_URL=https://www.thaipbs.or.th/news/content/558830","styleUrl":"#line-FFD400-7000","layer":"L1 ROAD STATUS MAIN","risk_status":"caution"},"geometry":{"type":"LineString","coordinates":[[100.587259,13.859395],[100.587045,13.859021],[100.586823,13.858649]]}},{"type":"Feature","properties":{"name":"ถนนพหลโยธิน | CCTV YELLOW","description":"SOURCE=BMA_CCTV_REPORT | REPORTED=2026-09-29 13:24 ICT | STATUS=YELLOW | ROAD=ถนนพหลโยธิน | OSM_WAY=1060032406 | QC=PASS | SOURCE_URL=https://www.thaipbs.or.th/news/content/558830","styleUrl":"#line-FFD400-7000","layer":"L1 ROAD STATUS MAIN","risk_status":"caution"},"geometry":{"type":"LineString","coordinates":[[100.576028,13.840297],[100.575872,13.840031],[100.575862,13.840011],[100.575777,13.839861],[100.575695,13.839718],[100.575598,13.839549]]}},{"type":"Feature","properties":{"name":"ถนนพหลโยธิน | CCTV YELLOW","description":"SOURCE=BMA_CCTV_REPORT | REPORTED=2026-09-29 13:24 ICT | STATUS=YELLOW | ROAD=ถนนพหลโยธิน | OSM_WAY=177437028 | QC=PASS | SOURCE_URL=https://www.thaipbs.or.th/news/content/558830","styleUrl":"#line-FFD400-7000","layer":"L1 ROAD STATUS MAIN","risk_status":"caution"},"geometry":{"type":"LineString","coordinates":[[100.586344,13.858122],[100.586736,13.858781]]}},{"type":"Feature","properties":{"name":"ถนนพหลโยธิน | CCTV YELLOW","description":"SOURCE=BMA_CCTV_REPORT | REPORTED=2026-09-29 13:24 ICT | STATUS=YELLOW | ROAD=ถนนพหลโยธิน | OSM_WAY=177437026 | QC=PASS | SOURCE_URL=https://www.thaipbs.or.th/news/content/558830","styleUrl":"#line-FFD400-7000","layer":"L1 ROAD STATUS MAIN","risk_status":"caution"},"geometry":{"type":"LineString","coordinates":[[100.586823,13.858649],[100.58645,13.858021]]}},{"type":"Feature","properties":{"name":"ถนนพหลโยธิน | CCTV YELLOW","description":"SOURCE=BMA_CCTV_REPORT | REPORTED=2026-09-29 13:24 ICT | STATUS=YELLOW | ROAD=ถนนพหลโยธิน | OSM_WAY=1392376303 | QC=PASS | SOURCE_URL=https://www.thaipbs.or.th/news/content/558830","styleUrl":"#line-FFD400-7000","layer":"L1 ROAD STATUS MAIN","risk_status":"caution"},"geometry":{"type":"LineString","coordinates":[[100.569022,13.828553],[100.569139,13.82875],[100.569331,13.829083],[100.569335,13.829206]]}},{"type":"Feature","properties":{"name":"ถนนพหลโยธิน | CCTV YELLOW","description":"SOURCE=BMA_CCTV_REPORT | REPORTED=2026-09-29 13:24 ICT | STATUS=YELLOW | ROAD=ถนนพหลโยธิน | OSM_WAY=1392376302 | QC=PASS | SOURCE_URL=https://www.thaipbs.or.th/news/content/558830","styleUrl":"#line-FFD400-7000","layer":"L1 ROAD STATUS MAIN","risk_status":"caution"},"geometry":{"type":"LineString","coordinates":[[100.569427,13.829061],[100.569354,13.828991],[100.569201,13.828716],[100.569119,13.828577],[100.569085,13.828521]]}},{"type":"Feature","properties":{"name":"ถนนพหลโยธิน | CCTV YELLOW","description":"SOURCE=BMA_CCTV_REPORT | REPORTED=2026-09-29 13:24 ICT | STATUS=YELLOW | ROAD=ถนนพหลโยธิน | OSM_WAY=478809285 | QC=PASS | SOURCE_URL=https://www.thaipbs.or.th/news/content/558830","styleUrl":"#line-FFD400-7000","layer":"L1 ROAD STATUS MAIN","risk_status":"caution"},"geometry":{"type":"LineString","coordinates":[[100.570184,13.830655],[100.570347,13.830937],[100.570508,13.831212]]}},{"type":"Feature","properties":{"name":"ถนนพหลโยธิน | CCTV YELLOW","description":"SOURCE=BMA_CCTV_REPORT | REPORTED=2026-09-29 13:24 ICT | STATUS=YELLOW | ROAD=ถนนพหลโยธิน | OSM_WAY=1171963233 | QC=PASS | SOURCE_URL=https://www.thaipbs.or.th/news/content/558830","styleUrl":"#line-FFD400-7000","layer":"L1 ROAD STATUS MAIN","risk_status":"caution"},"geometry":{"type":"LineString","coordinates":[[100.558152,13.809823],[100.557945,13.80962],[100.557886,13.809552],[100.557828,13.809471],[100.557761,13.809377]]}},{"type":"Feature","properties":{"name":"ถนนพหลโยธิน | CCTV YELLOW","description":"SOURCE=BMA_CCTV_REPORT | REPORTED=2026-09-29 13:24 ICT | STATUS=YELLOW | ROAD=ถนนพหลโยธิน | OSM_WAY=1193521734 | QC=PASS | SOURCE_URL=https://www.thaipbs.or.th/news/content/558830","styleUrl":"#line-FFD400-7000","layer":"L1 ROAD STATUS MAIN","risk_status":"caution"},"geometry":{"type":"LineString","coordinates":[[100.576325,13.840802],[100.576126,13.840458],[100.576058,13.840348]]}},{"type":"Feature","properties":{"name":"ถนนพหลโยธิน | CCTV YELLOW","description":"SOURCE=BMA_CCTV_REPORT | REPORTED=2026-09-29 13:24 ICT | STATUS=YELLOW | ROAD=ถนนพหลโยธิน | OSM_WAY=1193500747 | QC=PASS | SOURCE_URL=https://www.thaipbs.or.th/news/content/558830","styleUrl":"#line-FFD400-7000","layer":"L1 ROAD STATUS MAIN","risk_status":"caution"},"geometry":{"type":"LineString","coordinates":[[100.575232,13.839253],[100.575339,13.83943],[100.575454,13.839622]]}},{"type":"Feature","properties":{"name":"ถนนพหลโยธิน | CCTV YELLOW","description":"SOURCE=BMA_CCTV_REPORT | REPORTED=2026-09-29 13:24 ICT | STATUS=YELLOW | ROAD=ถนนพหลโยธิน | OSM_WAY=1060032405 | QC=PASS | SOURCE_URL=https://www.thaipbs.or.th/news/content/558830","styleUrl":"#line-FFD400-7000","layer":"L1 ROAD STATUS MAIN","risk_status":"caution"},"geometry":{"type":"LineString","coordinates":[[100.575657,13.840007],[100.575706,13.840087],[100.575873,13.840376]]}},{"type":"Feature","properties":{"name":"ถนนพหลโยธิน | CCTV YELLOW","description":"SOURCE=BMA_CCTV_REPORT | REPORTED=2026-09-29 13:24 ICT | STATUS=YELLOW | ROAD=ถนนพหลโยธิน | OSM_WAY=1193501553 | QC=PASS | SOURCE_URL=https://www.thaipbs.or.th/news/content/558830","styleUrl":"#line-FFD400-7000","layer":"L1 ROAD STATUS MAIN","risk_status":"caution"},"geometry":{"type":"LineString","coordinates":[[100.575027,13.838908],[100.575232,13.839253]]}},{"type":"Feature","properties":{"name":"ถนนพหลโยธิน | CCTV YELLOW","description":"SOURCE=BMA_CCTV_REPORT | REPORTED=2026-09-29 13:24 ICT | STATUS=YELLOW | ROAD=ถนนพหลโยธิน | OSM_WAY=1192253447 | QC=PASS | SOURCE_URL=https://www.thaipbs.or.th/news/content/558830","styleUrl":"#line-FFD400-7000","layer":"L1 ROAD STATUS MAIN","risk_status":"caution"},"geometry":{"type":"LineString","coordinates":[[100.58344,13.852914],[100.583243,13.852572]]}},{"type":"Feature","properties":{"name":"ถนนพหลโยธิน | CCTV YELLOW","description":"SOURCE=BMA_CCTV_REPORT | REPORTED=2026-09-29 13:24 ICT | STATUS=YELLOW | ROAD=ถนนพหลโยธิน | OSM_WAY=1192110183 | QC=PASS | SOURCE_URL=https://www.thaipbs.or.th/news/content/558830","styleUrl":"#line-FFD400-7000","layer":"L1 ROAD STATUS MAIN","risk_status":"caution"},"geometry":{"type":"LineString","coordinates":[[100.567833,13.826642],[100.567901,13.826762],[100.567929,13.826811],[100.568023,13.826965]]}},{"type":"Feature","properties":{"name":"ถนนพหลโยธิน | CCTV YELLOW","description":"SOURCE=BMA_CCTV_REPORT | REPORTED=2026-09-29 13:24 ICT | STATUS=YELLOW | ROAD=ถนนพหลโยธิน | OSM_WAY=185562811 | QC=PASS | SOURCE_URL=https://www.thaipbs.or.th/news/content/558830","styleUrl":"#line-FFD400-7000","layer":"L1 ROAD STATUS MAIN","risk_status":"caution"},"geometry":{"type":"LineString","coordinates":[[100.575454,13.839622],[100.575508,13.839717],[100.575626,13.839946]]}},{"type":"Feature","properties":{"name":"ถนนพหลโยธิน | CCTV YELLOW","description":"SOURCE=BMA_CCTV_REPORT | REPORTED=2026-09-29 13:24 ICT | STATUS=YELLOW | ROAD=ถนนพหลโยธิน | OSM_WAY=1192349062 | QC=PASS | SOURCE_URL=https://www.thaipbs.or.th/news/content/558830","styleUrl":"#line-FFD400-7000","layer":"L1 ROAD STATUS MAIN","risk_status":"caution"},"geometry":{"type":"LineString","coordinates":[[100.587506,13.859812],[100.587352,13.859548]]}},{"type":"Feature","properties":{"name":"ถนนพหลโยธิน | CCTV YELLOW","description":"SOURCE=BMA_CCTV_REPORT | REPORTED=2026-09-29 13:24 ICT | STATUS=YELLOW | ROAD=ถนนพหลโยธิน | OSM_WAY=478809279 | QC=PASS | SOURCE_URL=https://www.thaipbs.or.th/news/content/558830","styleUrl":"#line-FFD400-7000","layer":"L1 ROAD STATUS MAIN","risk_status":"caution"},"geometry":{"type":"LineString","coordinates":[[100.569282,13.829117],[100.569335,13.829206],[100.569426,13.82936]]}},{"type":"Feature","properties":{"name":"ถนนพหลโยธิน | CCTV YELLOW","description":"SOURCE=BMA_CCTV_REPORT | REPORTED=2026-09-29 13:24 ICT | STATUS=YELLOW | ROAD=ถนนพหลโยธิน | OSM_WAY=478809284 | QC=PASS | SOURCE_URL=https://www.thaipbs.or.th/news/content/558830","styleUrl":"#line-FFD400-7000","layer":"L1 ROAD STATUS MAIN","risk_status":"caution"},"geometry":{"type":"LineString","coordinates":[[100.570049,13.830425],[100.570184,13.830655]]}},{"type":"Feature","properties":{"name":"ถนนพหลโยธิน | CCTV YELLOW","description":"SOURCE=BMA_CCTV_REPORT | REPORTED=2026-09-29 13:24 ICT | STATUS=YELLOW | ROAD=ถนนพหลโยธิน | OSM_WAY=478809286 | QC=PASS | SOURCE_URL=https://www.thaipbs.or.th/news/content/558830","styleUrl":"#line-FFD400-7000","layer":"L1 ROAD STATUS MAIN","risk_status":"caution"},"geometry":{"type":"LineString","coordinates":[[100.570508,13.831212],[100.570635,13.831424]]}},{"type":"Feature","properties":{"name":"ถนนพหลโยธิน | CCTV YELLOW","description":"SOURCE=BMA_CCTV_REPORT | REPORTED=2026-09-29 13:24 ICT | STATUS=YELLOW | ROAD=ถนนพหลโยธิน | OSM_WAY=668245071 | QC=PASS | SOURCE_URL=https://www.thaipbs.or.th/news/content/558830","styleUrl":"#line-FFD400-7000","layer":"L1 ROAD STATUS MAIN","risk_status":"caution"},"geometry":{"type":"LineString","coordinates":[[100.568023,13.826965],[100.568142,13.827162]]}},{"type":"Feature","properties":{"name":"ถนนพหลโยธิน | CCTV YELLOW","description":"SOURCE=BMA_CCTV_REPORT | REPORTED=2026-09-29 13:24 ICT | STATUS=YELLOW | ROAD=ถนนพหลโยธิน | OSM_WAY=1192349061 | QC=PASS | SOURCE_URL=https://www.thaipbs.or.th/news/content/558830","styleUrl":"#line-FFD400-7000","layer":"L1 ROAD STATUS MAIN","risk_status":"caution"},"geometry":{"type":"LineString","coordinates":[[100.587352,13.859548],[100.587259,13.859395]]}},{"type":"Feature","properties":{"name":"ถนนพหลโยธิน | CCTV YELLOW","description":"SOURCE=BMA_CCTV_REPORT | REPORTED=2026-09-29 13:24 ICT | STATUS=YELLOW | ROAD=ถนนพหลโยธิน | OSM_WAY=1192245871 | QC=PASS | SOURCE_URL=https://www.thaipbs.or.th/news/content/558830","styleUrl":"#line-FFD400-7000","layer":"L1 ROAD STATUS MAIN","risk_status":"caution"},"geometry":{"type":"LineString","coordinates":[[100.572354,13.834067],[100.572266,13.833911]]}},{"type":"Feature","properties":{"name":"ถนนพหลโยธิน | CCTV YELLOW","description":"SOURCE=BMA_CCTV_REPORT | REPORTED=2026-09-29 13:24 ICT | STATUS=YELLOW | ROAD=ถนนพหลโยธิน | OSM_WAY=1059339520 | QC=PASS | SOURCE_URL=https://www.thaipbs.or.th/news/content/558830","styleUrl":"#line-FFD400-7000","layer":"L1 ROAD STATUS MAIN","risk_status":"caution"},"geometry":{"type":"LineString","coordinates":[[100.575598,13.839549],[100.575509,13.839413]]}},{"type":"Feature","properties":{"name":"ถนนรามอินทรา | CCTV YELLOW","description":"SOURCE=BMA_CCTV_REPORT | REPORTED=2026-09-29 13:24 ICT | STATUS=YELLOW | ROAD=ถนนรามอินทรา | OSM_WAY=669671933 | QC=PASS | SOURCE_URL=https://www.thaipbs.or.th/news/content/558830","styleUrl":"#line-FFD400-7000","layer":"L1 ROAD STATUS MAIN","risk_status":"caution"},"geometry":{"type":"LineString","coordinates":[[100.614546,13.864358],[100.613797,13.864763],[100.613596,13.864871],[100.613426,13.864961],[100.613107,13.86513],[100.612737,13.865327],[100.611542,13.86597],[100.611287,13.866104],[100.609675,13.866967],[100.609461,13.867081],[100.609302,13.867166],[100.609243,13.867199],[100.609157,13.867246],[100.608774,13.867457],[100.608675,13.867517],[100.608649,13.867532],[100.608431,13.867711],[100.605478,13.869292],[100.604467,13.869817],[100.601273,13.871549]]}},{"type":"Feature","properties":{"name":"ถนนรามอินทรา | CCTV YELLOW","description":"SOURCE=BMA_CCTV_REPORT | REPORTED=2026-09-29 13:24 ICT | STATUS=YELLOW | ROAD=ถนนรามอินทรา | OSM_WAY=856200926 | QC=PASS | SOURCE_URL=https://www.thaipbs.or.th/news/content/558830","styleUrl":"#line-FFD400-7000","layer":"L1 ROAD STATUS MAIN","risk_status":"caution"},"geometry":{"type":"LineString","coordinates":[[100.601358,13.871704],[100.601402,13.871682],[100.602069,13.871323],[100.602144,13.871282],[100.602462,13.871111],[100.602661,13.871003],[100.602801,13.87093],[100.603314,13.870654],[100.60371,13.87044],[100.604196,13.870179],[100.606258,13.86908],[100.606823,13.868776],[100.60754,13.86839],[100.607836,13.868231],[100.608868,13.867668],[100.608922,13.867639],[100.609431,13.867366],[100.609719,13.867211],[100.610045,13.867035],[100.610987,13.866526],[100.611223,13.866399],[100.611395,13.866304],[100.611503,13.866245],[100.611707,13.866134],[100.612125,13.865906],[100.612764,13.86556],[100.612869,13.865503],[100.613543,13.865142],[100.6139,13.864952],[100.61395,13.864926],[100.61467,13.864543]]}},{"type":"Feature","properties":{"name":"ถนนรามอินทรา | CCTV YELLOW","description":"SOURCE=BMA_CCTV_REPORT | REPORTED=2026-09-29 13:24 ICT | STATUS=YELLOW | ROAD=ถนนรามอินทรา | OSM_WAY=856200927 | QC=PASS | SOURCE_URL=https://www.thaipbs.or.th/news/content/558830","styleUrl":"#line-FFD400-7000","layer":"L1 ROAD STATUS MAIN","risk_status":"caution"},"geometry":{"type":"LineString","coordinates":[[100.631149,13.855445],[100.630695,13.855692],[100.630549,13.855771],[100.630431,13.855836],[100.630223,13.85595],[100.629541,13.856311],[100.629177,13.856502],[100.62912,13.856533],[100.628285,13.856991],[100.627301,13.857531],[100.626877,13.857761],[100.626584,13.857922],[100.625726,13.858403],[100.625485,13.858524],[100.625197,13.858686],[100.624124,13.85925],[100.623292,13.859696],[100.622902,13.859905],[100.6227,13.860014],[100.622588,13.860074],[100.622392,13.860178],[100.622099,13.860341]]}},{"type":"Feature","properties":{"name":"ถนนรามอินทรา | CCTV YELLOW","description":"SOURCE=BMA_CCTV_REPORT | REPORTED=2026-09-29 13:24 ICT | STATUS=YELLOW | ROAD=ถนนรามอินทรา | OSM_WAY=905085439 | QC=PASS | SOURCE_URL=https://www.thaipbs.or.th/news/content/558830","styleUrl":"#line-FFD400-7000","layer":"L1 ROAD STATUS MAIN","risk_status":"caution"},"geometry":{"type":"LineString","coordinates":[[100.61467,13.864543],[100.614954,13.86439],[100.615265,13.864222],[100.616646,13.863465],[100.617009,13.863276],[100.617498,13.863021],[100.618054,13.862732],[100.619341,13.862056],[100.619556,13.861942],[100.621236,13.861037],[100.621331,13.860986]]}},{"type":"Feature","properties":{"name":"ถนนรามอินทรา | CCTV YELLOW","description":"SOURCE=BMA_CCTV_REPORT | REPORTED=2026-09-29 13:24 ICT | STATUS=YELLOW | ROAD=ถนนรามอินทรา | OSM_WAY=1365897870 | QC=PASS | SOURCE_URL=https://www.thaipbs.or.th/news/content/558830","styleUrl":"#line-FFD400-7000","layer":"L1 ROAD STATUS MAIN","risk_status":"caution"},"geometry":{"type":"LineString","coordinates":[[100.621225,13.860812],[100.620924,13.860975],[100.620542,13.861182],[100.619217,13.861895],[100.618849,13.862093],[100.618364,13.86236],[100.618261,13.862413],[100.618239,13.862424],[100.617372,13.862865],[100.61718,13.862931],[100.617133,13.862947],[100.616813,13.863119],[100.616504,13.863289],[100.616248,13.863429],[100.615741,13.863705],[100.615104,13.86405],[100.614818,13.864207],[100.614546,13.864358]]}},{"type":"Feature","properties":{"name":"ถนนรามอินทรา | CCTV YELLOW","description":"SOURCE=BMA_CCTV_REPORT | REPORTED=2026-09-29 13:24 ICT | STATUS=YELLOW | ROAD=ถนนรามอินทรา | OSM_WAY=157190165 | QC=PASS | SOURCE_URL=https://www.thaipbs.or.th/news/content/558830","styleUrl":"#line-FFD400-7000","layer":"L1 ROAD STATUS MAIN","risk_status":"caution"},"geometry":{"type":"LineString","coordinates":[[100.615732,13.863815],[100.609724,13.867027]]}},{"type":"Feature","properties":{"name":"ถนนรามอินทรา | CCTV YELLOW","description":"SOURCE=BMA_CCTV_REPORT | REPORTED=2026-09-29 13:24 ICT | STATUS=YELLOW | ROAD=ถนนรามอินทรา | OSM_WAY=156591231 | QC=PASS | SOURCE_URL=https://www.thaipbs.or.th/news/content/558830","styleUrl":"#line-FFD400-7000","layer":"L1 ROAD STATUS MAIN","risk_status":"caution"},"geometry":{"type":"LineString","coordinates":[[100.638215,13.851632],[100.637819,13.851852],[100.637595,13.851971],[100.637216,13.852172],[100.63666,13.852471],[100.636138,13.85275],[100.635572,13.853048],[100.634836,13.853459],[100.634616,13.853582],[100.634464,13.853666],[100.634381,13.853712],[100.633808,13.85402],[100.633346,13.854272],[100.633035,13.854435]]}},{"type":"Feature","properties":{"name":"ถนนรามอินทรา | CCTV YELLOW","description":"SOURCE=BMA_CCTV_REPORT | REPORTED=2026-09-29 13:24 ICT | STATUS=YELLOW | ROAD=ถนนรามอินทรา | OSM_WAY=843655674 | QC=PASS | SOURCE_URL=https://www.thaipbs.or.th/news/content/558830","styleUrl":"#line-FFD400-7000","layer":"L1 ROAD STATUS MAIN","risk_status":"caution"},"geometry":{"type":"LineString","coordinates":[[100.597322,13.875145],[100.597292,13.874993],[100.59729,13.874918],[100.597297,13.874847],[100.597314,13.874758],[100.59734,13.87466],[100.597414,13.874396],[100.597494,13.874146],[100.597557,13.873999],[100.597572,13.873964],[100.597616,13.873866],[100.597692,13.873758],[100.597758,13.873682],[100.597833,13.873614],[100.597906,13.873565],[100.597991,13.873523],[100.598089,13.873485],[100.598187,13.873444],[100.598271,13.873405],[100.600244,13.872346],[100.600534,13.872189],[100.600611,13.872148],[100.600818,13.872028],[100.601007,13.871916],[100.601358,13.871704]]}},{"type":"Feature","properties":{"name":"ถนนรามอินทรา | CCTV YELLOW","description":"SOURCE=BMA_CCTV_REPORT | REPORTED=2026-09-29 13:24 ICT | STATUS=YELLOW | ROAD=ถนนรามอินทรา | OSM_WAY=1365897871 | QC=PASS | SOURCE_URL=https://www.thaipbs.or.th/news/content/558830","styleUrl":"#line-FFD400-7000","layer":"L1 ROAD STATUS MAIN","risk_status":"caution"},"geometry":{"type":"LineString","coordinates":[[100.622106,13.860562],[100.622362,13.860419],[100.622796,13.860182],[100.62285,13.860153],[100.623381,13.859868],[100.623824,13.859623],[100.624341,13.859346],[100.624465,13.859279],[100.62453,13.859239],[100.624624,13.859187],[100.62529,13.858819],[100.625706,13.858596],[100.62617,13.858339],[100.626476,13.858177],[100.626775,13.858008],[100.626862,13.857959]]}},{"type":"Feature","properties":{"name":"ถนนรามอินทรา | CCTV YELLOW","description":"SOURCE=BMA_CCTV_REPORT | REPORTED=2026-09-29 13:24 ICT | STATUS=YELLOW | ROAD=ถนนรามอินทรา | OSM_WAY=843655673 | QC=PASS | SOURCE_URL=https://www.thaipbs.or.th/news/content/558830","styleUrl":"#line-FFD400-7000","layer":"L1 ROAD STATUS MAIN","risk_status":"caution"},"geometry":{"type":"LineString","coordinates":[[100.601273,13.871549],[100.600882,13.871704],[100.600706,13.871786],[100.600527,13.871877],[100.598229,13.873112],[100.598091,13.873192],[100.598019,13.873237],[100.597963,13.873272],[100.597845,13.873351],[100.597726,13.873436],[100.597626,13.873513],[100.597533,13.873607],[100.597463,13.873707],[100.597404,13.873823],[100.597365,13.873919],[100.597352,13.873951],[100.597272,13.874241]]}},{"type":"Feature","properties":{"name":"ถนนรามอินทรา | CCTV YELLOW","description":"SOURCE=BMA_CCTV_REPORT | REPORTED=2026-09-29 13:24 ICT | STATUS=YELLOW | ROAD=ถนนรามอินทรา | OSM_WAY=1103817980 | QC=PASS | SOURCE_URL=https://www.thaipbs.or.th/news/content/558830","styleUrl":"#line-FFD400-7000","layer":"L1 ROAD STATUS MAIN","risk_status":"caution"},"geometry":{"type":"LineString","coordinates":[[100.633139,13.854624],[100.633543,13.854404],[100.634091,13.854106],[100.634558,13.853852],[100.634708,13.853776],[100.634944,13.853647],[100.635608,13.853288],[100.635943,13.853111],[100.636094,13.853025],[100.636109,13.853017],[100.637313,13.85238]]}},{"type":"Feature","properties":{"name":"ถนนรามอินทรา | CCTV YELLOW","description":"SOURCE=BMA_CCTV_REPORT | REPORTED=2026-09-29 13:24 ICT | STATUS=YELLOW | ROAD=ถนนรามอินทรา | OSM_WAY=1346100224 | QC=PASS | SOURCE_URL=https://www.thaipbs.or.th/news/content/558830","styleUrl":"#line-FFD400-7000","layer":"L1 ROAD STATUS MAIN","risk_status":"caution"},"geometry":{"type":"LineString","coordinates":[[100.62749,13.857623],[100.6287,13.856989],[100.629958,13.856317],[100.630249,13.856161],[100.630533,13.85601],[100.630714,13.855916],[100.630792,13.855876],[100.631353,13.855586],[100.631392,13.855564]]}},{"type":"Feature","properties":{"name":"ถนนรามอินทรา | CCTV YELLOW","description":"SOURCE=BMA_CCTV_REPORT | REPORTED=2026-09-29 13:24 ICT | STATUS=YELLOW | ROAD=ถนนรามอินทรา | OSM_WAY=174466233 | QC=PASS | SOURCE_URL=https://www.thaipbs.or.th/news/content/558830","styleUrl":"#line-FFD400-7000","layer":"L1 ROAD STATUS MAIN","risk_status":"caution"},"geometry":{"type":"LineString","coordinates":[[100.601273,13.871549],[100.600863,13.871795],[100.60058,13.871955],[100.600292,13.872116],[100.598637,13.873026]]}},{"type":"Feature","properties":{"name":"ถนนรามอินทรา | CCTV YELLOW","description":"SOURCE=BMA_CCTV_REPORT | REPORTED=2026-09-29 13:24 ICT | STATUS=YELLOW | ROAD=ถนนรามอินทรา | OSM_WAY=174466229 | QC=PASS | SOURCE_URL=https://www.thaipbs.or.th/news/content/558830","styleUrl":"#line-FFD400-7000","layer":"L1 ROAD STATUS MAIN","risk_status":"caution"},"geometry":{"type":"LineString","coordinates":[[100.598675,13.873096],[100.600327,13.872186],[100.600601,13.872038],[100.600884,13.871897],[100.601358,13.871704]]}},{"type":"Feature","properties":{"name":"ถนนรามอินทรา | CCTV YELLOW","description":"SOURCE=BMA_CCTV_REPORT | REPORTED=2026-09-29 13:24 ICT | STATUS=YELLOW | ROAD=ถนนรามอินทรา | OSM_WAY=160519031 | QC=PASS | SOURCE_URL=https://www.thaipbs.or.th/news/content/558830","styleUrl":"#line-FFD400-7000","layer":"L1 ROAD STATUS MAIN","risk_status":"caution"},"geometry":{"type":"LineString","coordinates":[[100.617372,13.862865],[100.617162,13.863029],[100.616851,13.863201],[100.615732,13.863815]]}},{"type":"Feature","properties":{"name":"ถนนรามอินทรา | CCTV YELLOW","description":"SOURCE=BMA_CCTV_REPORT | REPORTED=2026-09-29 13:24 ICT | STATUS=YELLOW | ROAD=ถนนรามอินทรา | OSM_WAY=1365897867 | QC=PASS | SOURCE_URL=https://www.thaipbs.or.th/news/content/558830","styleUrl":"#line-FFD400-7000","layer":"L1 ROAD STATUS MAIN","risk_status":"caution"},"geometry":{"type":"LineString","coordinates":[[100.633035,13.854435],[100.632845,13.854537],[100.63275,13.854587],[100.632336,13.854807],[100.63183,13.855085],[100.631353,13.855336]]}},{"type":"Feature","properties":{"name":"ถนนรามอินทรา | CCTV YELLOW","description":"SOURCE=BMA_CCTV_REPORT | REPORTED=2026-09-29 13:24 ICT | STATUS=YELLOW | ROAD=ถนนรามอินทรา | OSM_WAY=1365897866 | QC=PASS | SOURCE_URL=https://www.thaipbs.or.th/news/content/558830","styleUrl":"#line-FFD400-7000","layer":"L1 ROAD STATUS MAIN","risk_status":"caution"},"geometry":{"type":"LineString","coordinates":[[100.631473,13.855522],[100.632094,13.855192],[100.632619,13.854913],[100.632792,13.854813],[100.633139,13.854624]]}},{"type":"Feature","properties":{"name":"ถนนรามอินทรา | CCTV YELLOW","description":"SOURCE=BMA_CCTV_REPORT | REPORTED=2026-09-29 13:24 ICT | STATUS=YELLOW | ROAD=ถนนรามอินทรา | OSM_WAY=158695223 | QC=PASS | SOURCE_URL=https://www.thaipbs.or.th/news/content/558830","styleUrl":"#line-FFD400-7000","layer":"L1 ROAD STATUS MAIN","risk_status":"caution"},"geometry":{"type":"LineString","coordinates":[[100.609724,13.867027],[100.609257,13.867277],[100.608431,13.867711]]}},{"type":"Feature","properties":{"name":"ถนนรามอินทรา | CCTV YELLOW","description":"SOURCE=BMA_CCTV_REPORT | REPORTED=2026-09-29 13:24 ICT | STATUS=YELLOW | ROAD=ถนนรามอินทรา | OSM_WAY=1393465463 | QC=PASS | SOURCE_URL=https://www.thaipbs.or.th/news/content/558830","styleUrl":"#line-FFD400-7000","layer":"L1 ROAD STATUS MAIN","risk_status":"caution"},"geometry":{"type":"LineString","coordinates":[[100.622029,13.86038],[100.621667,13.860582],[100.621513,13.860662],[100.621393,13.860724],[100.621225,13.860812]]}},{"type":"Feature","properties":{"name":"ถนนรามอินทรา | CCTV YELLOW","description":"SOURCE=BMA_CCTV_REPORT | REPORTED=2026-09-29 13:24 ICT | STATUS=YELLOW | ROAD=ถนนรามอินทรา | OSM_WAY=1393465461 | QC=PASS | SOURCE_URL=https://www.thaipbs.or.th/news/content/558830","styleUrl":"#line-FFD400-7000","layer":"L1 ROAD STATUS MAIN","risk_status":"caution"},"geometry":{"type":"LineString","coordinates":[[100.621331,13.860986],[100.621592,13.860844],[100.621746,13.860761],[100.622028,13.860604]]}},{"type":"Feature","properties":{"name":"ถนนรามอินทรา | CCTV YELLOW","description":"SOURCE=BMA_CCTV_REPORT | REPORTED=2026-09-29 13:24 ICT | STATUS=YELLOW | ROAD=ถนนรามอินทรา | OSM_WAY=1351171496 | QC=PASS | SOURCE_URL=https://www.thaipbs.or.th/news/content/558830","styleUrl":"#line-FFD400-7000","layer":"L1 ROAD STATUS MAIN","risk_status":"caution"},"geometry":{"type":"LineString","coordinates":[[100.626862,13.857959],[100.626968,13.857904],[100.62749,13.857623]]}},{"type":"Feature","properties":{"name":"ถนนรามอินทรา | CCTV YELLOW","description":"SOURCE=BMA_CCTV_REPORT | REPORTED=2026-09-29 13:24 ICT | STATUS=YELLOW | ROAD=ถนนรามอินทรา | OSM_WAY=155900657 | QC=PASS | SOURCE_URL=https://www.thaipbs.or.th/news/content/558830","styleUrl":"#line-FFD400-7000","layer":"L1 ROAD STATUS MAIN","risk_status":"caution"},"geometry":{"type":"LineString","coordinates":[[100.631279,13.855374],[100.631149,13.855445]]}},{"type":"Feature","properties":{"name":"ถนนรามอินทรา | CCTV YELLOW","description":"SOURCE=BMA_CCTV_REPORT | REPORTED=2026-09-29 13:24 ICT | STATUS=YELLOW | ROAD=ถนนรามอินทรา | OSM_WAY=155900665 | QC=PASS | SOURCE_URL=https://www.thaipbs.or.th/news/content/558830","styleUrl":"#line-FFD400-7000","layer":"L1 ROAD STATUS MAIN","risk_status":"caution"},"geometry":{"type":"LineString","coordinates":[[100.631392,13.855564],[100.631473,13.855522]]}},{"type":"Feature","properties":{"name":"ถนนรามอินทรา | CCTV YELLOW","description":"SOURCE=BMA_CCTV_REPORT | REPORTED=2026-09-29 13:24 ICT | STATUS=YELLOW | ROAD=ถนนรามอินทรา | OSM_WAY=1393465462 | QC=PASS | SOURCE_URL=https://www.thaipbs.or.th/news/content/558830","styleUrl":"#line-FFD400-7000","layer":"L1 ROAD STATUS MAIN","risk_status":"caution"},"geometry":{"type":"LineString","coordinates":[[100.622028,13.860604],[100.622106,13.860562]]}},{"type":"Feature","properties":{"name":"ถนนรามอินทรา | CCTV YELLOW","description":"SOURCE=BMA_CCTV_REPORT | REPORTED=2026-09-29 13:24 ICT | STATUS=YELLOW | ROAD=ถนนรามอินทรา | OSM_WAY=856200928 | QC=PASS | SOURCE_URL=https://www.thaipbs.or.th/news/content/558830","styleUrl":"#line-FFD400-7000","layer":"L1 ROAD STATUS MAIN","risk_status":"caution"},"geometry":{"type":"LineString","coordinates":[[100.631353,13.855336],[100.631279,13.855374]]}},{"type":"Feature","properties":{"name":"ถนนรามอินทรา | CCTV YELLOW","description":"SOURCE=BMA_CCTV_REPORT | REPORTED=2026-09-29 13:24 ICT | STATUS=YELLOW | ROAD=ถนนรามอินทรา | OSM_WAY=1393465464 | QC=PASS | SOURCE_URL=https://www.thaipbs.or.th/news/content/558830","styleUrl":"#line-FFD400-7000","layer":"L1 ROAD STATUS MAIN","risk_status":"caution"},"geometry":{"type":"LineString","coordinates":[[100.622099,13.860341],[100.622029,13.86038]]}},{"type":"Feature","properties":{"name":"ถนนแจ้งวัฒนะ | CCTV GREEN","description":"SOURCE=BMA_CCTV_REPORT | REPORTED=2026-09-29 13:24 ICT | STATUS=GREEN | ROAD=ถนนแจ้งวัฒนะ | OSM_WAY=32511200 | QC=PASS | SOURCE_URL=https://www.thaipbs.or.th/news/content/558830","styleUrl":"#line-00A651-6000","layer":"L1 ROAD STATUS MAIN","risk_status":"safe"},"geometry":{"type":"LineString","coordinates":[[100.578946,13.885784],[100.581027,13.884631],[100.582018,13.884118],[100.584047,13.882963]]}},{"type":"Feature","properties":{"name":"ถนนแจ้งวัฒนะ | CCTV GREEN","description":"SOURCE=BMA_CCTV_REPORT | REPORTED=2026-09-29 13:24 ICT | STATUS=GREEN | ROAD=ถนนแจ้งวัฒนะ | OSM_WAY=124812306 | QC=PASS | SOURCE_URL=https://www.thaipbs.or.th/news/content/558830","styleUrl":"#line-00A651-6000","layer":"L1 ROAD STATUS MAIN","risk_status":"safe"},"geometry":{"type":"LineString","coordinates":[[100.552025,13.896192],[100.557752,13.894174]]}},{"type":"Feature","properties":{"name":"ถนนแจ้งวัฒนะ | CCTV GREEN","description":"SOURCE=BMA_CCTV_REPORT | REPORTED=2026-09-29 13:24 ICT | STATUS=GREEN | ROAD=ถนนแจ้งวัฒนะ | OSM_WAY=124812307 | QC=PASS | SOURCE_URL=https://www.thaipbs.or.th/news/content/558830","styleUrl":"#line-00A651-6000","layer":"L1 ROAD STATUS MAIN","risk_status":"safe"},"geometry":{"type":"LineString","coordinates":[[100.557702,13.894054],[100.551988,13.896067]]}},{"type":"Feature","properties":{"name":"ถนนแจ้งวัฒนะ | CCTV GREEN","description":"SOURCE=BMA_CCTV_REPORT | REPORTED=2026-09-29 13:24 ICT | STATUS=GREEN | ROAD=ถนนแจ้งวัฒนะ | OSM_WAY=32511187 | QC=PASS | SOURCE_URL=https://www.thaipbs.or.th/news/content/558830","styleUrl":"#line-00A651-6000","layer":"L1 ROAD STATUS MAIN","risk_status":"safe"},"geometry":{"type":"LineString","coordinates":[[100.584009,13.882901],[100.581986,13.884049],[100.580997,13.884553]]}},{"type":"Feature","properties":{"name":"ถนนแจ้งวัฒนะ | CCTV GREEN","description":"SOURCE=BMA_CCTV_REPORT | REPORTED=2026-09-29 13:24 ICT | STATUS=GREEN | ROAD=ถนนแจ้งวัฒนะ | OSM_WAY=184854729 | QC=PASS | SOURCE_URL=https://www.thaipbs.or.th/news/content/558830","styleUrl":"#line-00A651-6000","layer":"L1 ROAD STATUS MAIN","risk_status":"safe"},"geometry":{"type":"LineString","coordinates":[[100.585247,13.882284],[100.585883,13.88193],[100.587044,13.881272],[100.587249,13.881152],[100.587504,13.881005],[100.587795,13.880841],[100.588129,13.880651]]}},{"type":"Feature","properties":{"name":"ถนนแจ้งวัฒนะ | CCTV GREEN","description":"SOURCE=BMA_CCTV_REPORT | REPORTED=2026-09-29 13:24 ICT | STATUS=GREEN | ROAD=ถนนแจ้งวัฒนะ | OSM_WAY=168739074 | QC=PASS | SOURCE_URL=https://www.thaipbs.or.th/news/content/558830","styleUrl":"#line-00A651-6000","layer":"L1 ROAD STATUS MAIN","risk_status":"safe"},"geometry":{"type":"LineString","coordinates":[[100.559031,13.89357],[100.558799,13.893624],[100.558667,13.893662],[100.558498,13.89372],[100.556944,13.894262],[100.556348,13.894467],[100.55586,13.894641],[100.555347,13.894824]]}},{"type":"Feature","properties":{"name":"ถนนแจ้งวัฒนะ | CCTV GREEN","description":"SOURCE=BMA_CCTV_REPORT | REPORTED=2026-09-29 13:24 ICT | STATUS=GREEN | ROAD=ถนนแจ้งวัฒนะ | OSM_WAY=230335356 | QC=PASS | SOURCE_URL=https://www.thaipbs.or.th/news/content/558830","styleUrl":"#line-00A651-6000","layer":"L1 ROAD STATUS MAIN","risk_status":"safe"},"geometry":{"type":"LineString","coordinates":[[100.555461,13.895065],[100.555939,13.894896],[100.556483,13.894704],[100.55664,13.894649],[100.556925,13.894545],[100.557165,13.894456],[100.557681,13.894269],[100.557826,13.894218],[100.558173,13.894095],[100.558301,13.89405],[100.558596,13.893943],[100.558763,13.89388],[100.558873,13.893836],[100.558988,13.893781]]}},{"type":"Feature","properties":{"name":"ถนนแจ้งวัฒนะ | CCTV GREEN","description":"SOURCE=BMA_CCTV_REPORT | REPORTED=2026-09-29 13:24 ICT | STATUS=GREEN | ROAD=ถนนแจ้งวัฒนะ | OSM_WAY=126983641 | QC=PASS | SOURCE_URL=https://www.thaipbs.or.th/news/content/558830","styleUrl":"#line-00A651-6000","layer":"L1 ROAD STATUS MAIN","risk_status":"safe"},"geometry":{"type":"LineString","coordinates":[[100.562656,13.892435],[100.566126,13.89122]]}},{"type":"Feature","properties":{"name":"ถนนแจ้งวัฒนะ | CCTV GREEN","description":"SOURCE=BMA_CCTV_REPORT | REPORTED=2026-09-29 13:24 ICT | STATUS=GREEN | ROAD=ถนนแจ้งวัฒนะ | OSM_WAY=126983638 | QC=PASS | SOURCE_URL=https://www.thaipbs.or.th/news/content/558830","styleUrl":"#line-00A651-6000","layer":"L1 ROAD STATUS MAIN","risk_status":"safe"},"geometry":{"type":"LineString","coordinates":[[100.566085,13.891108],[100.562619,13.892318]]}},{"type":"Feature","properties":{"name":"ถนนแจ้งวัฒนะ | CCTV GREEN","description":"SOURCE=BMA_CCTV_REPORT | REPORTED=2026-09-29 13:24 ICT | STATUS=GREEN | ROAD=ถนนแจ้งวัฒนะ | OSM_WAY=156111282 | QC=PASS | SOURCE_URL=https://www.thaipbs.or.th/news/content/558830","styleUrl":"#line-00A651-6000","layer":"L1 ROAD STATUS MAIN","risk_status":"safe"},"geometry":{"type":"LineString","coordinates":[[100.582205,13.88412],[100.582873,13.883733],[100.582917,13.883708],[100.584062,13.883051],[100.584347,13.882882],[100.584503,13.882782],[100.584648,13.882679],[100.584766,13.882574]]}},{"type":"Feature","properties":{"name":"ถนนแจ้งวัฒนะ | CCTV GREEN","description":"SOURCE=BMA_CCTV_REPORT | REPORTED=2026-09-29 13:24 ICT | STATUS=GREEN | ROAD=ถนนแจ้งวัฒนะ | OSM_WAY=174466203 | QC=PASS | SOURCE_URL=https://www.thaipbs.or.th/news/content/558830","styleUrl":"#line-00A651-6000","layer":"L1 ROAD STATUS MAIN","risk_status":"safe"},"geometry":{"type":"LineString","coordinates":[[100.588796,13.880276],[100.589708,13.879754],[100.59024,13.879454],[100.590924,13.879064],[100.591155,13.878933],[100.591309,13.878843]]}},{"type":"Feature","properties":{"name":"ถนนแจ้งวัฒนะ | CCTV GREEN","description":"SOURCE=BMA_CCTV_REPORT | REPORTED=2026-09-29 13:24 ICT | STATUS=GREEN | ROAD=ถนนแจ้งวัฒนะ | OSM_WAY=1062085562 | QC=PASS | SOURCE_URL=https://www.thaipbs.or.th/news/content/558830","styleUrl":"#line-00A651-6000","layer":"L1 ROAD STATUS MAIN","risk_status":"safe"},"geometry":{"type":"LineString","coordinates":[[100.561212,13.892973],[100.561568,13.892884],[100.562112,13.892694],[100.562813,13.892446],[100.56305,13.892363],[100.563557,13.892187],[100.563923,13.892058],[100.56422,13.891955],[100.564358,13.891906]]}},{"type":"Feature","properties":{"name":"ถนนแจ้งวัฒนะ | CCTV GREEN","description":"SOURCE=BMA_CCTV_REPORT | REPORTED=2026-09-29 13:24 ICT | STATUS=GREEN | ROAD=ถนนแจ้งวัฒนะ | OSM_WAY=174079388 | QC=PASS | SOURCE_URL=https://www.thaipbs.or.th/news/content/558830","styleUrl":"#line-00A651-6000","layer":"L1 ROAD STATUS MAIN","risk_status":"safe"},"geometry":{"type":"LineString","coordinates":[[100.579632,13.885177],[100.579491,13.885246],[100.578264,13.885944],[100.578138,13.886013],[100.577881,13.886155],[100.577682,13.886272],[100.577491,13.886392],[100.577255,13.88655]]}},{"type":"Feature","properties":{"name":"ถนนแจ้งวัฒนะ | CCTV GREEN","description":"SOURCE=BMA_CCTV_REPORT | REPORTED=2026-09-29 13:24 ICT | STATUS=GREEN | ROAD=ถนนแจ้งวัฒนะ | OSM_WAY=300803438 | QC=PASS | SOURCE_URL=https://www.thaipbs.or.th/news/content/558830","styleUrl":"#line-00A651-6000","layer":"L1 ROAD STATUS MAIN","risk_status":"safe"},"geometry":{"type":"LineString","coordinates":[[100.577362,13.886729],[100.577747,13.886534],[100.578093,13.886356],[100.578536,13.88612],[100.578943,13.885892],[100.579811,13.885407]]}},{"type":"Feature","properties":{"name":"ถนนแจ้งวัฒนะ | CCTV GREEN","description":"SOURCE=BMA_CCTV_REPORT | REPORTED=2026-09-29 13:24 ICT | STATUS=GREEN | ROAD=ถนนแจ้งวัฒนะ | OSM_WAY=1000245327 | QC=PASS | SOURCE_URL=https://www.thaipbs.or.th/news/content/558830","styleUrl":"#line-00A651-6000","layer":"L1 ROAD STATUS MAIN","risk_status":"safe"},"geometry":{"type":"LineString","coordinates":[[100.587021,13.881125],[100.58666,13.881329],[100.586032,13.881673],[100.585229,13.882113],[100.585137,13.882164],[100.584629,13.882476]]}},{"type":"Feature","properties":{"name":"ถนนแจ้งวัฒนะ | CCTV GREEN","description":"SOURCE=BMA_CCTV_REPORT | REPORTED=2026-09-29 13:24 ICT | STATUS=GREEN | ROAD=ถนนแจ้งวัฒนะ | OSM_WAY=1124685475 | QC=PASS | SOURCE_URL=https://www.thaipbs.or.th/news/content/558830","styleUrl":"#line-00A651-6000","layer":"L1 ROAD STATUS MAIN","risk_status":"safe"},"geometry":{"type":"LineString","coordinates":[[100.564269,13.891661],[100.563982,13.891761],[100.563852,13.891808],[100.563539,13.891917],[100.562752,13.892192],[100.562509,13.892274],[100.56228,13.892356],[100.561998,13.892456],[100.56182,13.892527],[100.561669,13.892594],[100.561431,13.892714]]}},{"type":"Feature","properties":{"name":"ถนนแจ้งวัฒนะ | CCTV GREEN","description":"SOURCE=BMA_CCTV_REPORT | REPORTED=2026-09-29 13:24 ICT | STATUS=GREEN | ROAD=ถนนแจ้งวัฒนะ | OSM_WAY=168739071 | QC=PASS | SOURCE_URL=https://www.thaipbs.or.th/news/content/558830","styleUrl":"#line-00A651-6000","layer":"L1 ROAD STATUS MAIN","risk_status":"safe"},"geometry":{"type":"LineString","coordinates":[[100.564676,13.891796],[100.566288,13.891222],[100.566463,13.891163],[100.566851,13.891033],[100.567035,13.890968],[100.567381,13.890841],[100.567485,13.89079]]}},{"type":"Feature","properties":{"name":"ถนนแจ้งวัฒนะ | CCTV GREEN","description":"SOURCE=BMA_CCTV_REPORT | REPORTED=2026-09-29 13:24 ICT | STATUS=GREEN | ROAD=ถนนแจ้งวัฒนะ | OSM_WAY=168739127 | QC=PASS | SOURCE_URL=https://www.thaipbs.or.th/news/content/558830","styleUrl":"#line-00A651-6000","layer":"L1 ROAD STATUS MAIN","risk_status":"safe"},"geometry":{"type":"LineString","coordinates":[[100.567449,13.890612],[100.567311,13.890622],[100.56719,13.89065],[100.56706,13.890688],[100.566786,13.890778],[100.566327,13.890936],[100.56625,13.890965],[100.564561,13.891556]]}},{"type":"Feature","properties":{"name":"ถนนแจ้งวัฒนะ | CCTV GREEN","description":"SOURCE=BMA_CCTV_REPORT | REPORTED=2026-09-29 13:24 ICT | STATUS=GREEN | ROAD=ถนนแจ้งวัฒนะ | OSM_WAY=168739073 | QC=PASS | SOURCE_URL=https://www.thaipbs.or.th/news/content/558830","styleUrl":"#line-00A651-6000","layer":"L1 ROAD STATUS MAIN","risk_status":"safe"},"geometry":{"type":"LineString","coordinates":[[100.580997,13.884553],[100.578898,13.885705]]}},{"type":"Feature","properties":{"name":"ถนนแจ้งวัฒนะ | CCTV GREEN","description":"SOURCE=BMA_CCTV_REPORT | REPORTED=2026-09-29 13:24 ICT | STATUS=GREEN | ROAD=ถนนแจ้งวัฒนะ | OSM_WAY=168739155 | QC=PASS | SOURCE_URL=https://www.thaipbs.or.th/news/content/558830","styleUrl":"#line-00A651-6000","layer":"L1 ROAD STATUS MAIN","risk_status":"safe"},"geometry":{"type":"LineString","coordinates":[[100.561431,13.892714],[100.560894,13.892907],[100.560809,13.892938],[100.56048,13.893056],[100.55973,13.89332],[100.559096,13.893547],[100.559031,13.89357]]}},{"type":"Feature","properties":{"name":"ถนนแจ้งวัฒนะ | CCTV GREEN","description":"SOURCE=BMA_CCTV_REPORT | REPORTED=2026-09-29 13:24 ICT | STATUS=GREEN | ROAD=ถนนแจ้งวัฒนะ | OSM_WAY=32511183 | QC=PASS | SOURCE_URL=https://www.thaipbs.or.th/news/content/558830","styleUrl":"#line-00A651-6000","layer":"L1 ROAD STATUS MAIN","risk_status":"safe"},"geometry":{"type":"LineString","coordinates":[[100.577362,13.886729],[100.577694,13.886517],[100.577944,13.886361],[100.578155,13.886238],[100.578946,13.885784]]}},{"type":"Feature","properties":{"name":"ถนนแจ้งวัฒนะ | CCTV GREEN","description":"SOURCE=BMA_CCTV_REPORT | REPORTED=2026-09-29 13:24 ICT | STATUS=GREEN | ROAD=ถนนแจ้งวัฒนะ | OSM_WAY=32511199 | QC=PASS | SOURCE_URL=https://www.thaipbs.or.th/news/content/558830","styleUrl":"#line-00A651-6000","layer":"L1 ROAD STATUS MAIN","risk_status":"safe"},"geometry":{"type":"LineString","coordinates":[[100.578898,13.885705],[100.578118,13.886134],[100.577876,13.886256],[100.577625,13.886378],[100.577255,13.88655]]}},{"type":"Feature","properties":{"name":"ถนนแจ้งวัฒนะ | CCTV GREEN","description":"SOURCE=BMA_CCTV_REPORT | REPORTED=2026-09-29 13:24 ICT | STATUS=GREEN | ROAD=ถนนแจ้งวัฒนะ | OSM_WAY=168739076 | QC=PASS | SOURCE_URL=https://www.thaipbs.or.th/news/content/558830","styleUrl":"#line-00A651-6000","layer":"L1 ROAD STATUS MAIN","risk_status":"safe"},"geometry":{"type":"LineString","coordinates":[[100.569395,13.889907],[100.568522,13.890227],[100.568415,13.890266],[100.567828,13.890476],[100.567701,13.890521]]}},{"type":"Feature","properties":{"name":"ถนนแจ้งวัฒนะ | CCTV GREEN","description":"SOURCE=BMA_CCTV_REPORT | REPORTED=2026-09-29 13:24 ICT | STATUS=GREEN | ROAD=ถนนแจ้งวัฒนะ | OSM_WAY=126983640 | QC=PASS | SOURCE_URL=https://www.thaipbs.or.th/news/content/558830","styleUrl":"#line-00A651-6000","layer":"L1 ROAD STATUS MAIN","risk_status":"safe"},"geometry":{"type":"LineString","coordinates":[[100.561212,13.892973],[100.561558,13.892826],[100.562656,13.892435]]}},{"type":"Feature","properties":{"name":"ถนนแจ้งวัฒนะ | CCTV GREEN","description":"SOURCE=BMA_CCTV_REPORT | REPORTED=2026-09-29 13:24 ICT | STATUS=GREEN | ROAD=ถนนแจ้งวัฒนะ | OSM_WAY=126983643 | QC=PASS | SOURCE_URL=https://www.thaipbs.or.th/news/content/558830","styleUrl":"#line-00A651-6000","layer":"L1 ROAD STATUS MAIN","risk_status":"safe"},"geometry":{"type":"LineString","coordinates":[[100.567449,13.890612],[100.56728,13.890685],[100.567133,13.890743],[100.566085,13.891108]]}},{"type":"Feature","properties":{"name":"ถนนแจ้งวัฒนะ | CCTV GREEN","description":"SOURCE=BMA_CCTV_REPORT | REPORTED=2026-09-29 13:24 ICT | STATUS=GREEN | ROAD=ถนนแจ้งวัฒนะ | OSM_WAY=124812308 | QC=PASS | SOURCE_URL=https://www.thaipbs.or.th/news/content/558830","styleUrl":"#line-00A651-6000","layer":"L1 ROAD STATUS MAIN","risk_status":"safe"},"geometry":{"type":"LineString","coordinates":[[100.559031,13.89357],[100.55889,13.893633],[100.558751,13.893688],[100.558607,13.893739],[100.557702,13.894054]]}},{"type":"Feature","properties":{"name":"ถนนแจ้งวัฒนะ | CCTV GREEN","description":"SOURCE=BMA_CCTV_REPORT | REPORTED=2026-09-29 13:24 ICT | STATUS=GREEN | ROAD=ถนนแจ้งวัฒนะ | OSM_WAY=932709481 | QC=PASS | SOURCE_URL=https://www.thaipbs.or.th/news/content/558830","styleUrl":"#line-00A651-6000","layer":"L1 ROAD STATUS MAIN","risk_status":"safe"},"geometry":{"type":"LineString","coordinates":[[100.588059,13.880517],[100.587026,13.881122],[100.587021,13.881125]]}},{"type":"Feature","properties":{"name":"ถนนแจ้งวัฒนะ | CCTV GREEN","description":"SOURCE=BMA_CCTV_REPORT | REPORTED=2026-09-29 13:24 ICT | STATUS=GREEN | ROAD=ถนนแจ้งวัฒนะ | OSM_WAY=126983639 | QC=PASS | SOURCE_URL=https://www.thaipbs.or.th/news/content/558830","styleUrl":"#line-00A651-6000","layer":"L1 ROAD STATUS MAIN","risk_status":"safe"},"geometry":{"type":"LineString","coordinates":[[100.566126,13.89122],[100.567176,13.890855],[100.567366,13.890799],[100.567485,13.89079]]}},{"type":"Feature","properties":{"name":"ถนนแจ้งวัฒนะ | CCTV GREEN","description":"SOURCE=BMA_CCTV_REPORT | REPORTED=2026-09-29 13:24 ICT | STATUS=GREEN | ROAD=ถนนแจ้งวัฒนะ | OSM_WAY=124812302 | QC=PASS | SOURCE_URL=https://www.thaipbs.or.th/news/content/558830","styleUrl":"#line-00A651-6000","layer":"L1 ROAD STATUS MAIN","risk_status":"safe"},"geometry":{"type":"LineString","coordinates":[[100.557752,13.894174],[100.558041,13.894075],[100.558591,13.893886],[100.558698,13.893853],[100.558833,13.893817],[100.558988,13.893781]]}},{"type":"Feature","properties":{"name":"ถนนแจ้งวัฒนะ | CCTV GREEN","description":"SOURCE=BMA_CCTV_REPORT | REPORTED=2026-09-29 13:24 ICT | STATUS=GREEN | ROAD=ถนนแจ้งวัฒนะ | OSM_WAY=126983642 | QC=PASS | SOURCE_URL=https://www.thaipbs.or.th/news/content/558830","styleUrl":"#line-00A651-6000","layer":"L1 ROAD STATUS MAIN","risk_status":"safe"},"geometry":{"type":"LineString","coordinates":[[100.562619,13.892318],[100.561964,13.892545],[100.561787,13.892604],[100.561629,13.892654],[100.561431,13.892714]]}},{"type":"Feature","properties":{"name":"ถนนแจ้งวัฒนะ | CCTV GREEN","description":"SOURCE=BMA_CCTV_REPORT | REPORTED=2026-09-29 13:24 ICT | STATUS=GREEN | ROAD=ถนนแจ้งวัฒนะ | OSM_WAY=1050845222 | QC=PASS | SOURCE_URL=https://www.thaipbs.or.th/news/content/558830","styleUrl":"#line-00A651-6000","layer":"L1 ROAD STATUS MAIN","risk_status":"safe"},"geometry":{"type":"LineString","coordinates":[[100.580852,13.884529],[100.58065,13.884632],[100.580589,13.884665],[100.580434,13.884748],[100.579924,13.885021]]}},{"type":"Feature","properties":{"name":"ถนนแจ้งวัฒนะ | CCTV GREEN","description":"SOURCE=BMA_CCTV_REPORT | REPORTED=2026-09-29 13:24 ICT | STATUS=GREEN | ROAD=ถนนแจ้งวัฒนะ | OSM_WAY=174079387 | QC=PASS | SOURCE_URL=https://www.thaipbs.or.th/news/content/558830","styleUrl":"#line-00A651-6000","layer":"L1 ROAD STATUS MAIN","risk_status":"safe"},"geometry":{"type":"LineString","coordinates":[[100.580096,13.885253],[100.580716,13.884889],[100.58077,13.884857],[100.58093,13.884763],[100.580973,13.884738]]}},{"type":"Feature","properties":{"name":"ถนนแจ้งวัฒนะ | CCTV GREEN","description":"SOURCE=BMA_CCTV_REPORT | REPORTED=2026-09-29 13:24 ICT | STATUS=GREEN | ROAD=ถนนแจ้งวัฒนะ | OSM_WAY=258891484 | QC=PASS | SOURCE_URL=https://www.thaipbs.or.th/news/content/558830","styleUrl":"#line-00A651-6000","layer":"L1 ROAD STATUS MAIN","risk_status":"safe"},"geometry":{"type":"LineString","coordinates":[[100.554328,13.895438],[100.554728,13.895309],[100.555461,13.895065]]}},{"type":"Feature","properties":{"name":"ถนนแจ้งวัฒนะ | CCTV GREEN","description":"SOURCE=BMA_CCTV_REPORT | REPORTED=2026-09-29 13:24 ICT | STATUS=GREEN | ROAD=ถนนแจ้งวัฒนะ | OSM_WAY=1059889944 | QC=PASS | SOURCE_URL=https://www.thaipbs.or.th/news/content/558830","styleUrl":"#line-00A651-6000","layer":"L1 ROAD STATUS MAIN","risk_status":"safe"},"geometry":{"type":"LineString","coordinates":[[100.582376,13.885204],[100.582265,13.884838],[100.582169,13.884624],[100.582093,13.884441],[100.582094,13.884336],[100.582113,13.884259],[100.58216,13.884179],[100.582205,13.88412]]}},{"type":"Feature","properties":{"name":"ถนนแจ้งวัฒนะ | CCTV GREEN","description":"SOURCE=BMA_CCTV_REPORT | REPORTED=2026-09-29 13:24 ICT | STATUS=GREEN | ROAD=ถนนแจ้งวัฒนะ | OSM_WAY=32511188 | QC=PASS | SOURCE_URL=https://www.thaipbs.or.th/news/content/558830","styleUrl":"#line-00A651-6000","layer":"L1 ROAD STATUS MAIN","risk_status":"safe"},"geometry":{"type":"LineString","coordinates":[[100.584047,13.882963],[100.584466,13.882722],[100.584608,13.882648],[100.584766,13.882574]]}},{"type":"Feature","properties":{"name":"ถนนแจ้งวัฒนะ | CCTV GREEN","description":"SOURCE=BMA_CCTV_REPORT | REPORTED=2026-09-29 13:24 ICT | STATUS=GREEN | ROAD=ถนนแจ้งวัฒนะ | OSM_WAY=32511185 | QC=PASS | SOURCE_URL=https://www.thaipbs.or.th/news/content/558830","styleUrl":"#line-00A651-6000","layer":"L1 ROAD STATUS MAIN","risk_status":"safe"},"geometry":{"type":"LineString","coordinates":[[100.584629,13.882476],[100.584524,13.88257],[100.584434,13.88264],[100.584319,13.882717],[100.584009,13.882901]]}},{"type":"Feature","properties":{"name":"ถนนแจ้งวัฒนะ | CCTV GREEN","description":"SOURCE=BMA_CCTV_REPORT | REPORTED=2026-09-29 13:24 ICT | STATUS=GREEN | ROAD=ถนนแจ้งวัฒนะ | OSM_WAY=174466204 | QC=PASS | SOURCE_URL=https://www.thaipbs.or.th/news/content/558830","styleUrl":"#line-00A651-6000","layer":"L1 ROAD STATUS MAIN","risk_status":"safe"},"geometry":{"type":"LineString","coordinates":[[100.588129,13.880651],[100.588796,13.880276]]}},{"type":"Feature","properties":{"name":"ถนนแจ้งวัฒนะ | CCTV GREEN","description":"SOURCE=BMA_CCTV_REPORT | REPORTED=2026-09-29 13:24 ICT | STATUS=GREEN | ROAD=ถนนแจ้งวัฒนะ | OSM_WAY=174466202 | QC=PASS | SOURCE_URL=https://www.thaipbs.or.th/news/content/558830","styleUrl":"#line-00A651-6000","layer":"L1 ROAD STATUS MAIN","risk_status":"safe"},"geometry":{"type":"LineString","coordinates":[[100.58872,13.880145],[100.588059,13.880517]]}},{"type":"Feature","properties":{"name":"ถนนแจ้งวัฒนะ | CCTV GREEN","description":"SOURCE=BMA_CCTV_REPORT | REPORTED=2026-09-29 13:24 ICT | STATUS=GREEN | ROAD=ถนนแจ้งวัฒนะ | OSM_WAY=156111274 | QC=PASS | SOURCE_URL=https://www.thaipbs.or.th/news/content/558830","styleUrl":"#line-00A651-6000","layer":"L1 ROAD STATUS MAIN","risk_status":"safe"},"geometry":{"type":"LineString","coordinates":[[100.581296,13.884156],[100.58128,13.884258],[100.581248,13.884311],[100.581169,13.884381],[100.581136,13.884393],[100.58109,13.88441],[100.581057,13.884427],[100.580917,13.884495],[100.580852,13.884529]]}},{"type":"Feature","properties":{"name":"ถนนแจ้งวัฒนะ | CCTV GREEN","description":"SOURCE=BMA_CCTV_REPORT | REPORTED=2026-09-29 13:24 ICT | STATUS=GREEN | ROAD=ถนนแจ้งวัฒนะ | OSM_WAY=1059889940 | QC=PASS | SOURCE_URL=https://www.thaipbs.or.th/news/content/558830","styleUrl":"#line-00A651-6000","layer":"L1 ROAD STATUS MAIN","risk_status":"safe"},"geometry":{"type":"LineString","coordinates":[[100.584766,13.882574],[100.585247,13.882284]]}},{"type":"Feature","properties":{"name":"ถนนแจ้งวัฒนะ | CCTV GREEN","description":"SOURCE=BMA_CCTV_REPORT | REPORTED=2026-09-29 13:24 ICT | STATUS=GREEN | ROAD=ถนนแจ้งวัฒนะ | OSM_WAY=1192369407 | QC=PASS | SOURCE_URL=https://www.thaipbs.or.th/news/content/558830","styleUrl":"#line-00A651-6000","layer":"L1 ROAD STATUS MAIN","risk_status":"safe"},"geometry":{"type":"LineString","coordinates":[[100.554874,13.894991],[100.554268,13.895204]]}},{"type":"Feature","properties":{"name":"ถนนแจ้งวัฒนะ | CCTV GREEN","description":"SOURCE=BMA_CCTV_REPORT | REPORTED=2026-09-29 13:24 ICT | STATUS=GREEN | ROAD=ถนนแจ้งวัฒนะ | OSM_WAY=1227157547 | QC=PASS | SOURCE_URL=https://www.thaipbs.or.th/news/content/558830","styleUrl":"#line-00A651-6000","layer":"L1 ROAD STATUS MAIN","risk_status":"safe"},"geometry":{"type":"LineString","coordinates":[[100.58249,13.883672],[100.582394,13.883726],[100.582037,13.883929]]}},{"type":"Feature","properties":{"name":"ถนนแจ้งวัฒนะ | CCTV GREEN","description":"SOURCE=BMA_CCTV_REPORT | REPORTED=2026-09-29 13:24 ICT | STATUS=GREEN | ROAD=ถนนแจ้งวัฒนะ | OSM_WAY=1050845962 | QC=PASS | SOURCE_URL=https://www.thaipbs.or.th/news/content/558830","styleUrl":"#line-00A651-6000","layer":"L1 ROAD STATUS MAIN","risk_status":"safe"},"geometry":{"type":"LineString","coordinates":[[100.580973,13.884738],[100.581033,13.884709],[100.581177,13.884634],[100.581212,13.884619],[100.58125,13.884603],[100.581332,13.884556],[100.581382,13.884548],[100.581438,13.884554],[100.581565,13.884647]]}},{"type":"Feature","properties":{"name":"ถนนแจ้งวัฒนะ | CCTV GREEN","description":"SOURCE=BMA_CCTV_REPORT | REPORTED=2026-09-29 13:24 ICT | STATUS=GREEN | ROAD=ถนนแจ้งวัฒนะ | OSM_WAY=258891483 | QC=PASS | SOURCE_URL=https://www.thaipbs.or.th/news/content/558830","styleUrl":"#line-00A651-6000","layer":"L1 ROAD STATUS MAIN","risk_status":"safe"},"geometry":{"type":"LineString","coordinates":[[100.555347,13.894824],[100.554874,13.894991]]}},{"type":"Feature","properties":{"name":"ถนนแจ้งวัฒนะ | CCTV GREEN","description":"SOURCE=BMA_CCTV_REPORT | REPORTED=2026-09-29 13:24 ICT | STATUS=GREEN | ROAD=ถนนแจ้งวัฒนะ | OSM_WAY=174079385 | QC=PASS | SOURCE_URL=https://www.thaipbs.or.th/news/content/558830","styleUrl":"#line-00A651-6000","layer":"L1 ROAD STATUS MAIN","risk_status":"safe"},"geometry":{"type":"LineString","coordinates":[[100.579924,13.885021],[100.579632,13.885177]]}},{"type":"Feature","properties":{"name":"ถนนแจ้งวัฒนะ | CCTV GREEN","description":"SOURCE=BMA_CCTV_REPORT | REPORTED=2026-09-29 13:24 ICT | STATUS=GREEN | ROAD=ถนนแจ้งวัฒนะ | OSM_WAY=174079386 | QC=PASS | SOURCE_URL=https://www.thaipbs.or.th/news/content/558830","styleUrl":"#line-00A651-6000","layer":"L1 ROAD STATUS MAIN","risk_status":"safe"},"geometry":{"type":"LineString","coordinates":[[100.579811,13.885407],[100.580096,13.885253]]}},{"type":"Feature","properties":{"name":"ถนนแจ้งวัฒนะ | CCTV GREEN","description":"SOURCE=BMA_CCTV_REPORT | REPORTED=2026-09-29 13:24 ICT | STATUS=GREEN | ROAD=ถนนแจ้งวัฒนะ | OSM_WAY=1059889943 | QC=PASS | SOURCE_URL=https://www.thaipbs.or.th/news/content/558830","styleUrl":"#line-00A651-6000","layer":"L1 ROAD STATUS MAIN","risk_status":"safe"},"geometry":{"type":"LineString","coordinates":[[100.582037,13.883929],[100.581907,13.884],[100.581826,13.884007],[100.581757,13.883993],[100.581655,13.883908]]}},{"type":"Feature","properties":{"name":"ถนนแจ้งวัฒนะ | CCTV GREEN","description":"SOURCE=BMA_CCTV_REPORT | REPORTED=2026-09-29 13:24 ICT | STATUS=GREEN | ROAD=ถนนแจ้งวัฒนะ | OSM_WAY=1124685478 | QC=PASS | SOURCE_URL=https://www.thaipbs.or.th/news/content/558830","styleUrl":"#line-00A651-6000","layer":"L1 ROAD STATUS MAIN","risk_status":"safe"},"geometry":{"type":"LineString","coordinates":[[100.564358,13.891906],[100.564676,13.891796]]}},{"type":"Feature","properties":{"name":"ถนนแจ้งวัฒนะ | CCTV GREEN","description":"SOURCE=BMA_CCTV_REPORT | REPORTED=2026-09-29 13:24 ICT | STATUS=GREEN | ROAD=ถนนแจ้งวัฒนะ | OSM_WAY=1124685477 | QC=PASS | SOURCE_URL=https://www.thaipbs.or.th/news/content/558830","styleUrl":"#line-00A651-6000","layer":"L1 ROAD STATUS MAIN","risk_status":"safe"},"geometry":{"type":"LineString","coordinates":[[100.564561,13.891556],[100.564269,13.891661]]}},{"type":"Feature","properties":{"name":"ถนนแจ้งวัฒนะ | CCTV GREEN","description":"SOURCE=BMA_CCTV_REPORT | REPORTED=2026-09-29 13:24 ICT | STATUS=GREEN | ROAD=ถนนแจ้งวัฒนะ | OSM_WAY=168739077 | QC=PASS | SOURCE_URL=https://www.thaipbs.or.th/news/content/558830","styleUrl":"#line-00A651-6000","layer":"L1 ROAD STATUS MAIN","risk_status":"safe"},"geometry":{"type":"LineString","coordinates":[[100.567701,13.890521],[100.567449,13.890612]]}},{"type":"Feature","properties":{"name":"ถนนลาดกระบัง | CCTV YELLOW","description":"SOURCE=BMA_CCTV_REPORT | REPORTED=2026-09-29 13:24 ICT | STATUS=YELLOW | ROAD=ถนนลาดกระบัง | OSM_WAY=940898890 | QC=PASS | SOURCE_URL=https://www.thaipbs.or.th/news/content/558830","styleUrl":"#line-FFD400-7000","layer":"L1 ROAD STATUS MAIN","risk_status":"caution"},"geometry":{"type":"LineString","coordinates":[[100.754394,13.722],[100.754657,13.721936],[100.754779,13.721903],[100.754991,13.721848],[100.755066,13.721827],[100.755435,13.721738],[100.755585,13.721704],[100.755713,13.721678],[100.755847,13.721658],[100.755993,13.721647],[100.756143,13.721644],[100.756362,13.721645],[100.756765,13.721656]]}},{"type":"Feature","properties":{"name":"ถนนลาดกระบัง | CCTV YELLOW","description":"SOURCE=BMA_CCTV_REPORT | REPORTED=2026-09-29 13:24 ICT | STATUS=YELLOW | ROAD=ถนนลาดกระบัง | OSM_WAY=1485283296 | QC=PASS | SOURCE_URL=https://www.thaipbs.or.th/news/content/558830","styleUrl":"#line-FFD400-7000","layer":"L1 ROAD STATUS MAIN","risk_status":"caution"},"geometry":{"type":"LineString","coordinates":[[100.756518,13.721522],[100.756059,13.721521],[100.755862,13.72153],[100.755677,13.721554],[100.755504,13.721591],[100.75533,13.721633],[100.75436,13.721868]]}},{"type":"Feature","properties":{"name":"ถนนลาดกระบัง | CCTV YELLOW","description":"SOURCE=BMA_CCTV_REPORT | REPORTED=2026-09-29 13:24 ICT | STATUS=YELLOW | ROAD=ถนนลาดกระบัง | OSM_WAY=59384954 | QC=PASS | SOURCE_URL=https://www.thaipbs.or.th/news/content/558830","styleUrl":"#line-FFD400-7000","layer":"L1 ROAD STATUS MAIN","risk_status":"caution"},"geometry":{"type":"LineString","coordinates":[[100.761614,13.721585],[100.761033,13.721577],[100.760053,13.721564],[100.759948,13.721564],[100.759788,13.721564],[100.758526,13.721559],[100.758213,13.721554],[100.757321,13.721528],[100.756774,13.721528]]}},{"type":"Feature","properties":{"name":"ถนนลาดกระบัง | CCTV YELLOW","description":"SOURCE=BMA_CCTV_REPORT | REPORTED=2026-09-29 13:24 ICT | STATUS=YELLOW | ROAD=ถนนลาดกระบัง | OSM_WAY=941184558 | QC=PASS | SOURCE_URL=https://www.thaipbs.or.th/news/content/558830","styleUrl":"#line-FFD400-7000","layer":"L1 ROAD STATUS MAIN","risk_status":"caution"},"geometry":{"type":"LineString","coordinates":[[100.75697,13.721658],[100.757383,13.72166],[100.758123,13.721675],[100.758179,13.721675],[100.758651,13.721681],[100.759889,13.721698],[100.76026,13.721692],[100.761076,13.721709],[100.761162,13.721706],[100.761487,13.721703],[100.761527,13.721704]]}},{"type":"Feature","properties":{"name":"ถนนลาดกระบัง | CCTV YELLOW","description":"SOURCE=BMA_CCTV_REPORT | REPORTED=2026-09-29 13:24 ICT | STATUS=YELLOW | ROAD=ถนนลาดกระบัง | OSM_WAY=940331847 | QC=PASS | SOURCE_URL=https://www.thaipbs.or.th/news/content/558830","styleUrl":"#line-FFD400-7000","layer":"L1 ROAD STATUS MAIN","risk_status":"caution"},"geometry":{"type":"LineString","coordinates":[[100.765074,13.721624],[100.764585,13.721625],[100.764367,13.721621],[100.763994,13.721617],[100.763637,13.721614],[100.763361,13.721619],[100.762649,13.721614],[100.762305,13.721606],[100.762138,13.7216]]}},{"type":"Feature","properties":{"name":"ถนนลาดกระบัง | CCTV YELLOW","description":"SOURCE=BMA_CCTV_REPORT | REPORTED=2026-09-29 13:24 ICT | STATUS=YELLOW | ROAD=ถนนลาดกระบัง | OSM_WAY=59384950 | QC=PASS | SOURCE_URL=https://www.thaipbs.or.th/news/content/558830","styleUrl":"#line-FFD400-7000","layer":"L1 ROAD STATUS MAIN","risk_status":"caution"},"geometry":{"type":"LineString","coordinates":[[100.765869,13.721736],[100.767297,13.721771]]}},{"type":"Feature","properties":{"name":"ถนนลาดกระบัง | CCTV YELLOW","description":"SOURCE=BMA_CCTV_REPORT | REPORTED=2026-09-29 13:24 ICT | STATUS=YELLOW | ROAD=ถนนลาดกระบัง | OSM_WAY=941184736 | QC=PASS | SOURCE_URL=https://www.thaipbs.or.th/news/content/558830","styleUrl":"#line-FFD400-7000","layer":"L1 ROAD STATUS MAIN","risk_status":"caution"},"geometry":{"type":"LineString","coordinates":[[100.763314,13.721736],[100.763603,13.721738],[100.76399,13.721737],[100.764241,13.721742],[100.764579,13.72175],[100.764905,13.721762]]}},{"type":"Feature","properties":{"name":"ถนนลาดกระบัง | CCTV YELLOW","description":"SOURCE=BMA_CCTV_REPORT | REPORTED=2026-09-29 13:24 ICT | STATUS=YELLOW | ROAD=ถนนลาดกระบัง | OSM_WAY=59384959 | QC=PASS | SOURCE_URL=https://www.thaipbs.or.th/news/content/558830","styleUrl":"#line-FFD400-7000","layer":"L1 ROAD STATUS MAIN","risk_status":"caution"},"geometry":{"type":"LineString","coordinates":[[100.762136,13.721712],[100.762594,13.721726],[100.762822,13.721732],[100.762957,13.721736],[100.763209,13.721735]]}},{"type":"Feature","properties":{"name":"ถนนลาดกระบัง | CCTV YELLOW","description":"SOURCE=BMA_CCTV_REPORT | REPORTED=2026-09-29 13:24 ICT | STATUS=YELLOW | ROAD=ถนนลาดกระบัง | OSM_WAY=59384951 | QC=PASS | SOURCE_URL=https://www.thaipbs.or.th/news/content/558830","styleUrl":"#line-FFD400-7000","layer":"L1 ROAD STATUS MAIN","risk_status":"caution"},"geometry":{"type":"LineString","coordinates":[[100.767304,13.721661],[100.765865,13.721644]]}},{"type":"Feature","properties":{"name":"ถนนลาดกระบัง | CCTV YELLOW","description":"SOURCE=BMA_CCTV_REPORT | REPORTED=2026-09-29 13:24 ICT | STATUS=YELLOW | ROAD=ถนนลาดกระบัง | OSM_WAY=59384960 | QC=PASS | SOURCE_URL=https://www.thaipbs.or.th/news/content/558830","styleUrl":"#line-FFD400-7000","layer":"L1 ROAD STATUS MAIN","risk_status":"caution"},"geometry":{"type":"LineString","coordinates":[[100.765865,13.721644],[100.765386,13.721622]]}},{"type":"Feature","properties":{"name":"ถนนลาดกระบัง | CCTV YELLOW","description":"SOURCE=BMA_CCTV_REPORT | REPORTED=2026-09-29 13:24 ICT | STATUS=YELLOW | ROAD=ถนนลาดกระบัง | OSM_WAY=940331845 | QC=PASS | SOURCE_URL=https://www.thaipbs.or.th/news/content/558830","styleUrl":"#line-FFD400-7000","layer":"L1 ROAD STATUS MAIN","risk_status":"caution"},"geometry":{"type":"LineString","coordinates":[[100.765383,13.721757],[100.765869,13.721736]]}},{"type":"Feature","properties":{"name":"ถนนลาดกระบัง | CCTV YELLOW","description":"SOURCE=BMA_CCTV_REPORT | REPORTED=2026-09-29 13:24 ICT | STATUS=YELLOW | ROAD=ถนนลาดกระบัง | OSM_WAY=59384957 | QC=PASS | SOURCE_URL=https://www.thaipbs.or.th/news/content/558830","styleUrl":"#line-FFD400-7000","layer":"L1 ROAD STATUS MAIN","risk_status":"caution"},"geometry":{"type":"LineString","coordinates":[[100.762138,13.7216],[100.761672,13.721585],[100.761614,13.721585]]}},{"type":"Feature","properties":{"name":"ถนนลาดกระบัง | CCTV YELLOW","description":"SOURCE=BMA_CCTV_REPORT | REPORTED=2026-09-29 13:24 ICT | STATUS=YELLOW | ROAD=ถนนลาดกระบัง | OSM_WAY=59384956 | QC=PASS | SOURCE_URL=https://www.thaipbs.or.th/news/content/558830","styleUrl":"#line-FFD400-7000","layer":"L1 ROAD STATUS MAIN","risk_status":"caution"},"geometry":{"type":"LineString","coordinates":[[100.761527,13.721704],[100.762136,13.721712]]}},{"type":"Feature","properties":{"name":"ถนนลาดกระบัง | CCTV YELLOW","description":"SOURCE=BMA_CCTV_REPORT | REPORTED=2026-09-29 13:24 ICT | STATUS=YELLOW | ROAD=ถนนลาดกระบัง | OSM_WAY=940334271 | QC=PASS | SOURCE_URL=https://www.thaipbs.or.th/news/content/558830","styleUrl":"#line-FFD400-7000","layer":"L1 ROAD STATUS MAIN","risk_status":"caution"},"geometry":{"type":"LineString","coordinates":[[100.764905,13.721762],[100.765325,13.721756]]}},{"type":"Feature","properties":{"name":"ถนนลาดกระบัง | CCTV YELLOW","description":"SOURCE=BMA_CCTV_REPORT | REPORTED=2026-09-29 13:24 ICT | STATUS=YELLOW | ROAD=ถนนลาดกระบัง | OSM_WAY=941184556 | QC=PASS | SOURCE_URL=https://www.thaipbs.or.th/news/content/558830","styleUrl":"#line-FFD400-7000","layer":"L1 ROAD STATUS MAIN","risk_status":"caution"},"geometry":{"type":"LineString","coordinates":[[100.756774,13.721528],[100.756518,13.721522]]}},{"type":"Feature","properties":{"name":"ถนนลาดกระบัง | CCTV YELLOW","description":"SOURCE=BMA_CCTV_REPORT | REPORTED=2026-09-29 13:24 ICT | STATUS=YELLOW | ROAD=ถนนลาดกระบัง | OSM_WAY=940331846 | QC=PASS | SOURCE_URL=https://www.thaipbs.or.th/news/content/558830","styleUrl":"#line-FFD400-7000","layer":"L1 ROAD STATUS MAIN","risk_status":"caution"},"geometry":{"type":"LineString","coordinates":[[100.765386,13.721622],[100.765074,13.721624]]}},{"type":"Feature","properties":{"name":"ถนนลาดกระบัง | CCTV YELLOW","description":"SOURCE=BMA_CCTV_REPORT | REPORTED=2026-09-29 13:24 ICT | STATUS=YELLOW | ROAD=ถนนลาดกระบัง | OSM_WAY=941184557 | QC=PASS | SOURCE_URL=https://www.thaipbs.or.th/news/content/558830","styleUrl":"#line-FFD400-7000","layer":"L1 ROAD STATUS MAIN","risk_status":"caution"},"geometry":{"type":"LineString","coordinates":[[100.756765,13.721656],[100.75697,13.721658]]}},{"type":"Feature","properties":{"name":"ถนนลาดกระบัง | CCTV YELLOW","description":"SOURCE=BMA_CCTV_REPORT | REPORTED=2026-09-29 13:24 ICT | STATUS=YELLOW | ROAD=ถนนลาดกระบัง | OSM_WAY=941184737 | QC=PASS | SOURCE_URL=https://www.thaipbs.or.th/news/content/558830","styleUrl":"#line-FFD400-7000","layer":"L1 ROAD STATUS MAIN","risk_status":"caution"},"geometry":{"type":"LineString","coordinates":[[100.763209,13.721735],[100.763314,13.721736]]}},{"type":"Feature","properties":{"name":"ถนนลาดกระบัง | CCTV YELLOW","description":"SOURCE=BMA_CCTV_REPORT | REPORTED=2026-09-29 13:24 ICT | STATUS=YELLOW | ROAD=ถนนลาดกระบัง | OSM_WAY=940331844 | QC=PASS | SOURCE_URL=https://www.thaipbs.or.th/news/content/558830","styleUrl":"#line-FFD400-7000","layer":"L1 ROAD STATUS MAIN","risk_status":"caution"},"geometry":{"type":"LineString","coordinates":[[100.765325,13.721756],[100.765383,13.721757]]}},{"type":"Feature","properties":{"name":"ถนนลาดกระบัง | CCTV YELLOW","description":"SOURCE=BMA_CCTV_REPORT | REPORTED=2026-09-29 13:24 ICT | STATUS=YELLOW | ROAD=ถนนลาดกระบัง | OSM_WAY=53573239 | QC=PASS | SOURCE_URL=https://www.thaipbs.or.th/news/content/558830","styleUrl":"#line-FFD400-7000","layer":"L1 ROAD STATUS MAIN","risk_status":"caution"},"geometry":{"type":"LineString","coordinates":[[100.736971,13.722504],[100.738396,13.722506],[100.740125,13.72251],[100.740132,13.72251],[100.740185,13.722509],[100.740294,13.722511],[100.740697,13.722512],[100.741193,13.722516],[100.741635,13.722528],[100.741758,13.722531],[100.741976,13.722535],[100.742174,13.722539],[100.742824,13.722556],[100.743057,13.722564],[100.743467,13.722573],[100.743894,13.72258],[100.744519,13.722588],[100.744683,13.722594],[100.745608,13.722617],[100.7464,13.722654],[100.746518,13.722656]]}},{"type":"Feature","properties":{"name":"ถนนลาดกระบัง | CCTV YELLOW","description":"SOURCE=BMA_CCTV_REPORT | REPORTED=2026-09-29 13:24 ICT | STATUS=YELLOW | ROAD=ถนนลาดกระบัง | OSM_WAY=1125681218 | QC=PASS | SOURCE_URL=https://www.thaipbs.or.th/news/content/558830","styleUrl":"#line-FFD400-7000","layer":"L1 ROAD STATUS MAIN","risk_status":"caution"},"geometry":{"type":"LineString","coordinates":[[100.729902,13.72236],[100.730004,13.722364],[100.730442,13.722378],[100.730965,13.722384],[100.7313,13.72239],[100.731557,13.722398],[100.73192,13.722403],[100.73242,13.722412],[100.732905,13.72242],[100.733186,13.722425],[100.73371,13.722435],[100.733872,13.722436],[100.734582,13.722448],[100.734659,13.722449],[100.734805,13.722449],[100.735088,13.722454],[100.735477,13.722463],[100.736541,13.722485],[100.736971,13.722504]]}},{"type":"Feature","properties":{"name":"ถนนลาดกระบัง | CCTV YELLOW","description":"SOURCE=BMA_CCTV_REPORT | REPORTED=2026-09-29 13:24 ICT | STATUS=YELLOW | ROAD=ถนนลาดกระบัง | OSM_WAY=456381814 | QC=PASS | SOURCE_URL=https://www.thaipbs.or.th/news/content/558830","styleUrl":"#line-FFD400-7000","layer":"L1 ROAD STATUS MAIN","risk_status":"caution"},"geometry":{"type":"LineString","coordinates":[[100.750247,13.722808],[100.750176,13.722787],[100.749885,13.722713],[100.749605,13.722653],[100.749318,13.722608],[100.748964,13.722562],[100.748723,13.722541],[100.747879,13.72255],[100.747641,13.722546],[100.747486,13.722546]]}},{"type":"Feature","properties":{"name":"ถนนลาดกระบัง | CCTV YELLOW","description":"SOURCE=BMA_CCTV_REPORT | REPORTED=2026-09-29 13:24 ICT | STATUS=YELLOW | ROAD=ถนนลาดกระบัง | OSM_WAY=934261560 | QC=PASS | SOURCE_URL=https://www.thaipbs.or.th/news/content/558830","styleUrl":"#line-FFD400-7000","layer":"L1 ROAD STATUS MAIN","risk_status":"caution"},"geometry":{"type":"LineString","coordinates":[[100.735309,13.722351],[100.734816,13.722334],[100.734662,13.722329],[100.73435,13.722324],[100.734142,13.722323],[100.733764,13.722318],[100.733215,13.722312],[100.732899,13.722304],[100.732765,13.722303],[100.732583,13.722299],[100.732032,13.722286],[100.731567,13.722277],[100.73083,13.722263],[100.730178,13.722257],[100.730096,13.722255],[100.729943,13.722254]]}},{"type":"Feature","properties":{"name":"ถนนลาดกระบัง | CCTV YELLOW","description":"SOURCE=BMA_CCTV_REPORT | REPORTED=2026-09-29 13:24 ICT | STATUS=YELLOW | ROAD=ถนนลาดกระบัง | OSM_WAY=697986830 | QC=PASS | SOURCE_URL=https://www.thaipbs.or.th/news/content/558830","styleUrl":"#line-FFD400-7000","layer":"L1 ROAD STATUS MAIN","risk_status":"caution"},"geometry":{"type":"LineString","coordinates":[[100.750203,13.722927],[100.750709,13.723066],[100.750937,13.723116],[100.75109,13.723149],[100.751219,13.723157],[100.751371,13.723156],[100.7515,13.723134],[100.751658,13.723068],[100.751758,13.723007]]}},{"type":"Feature","properties":{"name":"ถนนลาดกระบัง | CCTV YELLOW","description":"SOURCE=BMA_CCTV_REPORT | REPORTED=2026-09-29 13:24 ICT | STATUS=YELLOW | ROAD=ถนนลาดกระบัง | OSM_WAY=1050503229 | QC=PASS | SOURCE_URL=https://www.thaipbs.or.th/news/content/558830","styleUrl":"#line-FFD400-7000","layer":"L1 ROAD STATUS MAIN","risk_status":"caution"},"geometry":{"type":"LineString","coordinates":[[100.747889,13.722679],[100.748102,13.722679],[100.748334,13.722681],[100.748711,13.722684],[100.748913,13.722705],[100.749161,13.722731],[100.749329,13.722749],[100.749758,13.722824]]}},{"type":"Feature","properties":{"name":"ถนนลาดกระบัง | CCTV YELLOW","description":"SOURCE=BMA_CCTV_REPORT | REPORTED=2026-09-29 13:24 ICT | STATUS=YELLOW | ROAD=ถนนลาดกระบัง | OSM_WAY=59384953 | QC=PASS | SOURCE_URL=https://www.thaipbs.or.th/news/content/558830","styleUrl":"#line-FFD400-7000","layer":"L1 ROAD STATUS MAIN","risk_status":"caution"},"geometry":{"type":"LineString","coordinates":[[100.75226,13.722712],[100.75239,13.72263],[100.752654,13.722497],[100.752802,13.722439],[100.752959,13.72239]]}},{"type":"Feature","properties":{"name":"ถนนลาดกระบัง | CCTV YELLOW","description":"SOURCE=BMA_CCTV_REPORT | REPORTED=2026-09-29 13:24 ICT | STATUS=YELLOW | ROAD=ถนนลาดกระบัง | OSM_WAY=59384952 | QC=PASS | SOURCE_URL=https://www.thaipbs.or.th/news/content/558830","styleUrl":"#line-FFD400-7000","layer":"L1 ROAD STATUS MAIN","risk_status":"caution"},"geometry":{"type":"LineString","coordinates":[[100.744989,13.722498],[100.744472,13.72249],[100.744271,13.722487],[100.743104,13.722469],[100.742604,13.722458],[100.741516,13.72244]]}},{"type":"Feature","properties":{"name":"ถนนลาดกระบัง | CCTV YELLOW","description":"SOURCE=BMA_CCTV_REPORT | REPORTED=2026-09-29 13:24 ICT | STATUS=YELLOW | ROAD=ถนนลาดกระบัง | OSM_WAY=59384963 | QC=PASS | SOURCE_URL=https://www.thaipbs.or.th/news/content/558830","styleUrl":"#line-FFD400-7000","layer":"L1 ROAD STATUS MAIN","risk_status":"caution"},"geometry":{"type":"LineString","coordinates":[[100.752207,13.722612],[100.751971,13.722759],[100.7517,13.722912]]}},{"type":"Feature","properties":{"name":"ถนนลาดกระบัง | CCTV YELLOW","description":"SOURCE=BMA_CCTV_REPORT | REPORTED=2026-09-29 13:24 ICT | STATUS=YELLOW | ROAD=ถนนลาดกระบัง | OSM_WAY=963618658 | QC=PASS | SOURCE_URL=https://www.thaipbs.or.th/news/content/558830","styleUrl":"#line-FFD400-7000","layer":"L1 ROAD STATUS MAIN","risk_status":"caution"},"geometry":{"type":"LineString","coordinates":[[100.739037,13.722392],[100.738884,13.72239],[100.738643,13.722385],[100.738396,13.722383],[100.737941,13.722379],[100.737495,13.722371],[100.736783,13.722366],[100.736006,13.722354],[100.735613,13.72235]]}},{"type":"Feature","properties":{"name":"ถนนลาดกระบัง | CCTV YELLOW","description":"SOURCE=BMA_CCTV_REPORT | REPORTED=2026-09-29 13:24 ICT | STATUS=YELLOW | ROAD=ถนนลาดกระบัง | OSM_WAY=1435984564 | QC=PASS | SOURCE_URL=https://www.thaipbs.or.th/news/content/558830","styleUrl":"#line-FFD400-7000","layer":"L1 ROAD STATUS MAIN","risk_status":"caution"},"geometry":{"type":"LineString","coordinates":[[100.749758,13.722824],[100.749881,13.722848],[100.750203,13.722927]]}},{"type":"Feature","properties":{"name":"ถนนลาดกระบัง | CCTV YELLOW","description":"SOURCE=BMA_CCTV_REPORT | REPORTED=2026-09-29 13:24 ICT | STATUS=YELLOW | ROAD=ถนนลาดกระบัง | OSM_WAY=456381813 | QC=PASS | SOURCE_URL=https://www.thaipbs.or.th/news/content/558830","styleUrl":"#line-FFD400-7000","layer":"L1 ROAD STATUS MAIN","risk_status":"caution"},"geometry":{"type":"LineString","coordinates":[[100.747486,13.722546],[100.747394,13.722544],[100.747022,13.722541],[100.746849,13.722537],[100.746749,13.722538],[100.746718,13.722537],[100.746601,13.722533]]}},{"type":"Feature","properties":{"name":"ถนนลาดกระบัง | CCTV YELLOW","description":"SOURCE=BMA_CCTV_REPORT | REPORTED=2026-09-29 13:24 ICT | STATUS=YELLOW | ROAD=ถนนลาดกระบัง | OSM_WAY=1225644517 | QC=PASS | SOURCE_URL=https://www.thaipbs.or.th/news/content/558830","styleUrl":"#line-FFD400-7000","layer":"L1 ROAD STATUS MAIN","risk_status":"caution"},"geometry":{"type":"LineString","coordinates":[[100.740938,13.722431],[100.740703,13.722427],[100.740606,13.722416]]}},{"type":"Feature","properties":{"name":"ถนนลาดกระบัง | CCTV YELLOW","description":"SOURCE=BMA_CCTV_REPORT | REPORTED=2026-09-29 13:24 ICT | STATUS=YELLOW | ROAD=ถนนลาดกระบัง | OSM_WAY=1225644515 | QC=PASS | SOURCE_URL=https://www.thaipbs.or.th/news/content/558830","styleUrl":"#line-FFD400-7000","layer":"L1 ROAD STATUS MAIN","risk_status":"caution"},"geometry":{"type":"LineString","coordinates":[[100.741516,13.72244],[100.741376,13.722438],[100.740938,13.722431]]}},{"type":"Feature","properties":{"name":"ถนนลาดกระบัง | CCTV YELLOW","description":"SOURCE=BMA_CCTV_REPORT | REPORTED=2026-09-29 13:24 ICT | STATUS=YELLOW | ROAD=ถนนลาดกระบัง | OSM_WAY=1225644516 | QC=PASS | SOURCE_URL=https://www.thaipbs.or.th/news/content/558830","styleUrl":"#line-FFD400-7000","layer":"L1 ROAD STATUS MAIN","risk_status":"caution"},"geometry":{"type":"LineString","coordinates":[[100.740606,13.722416],[100.740037,13.72241]]}},{"type":"Feature","properties":{"name":"ถนนลาดกระบัง | CCTV YELLOW","description":"SOURCE=BMA_CCTV_REPORT | REPORTED=2026-09-29 13:24 ICT | STATUS=YELLOW | ROAD=ถนนลาดกระบัง | OSM_WAY=1191185305 | QC=PASS | SOURCE_URL=https://www.thaipbs.or.th/news/content/558830","styleUrl":"#line-FFD400-7000","layer":"L1 ROAD STATUS MAIN","risk_status":"caution"},"geometry":{"type":"LineString","coordinates":[[100.746518,13.722656],[100.746603,13.722653]]}},{"type":"Feature","properties":{"name":"ถนนลาดกระบัง | CCTV YELLOW","description":"SOURCE=BMA_CCTV_REPORT | REPORTED=2026-09-29 13:24 ICT | STATUS=YELLOW | ROAD=ถนนลาดกระบัง | OSM_WAY=934261559 | QC=PASS | SOURCE_URL=https://www.thaipbs.or.th/news/content/558830","styleUrl":"#line-FFD400-7000","layer":"L1 ROAD STATUS MAIN","risk_status":"caution"},"geometry":{"type":"LineString","coordinates":[[100.735613,13.72235],[100.735481,13.722351],[100.735309,13.722351]]}},{"type":"Feature","properties":{"name":"ถนนลาดกระบัง | CCTV YELLOW","description":"SOURCE=BMA_CCTV_REPORT | REPORTED=2026-09-29 13:24 ICT | STATUS=YELLOW | ROAD=ถนนลาดกระบัง | OSM_WAY=456381812 | QC=PASS | SOURCE_URL=https://www.thaipbs.or.th/news/content/558830","styleUrl":"#line-FFD400-7000","layer":"L1 ROAD STATUS MAIN","risk_status":"caution"},"geometry":{"type":"LineString","coordinates":[[100.746601,13.722533],[100.746526,13.722534]]}},{"type":"Feature","properties":{"name":"ถนนเทพรักษ์ | CCTV YELLOW","description":"SOURCE=BMA_CCTV_REPORT | REPORTED=2026-09-29 13:24 ICT | STATUS=YELLOW | ROAD=ถนนเทพรักษ์ | OSM_WAY=904908180 | QC=PASS | SOURCE_URL=https://www.thaipbs.or.th/news/content/558830","styleUrl":"#line-FFD400-7000","layer":"L1 ROAD STATUS MAIN","risk_status":"caution"},"geometry":{"type":"LineString","coordinates":[[100.639681,13.875997],[100.639543,13.876038],[100.639388,13.876089],[100.638581,13.876352],[100.63849,13.876381],[100.637858,13.876587],[100.637678,13.876645],[100.637644,13.876656],[100.637346,13.876753],[100.637246,13.876785],[100.636589,13.876982],[100.63622,13.877092],[100.635942,13.877171],[100.635249,13.877393],[100.633435,13.877912],[100.633062,13.878021],[100.631591,13.878454],[100.630758,13.878726],[100.630602,13.878776],[100.630519,13.8788],[100.630502,13.87881],[100.630308,13.878873],[100.630269,13.878885],[100.63022,13.878902],[100.630097,13.87895],[100.629285,13.879267],[100.62861,13.879542],[100.628559,13.879564],[100.62774,13.879923],[100.627689,13.879945],[100.625757,13.88099],[100.624994,13.881448],[100.623952,13.882062],[100.623225,13.882524],[100.623195,13.882543]]}},{"type":"Feature","properties":{"name":"ถนนเทพรักษ์ | CCTV YELLOW","description":"SOURCE=BMA_CCTV_REPORT | REPORTED=2026-09-29 13:24 ICT | STATUS=YELLOW | ROAD=ถนนเทพรักษ์ | OSM_WAY=905378836 | QC=PASS | SOURCE_URL=https://www.thaipbs.or.th/news/content/558830","styleUrl":"#line-FFD400-7000","layer":"L1 ROAD STATUS MAIN","risk_status":"caution"},"geometry":{"type":"LineString","coordinates":[[100.623417,13.882589],[100.624056,13.882199],[100.624671,13.881819],[100.625083,13.881564],[100.625278,13.881453],[100.625416,13.881356],[100.625822,13.881107],[100.626515,13.880756],[100.626915,13.880552],[100.627238,13.880389],[100.627746,13.880131],[100.628554,13.879761],[100.628682,13.879702],[100.629295,13.879458],[100.629779,13.879264],[100.630284,13.879065],[100.630359,13.879036],[100.630658,13.878928],[100.630842,13.878876],[100.631634,13.878608],[100.632201,13.87844],[100.632884,13.878238],[100.633268,13.878124],[100.633638,13.878015],[100.633878,13.877946],[100.634351,13.877803],[100.636469,13.877173],[100.637296,13.876923],[100.637753,13.876812],[100.63843,13.876623],[100.639436,13.876357],[100.639629,13.876306],[100.639807,13.876254]]}},{"type":"Feature","properties":{"name":"ถนนเทพรักษ์ | CCTV YELLOW","description":"SOURCE=BMA_CCTV_REPORT | REPORTED=2026-09-29 13:24 ICT | STATUS=YELLOW | ROAD=ถนนเทพรักษ์ | OSM_WAY=905378837 | QC=PASS | SOURCE_URL=https://www.thaipbs.or.th/news/content/558830","styleUrl":"#line-FFD400-7000","layer":"L1 ROAD STATUS MAIN","risk_status":"caution"},"geometry":{"type":"LineString","coordinates":[[100.609105,13.889185],[100.609343,13.889092],[100.6097,13.888951],[100.611575,13.888221],[100.611938,13.888079],[100.612807,13.88774],[100.613326,13.887551],[100.613651,13.887428],[100.613979,13.8873],[100.614355,13.887145],[100.614721,13.886999],[100.615112,13.886849],[100.615598,13.886663],[100.616006,13.886507],[100.61642,13.886344],[100.616933,13.886138],[100.617936,13.885701],[100.618284,13.885549],[100.618304,13.885541],[100.618408,13.885497],[100.618463,13.885469],[100.619083,13.885153],[100.619808,13.884784],[100.61985,13.884762],[100.619982,13.884694],[100.620132,13.884603],[100.62038,13.884452],[100.620891,13.884142],[100.620934,13.884116],[100.621378,13.883851],[100.622578,13.883118],[100.623164,13.882754]]}},{"type":"Feature","properties":{"name":"ถนนเทพรักษ์ | CCTV YELLOW","description":"SOURCE=BMA_CCTV_REPORT | REPORTED=2026-09-29 13:24 ICT | STATUS=YELLOW | ROAD=ถนนเทพรักษ์ | OSM_WAY=904908179 | QC=PASS | SOURCE_URL=https://www.thaipbs.or.th/news/content/558830","styleUrl":"#line-FFD400-7000","layer":"L1 ROAD STATUS MAIN","risk_status":"caution"},"geometry":{"type":"LineString","coordinates":[[100.623093,13.882609],[100.622844,13.882775],[100.622534,13.882984],[100.619934,13.884555],[100.618417,13.885321],[100.618335,13.885362],[100.618267,13.885394],[100.618169,13.885439],[100.617826,13.885597],[100.617653,13.885678],[100.617475,13.885753],[100.616912,13.88599],[100.616417,13.886185],[100.615996,13.886351],[100.615604,13.886506],[100.615116,13.886693],[100.614725,13.886851],[100.614323,13.887005],[100.613961,13.887149],[100.612776,13.8876],[100.61188,13.887938],[100.611652,13.88803],[100.61156,13.888067],[100.611322,13.888164],[100.610452,13.888505],[100.610131,13.888629],[100.609581,13.888838],[100.609298,13.888947],[100.609055,13.889046]]}},{"type":"Feature","properties":{"name":"ถนนเทพรักษ์ | CCTV YELLOW","description":"SOURCE=BMA_CCTV_REPORT | REPORTED=2026-09-29 13:24 ICT | STATUS=YELLOW | ROAD=ถนนเทพรักษ์ | OSM_WAY=1030581570 | QC=PASS | SOURCE_URL=https://www.thaipbs.or.th/news/content/558830","styleUrl":"#line-FFD400-7000","layer":"L1 ROAD STATUS MAIN","risk_status":"caution"},"geometry":{"type":"LineString","coordinates":[[100.599956,13.892185],[100.600417,13.892484],[100.600594,13.892626],[100.600792,13.892827],[100.600943,13.892974],[100.601161,13.89315],[100.601433,13.893291],[100.601689,13.893367],[100.601903,13.893386],[100.602096,13.893379],[100.602331,13.893342],[100.60254,13.893277],[100.602728,13.893185],[100.602884,13.893073],[100.603074,13.8929],[100.604829,13.891161],[100.605053,13.890965],[100.605371,13.890696],[100.605511,13.890587],[100.605747,13.890426],[100.606042,13.890272],[100.607693,13.88966]]}},{"type":"Feature","properties":{"name":"ถนนเทพรักษ์ | CCTV YELLOW","description":"SOURCE=BMA_CCTV_REPORT | REPORTED=2026-09-29 13:24 ICT | STATUS=YELLOW | ROAD=ถนนเทพรักษ์ | OSM_WAY=1030581571 | QC=PASS | SOURCE_URL=https://www.thaipbs.or.th/news/content/558830","styleUrl":"#line-FFD400-7000","layer":"L1 ROAD STATUS MAIN","risk_status":"caution"},"geometry":{"type":"LineString","coordinates":[[100.607676,13.889602],[100.606034,13.890202],[100.605708,13.890368],[100.605472,13.890514],[100.605267,13.890667],[100.604992,13.890906],[100.604769,13.891095],[100.603011,13.892845],[100.602761,13.893068],[100.602585,13.893176],[100.602415,13.893239],[100.602268,13.893276],[100.602091,13.8933],[100.601872,13.8933],[100.601643,13.893265],[100.601465,13.893213],[100.6012,13.893078],[100.600993,13.892907],[100.600771,13.892689],[100.600618,13.892543],[100.600459,13.892419],[100.600003,13.892113]]}},{"type":"Feature","properties":{"name":"ถนนเทพรักษ์ | CCTV YELLOW","description":"SOURCE=BMA_CCTV_REPORT | REPORTED=2026-09-29 13:24 ICT | STATUS=YELLOW | ROAD=ถนนเทพรักษ์ | OSM_WAY=1030581576 | QC=PASS | SOURCE_URL=https://www.thaipbs.or.th/news/content/558830","styleUrl":"#line-FFD400-7000","layer":"L1 ROAD STATUS MAIN","risk_status":"caution"},"geometry":{"type":"LineString","coordinates":[[100.605329,13.890363],[100.605332,13.890409],[100.605322,13.890452],[100.605311,13.890469],[100.605298,13.890491],[100.604863,13.890864],[100.604518,13.891163],[100.60365,13.891995],[100.603311,13.892334],[100.602979,13.892682]]}},{"type":"Feature","properties":{"name":"ถนนเทพรักษ์ | CCTV YELLOW","description":"SOURCE=BMA_CCTV_REPORT | REPORTED=2026-09-29 13:24 ICT | STATUS=YELLOW | ROAD=ถนนเทพรักษ์ | OSM_WAY=1030581577 | QC=PASS | SOURCE_URL=https://www.thaipbs.or.th/news/content/558830","styleUrl":"#line-FFD400-7000","layer":"L1 ROAD STATUS MAIN","risk_status":"caution"},"geometry":{"type":"LineString","coordinates":[[100.60346,13.892749],[100.603604,13.892602],[100.603847,13.892302],[100.604472,13.891688],[100.605028,13.891142],[100.605089,13.891083],[100.605467,13.890757],[100.605518,13.890737],[100.605561,13.890736]]}},{"type":"Feature","properties":{"name":"ถนนเทพรักษ์ | CCTV YELLOW","description":"SOURCE=BMA_CCTV_REPORT | REPORTED=2026-09-29 13:24 ICT | STATUS=YELLOW | ROAD=ถนนเทพรักษ์ | OSM_WAY=1337381957 | QC=PASS | SOURCE_URL=https://www.thaipbs.or.th/news/content/558830","styleUrl":"#line-FFD400-7000","layer":"L1 ROAD STATUS MAIN","risk_status":"caution"},"geometry":{"type":"LineString","coordinates":[[100.643204,13.875125],[100.642689,13.875208],[100.642225,13.875291],[100.641923,13.875372],[100.640734,13.875686],[100.640655,13.875709],[100.639681,13.875997]]}},{"type":"Feature","properties":{"name":"ถนนเทพรักษ์ | CCTV YELLOW","description":"SOURCE=BMA_CCTV_REPORT | REPORTED=2026-09-29 13:24 ICT | STATUS=YELLOW | ROAD=ถนนเทพรักษ์ | OSM_WAY=1337381958 | QC=PASS | SOURCE_URL=https://www.thaipbs.or.th/news/content/558830","styleUrl":"#line-FFD400-7000","layer":"L1 ROAD STATUS MAIN","risk_status":"caution"},"geometry":{"type":"LineString","coordinates":[[100.639807,13.876254],[100.641364,13.875804],[100.642007,13.875618],[100.64274,13.875466],[100.642898,13.87545]]}},{"type":"Feature","properties":{"name":"ถนนเทพรักษ์ | CCTV YELLOW","description":"SOURCE=BMA_CCTV_REPORT | REPORTED=2026-09-29 13:24 ICT | STATUS=YELLOW | ROAD=ถนนเทพรักษ์ | OSM_WAY=623294154 | QC=PASS | SOURCE_URL=https://www.thaipbs.or.th/news/content/558830","styleUrl":"#line-FFD400-7000","layer":"L1 ROAD STATUS MAIN","risk_status":"caution"},"geometry":{"type":"LineString","coordinates":[[100.608952,13.88909],[100.608506,13.889283],[100.60814,13.889369],[100.607884,13.889461],[100.606816,13.889828]]}},{"type":"Feature","properties":{"name":"ถนนเทพรักษ์ | CCTV YELLOW","description":"SOURCE=BMA_CCTV_REPORT | REPORTED=2026-09-29 13:24 ICT | STATUS=YELLOW | ROAD=ถนนเทพรักษ์ | OSM_WAY=1410850749 | QC=PASS | SOURCE_URL=https://www.thaipbs.or.th/news/content/558830","styleUrl":"#line-FFD400-7000","layer":"L1 ROAD STATUS MAIN","risk_status":"caution"},"geometry":{"type":"LineString","coordinates":[[100.601794,13.893535],[100.602043,13.893557],[100.60226,13.893547],[100.60247,13.893509],[100.602697,13.893427],[100.60292,13.893296],[100.603112,13.893133],[100.60346,13.892749]]}},{"type":"Feature","properties":{"name":"ถนนเทพรักษ์ | CCTV YELLOW","description":"SOURCE=BMA_CCTV_REPORT | REPORTED=2026-09-29 13:24 ICT | STATUS=YELLOW | ROAD=ถนนเทพรักษ์ | OSM_WAY=935260304 | QC=PASS | SOURCE_URL=https://www.thaipbs.or.th/news/content/558830","styleUrl":"#line-FFD400-7000","layer":"L1 ROAD STATUS MAIN","risk_status":"caution"},"geometry":{"type":"LineString","coordinates":[[100.607174,13.889946],[100.607897,13.889684],[100.608172,13.889577],[100.608496,13.889448],[100.608586,13.889373],[100.609002,13.889223]]}},{"type":"Feature","properties":{"name":"ถนนเทพรักษ์ | CCTV YELLOW","description":"SOURCE=BMA_CCTV_REPORT | REPORTED=2026-09-29 13:24 ICT | STATUS=YELLOW | ROAD=ถนนเทพรักษ์ | OSM_WAY=1030581572 | QC=PASS | SOURCE_URL=https://www.thaipbs.or.th/news/content/558830","styleUrl":"#line-FFD400-7000","layer":"L1 ROAD STATUS MAIN","risk_status":"caution"},"geometry":{"type":"LineString","coordinates":[[100.602979,13.892682],[100.602687,13.892984],[100.602548,13.89309],[100.602437,13.893144],[100.602305,13.893194],[100.602182,13.893217],[100.602038,13.893227],[100.60183,13.893219],[100.601621,13.893177],[100.601447,13.89312],[100.601282,13.893037],[100.601165,13.892948],[100.600969,13.892759]]}},{"type":"Feature","properties":{"name":"ถนนเทพรักษ์ | CCTV YELLOW","description":"SOURCE=BMA_CCTV_REPORT | REPORTED=2026-09-29 13:24 ICT | STATUS=YELLOW | ROAD=ถนนเทพรักษ์ | OSM_WAY=778164442 | QC=PASS | SOURCE_URL=https://www.thaipbs.or.th/news/content/558830","styleUrl":"#line-FFD400-7000","layer":"L1 ROAD STATUS MAIN","risk_status":"caution"},"geometry":{"type":"LineString","coordinates":[[100.650283,13.875758],[100.650309,13.875784],[100.650324,13.875795],[100.65034,13.875806],[100.650371,13.875826],[100.650399,13.87584],[100.650408,13.875843],[100.650415,13.875845],[100.651513,13.875928],[100.651529,13.875928],[100.651557,13.875921],[100.651584,13.875909],[100.651606,13.875892],[100.651621,13.875873],[100.651624,13.875859],[100.651634,13.875651],[100.651634,13.875643],[100.651632,13.875631],[100.651629,13.875619],[100.651624,13.875607],[100.651618,13.875596],[100.651611,13.875586],[100.651602,13.875577],[100.651594,13.87557],[100.651582,13.875563],[100.651572,13.87556],[100.651424,13.875546],[100.651418,13.875545],[100.650972,13.875502],[100.650464,13.875452],[100.65044,13.875453],[100.650421,13.875455],[100.6504,13.875458],[100.650378,13.875462],[100.65036,13.875466],[100.650342,13.875472],[100.650307,13.875485]]}},{"type":"Feature","properties":{"name":"ถนนเทพรักษ์ | CCTV YELLOW","description":"SOURCE=BMA_CCTV_REPORT | REPORTED=2026-09-29 13:24 ICT | STATUS=YELLOW | ROAD=ถนนเทพรักษ์ | OSM_WAY=1337381956 | QC=PASS | SOURCE_URL=https://www.thaipbs.or.th/news/content/558830","styleUrl":"#line-FFD400-7000","layer":"L1 ROAD STATUS MAIN","risk_status":"caution"},"geometry":{"type":"LineString","coordinates":[[100.647055,13.875215],[100.646126,13.87512],[100.64519,13.875045],[100.644572,13.875033],[100.644039,13.875064]]}},{"type":"Feature","properties":{"name":"ถนนเทพรักษ์ | CCTV YELLOW","description":"SOURCE=BMA_CCTV_REPORT | REPORTED=2026-09-29 13:24 ICT | STATUS=YELLOW | ROAD=ถนนเทพรักษ์ | OSM_WAY=151602136 | QC=PASS | SOURCE_URL=https://www.thaipbs.or.th/news/content/558830","styleUrl":"#line-FFD400-7000","layer":"L1 ROAD STATUS MAIN","risk_status":"caution"},"geometry":{"type":"LineString","coordinates":[[100.64404,13.875338],[100.644974,13.875334],[100.645053,13.875334],[100.645591,13.875374],[100.646152,13.875416],[100.647053,13.875482]]}},{"type":"Feature","properties":{"name":"ถนนเทพรักษ์ | CCTV YELLOW","description":"SOURCE=BMA_CCTV_REPORT | REPORTED=2026-09-29 13:24 ICT | STATUS=YELLOW | ROAD=ถนนเทพรักษ์ | OSM_WAY=1494116067 | QC=PASS | SOURCE_URL=https://www.thaipbs.or.th/news/content/558830","styleUrl":"#line-FFD400-7000","layer":"L1 ROAD STATUS MAIN","risk_status":"caution"},"geometry":{"type":"LineString","coordinates":[[100.647053,13.875482],[100.647672,13.875524],[100.648809,13.875622],[100.649284,13.875673]]}},{"type":"Feature","properties":{"name":"ถนนเทพรักษ์ | CCTV YELLOW","description":"SOURCE=BMA_CCTV_REPORT | REPORTED=2026-09-29 13:24 ICT | STATUS=YELLOW | ROAD=ถนนเทพรักษ์ | OSM_WAY=964068194 | QC=PASS | SOURCE_URL=https://www.thaipbs.or.th/news/content/558830","styleUrl":"#line-FFD400-7000","layer":"L1 ROAD STATUS MAIN","risk_status":"caution"},"geometry":{"type":"LineString","coordinates":[[100.605897,13.89043],[100.606104,13.890328],[100.606317,13.89024],[100.606342,13.890231],[100.606816,13.890071],[100.606905,13.890038]]}},{"type":"Feature","properties":{"name":"ถนนเทพรักษ์ | CCTV YELLOW","description":"SOURCE=BMA_CCTV_REPORT | REPORTED=2026-09-29 13:24 ICT | STATUS=YELLOW | ROAD=ถนนเทพรักษ์ | OSM_WAY=1494116065 | QC=PASS | SOURCE_URL=https://www.thaipbs.or.th/news/content/558830","styleUrl":"#line-FFD400-7000","layer":"L1 ROAD STATUS MAIN","risk_status":"caution"},"geometry":{"type":"LineString","coordinates":[[100.649201,13.875398],[100.648556,13.875353],[100.648174,13.875306],[100.647055,13.875215]]}},{"type":"Feature","properties":{"name":"ถนนเทพรักษ์ | CCTV YELLOW","description":"SOURCE=BMA_CCTV_REPORT | REPORTED=2026-09-29 13:24 ICT | STATUS=YELLOW | ROAD=ถนนเทพรักษ์ | OSM_WAY=935260303 | QC=PASS | SOURCE_URL=https://www.thaipbs.or.th/news/content/558830","styleUrl":"#line-FFD400-7000","layer":"L1 ROAD STATUS MAIN","risk_status":"caution"},"geometry":{"type":"LineString","coordinates":[[100.606816,13.889828],[100.606701,13.88987],[100.606235,13.890042],[100.606051,13.890119],[100.605814,13.890206]]}},{"type":"Feature","properties":{"name":"ถนนเทพรักษ์ | CCTV YELLOW","description":"SOURCE=BMA_CCTV_REPORT | REPORTED=2026-09-29 13:24 ICT | STATUS=YELLOW | ROAD=ถนนเทพรักษ์ | OSM_WAY=1494116064 | QC=PASS | SOURCE_URL=https://www.thaipbs.or.th/news/content/558830","styleUrl":"#line-FFD400-7000","layer":"L1 ROAD STATUS MAIN","risk_status":"caution"},"geometry":{"type":"LineString","coordinates":[[100.650396,13.875633],[100.650394,13.875587],[100.650377,13.875544],[100.650347,13.875509],[100.650307,13.875485],[100.650261,13.875474],[100.649201,13.875398]]}},{"type":"Feature","properties":{"name":"ถนนเทพรักษ์ | CCTV YELLOW","description":"SOURCE=BMA_CCTV_REPORT | REPORTED=2026-09-29 13:24 ICT | STATUS=YELLOW | ROAD=ถนนเทพรักษ์ | OSM_WAY=1410843211 | QC=PASS | SOURCE_URL=https://www.thaipbs.or.th/news/content/558830","styleUrl":"#line-FFD400-7000","layer":"L1 ROAD STATUS MAIN","risk_status":"caution"},"geometry":{"type":"LineString","coordinates":[[100.608506,13.889283],[100.607676,13.889602]]}},{"type":"Feature","properties":{"name":"ถนนเทพรักษ์ | CCTV YELLOW","description":"SOURCE=BMA_CCTV_REPORT | REPORTED=2026-09-29 13:24 ICT | STATUS=YELLOW | ROAD=ถนนเทพรักษ์ | OSM_WAY=1410843212 | QC=PASS | SOURCE_URL=https://www.thaipbs.or.th/news/content/558830","styleUrl":"#line-FFD400-7000","layer":"L1 ROAD STATUS MAIN","risk_status":"caution"},"geometry":{"type":"LineString","coordinates":[[100.607693,13.88966],[100.608586,13.889373]]}},{"type":"Feature","properties":{"name":"ถนนเทพรักษ์ | CCTV YELLOW","description":"SOURCE=BMA_CCTV_REPORT | REPORTED=2026-09-29 13:24 ICT | STATUS=YELLOW | ROAD=ถนนเทพรักษ์ | OSM_WAY=1494116066 | QC=PASS | SOURCE_URL=https://www.thaipbs.or.th/news/content/558830","styleUrl":"#line-FFD400-7000","layer":"L1 ROAD STATUS MAIN","risk_status":"caution"},"geometry":{"type":"LineString","coordinates":[[100.649284,13.875673],[100.650237,13.875762],[100.650283,13.875758],[100.650325,13.875741],[100.65036,13.875713],[100.650385,13.875676],[100.650396,13.875633]]}},{"type":"Feature","properties":{"name":"ถนนเทพรักษ์ | CCTV YELLOW","description":"SOURCE=BMA_CCTV_REPORT | REPORTED=2026-09-29 13:24 ICT | STATUS=YELLOW | ROAD=ถนนเทพรักษ์ | OSM_WAY=1337381964 | QC=PASS | SOURCE_URL=https://www.thaipbs.or.th/news/content/558830","styleUrl":"#line-FFD400-7000","layer":"L1 ROAD STATUS MAIN","risk_status":"caution"},"geometry":{"type":"LineString","coordinates":[[100.644039,13.875064],[100.643569,13.8751],[100.643204,13.875125]]}},{"type":"Feature","properties":{"name":"ถนนเทพรักษ์ | CCTV YELLOW","description":"SOURCE=BMA_CCTV_REPORT | REPORTED=2026-09-29 13:24 ICT | STATUS=YELLOW | ROAD=ถนนเทพรักษ์ | OSM_WAY=1337381959 | QC=PASS | SOURCE_URL=https://www.thaipbs.or.th/news/content/558830","styleUrl":"#line-FFD400-7000","layer":"L1 ROAD STATUS MAIN","risk_status":"caution"},"geometry":{"type":"LineString","coordinates":[[100.642898,13.87545],[100.643527,13.875369]]}},{"type":"Feature","properties":{"name":"ถนนเทพรักษ์ | CCTV YELLOW","description":"SOURCE=BMA_CCTV_REPORT | REPORTED=2026-09-29 13:24 ICT | STATUS=YELLOW | ROAD=ถนนเทพรักษ์ | OSM_WAY=697975602 | QC=PASS | SOURCE_URL=https://www.thaipbs.or.th/news/content/558830","styleUrl":"#line-FFD400-7000","layer":"L1 ROAD STATUS MAIN","risk_status":"caution"},"geometry":{"type":"LineString","coordinates":[[100.605676,13.890661],[100.605687,13.890599],[100.605711,13.890563],[100.605715,13.890557],[100.605761,13.890521],[100.605897,13.89043]]}},{"type":"Feature","properties":{"name":"ถนนเทพรักษ์ | CCTV YELLOW","description":"SOURCE=BMA_CCTV_REPORT | REPORTED=2026-09-29 13:24 ICT | STATUS=YELLOW | ROAD=ถนนเทพรักษ์ | OSM_WAY=207659139 | QC=PASS | SOURCE_URL=https://www.thaipbs.or.th/news/content/558830","styleUrl":"#line-FFD400-7000","layer":"L1 ROAD STATUS MAIN","risk_status":"caution"},"geometry":{"type":"LineString","coordinates":[[100.623164,13.882754],[100.623417,13.882589]]}},{"type":"Feature","properties":{"name":"ถนนเทพรักษ์ | CCTV YELLOW","description":"SOURCE=BMA_CCTV_REPORT | REPORTED=2026-09-29 13:24 ICT | STATUS=YELLOW | ROAD=ถนนเทพรักษ์ | OSM_WAY=593634793 | QC=PASS | SOURCE_URL=https://www.thaipbs.or.th/news/content/558830","styleUrl":"#line-FFD400-7000","layer":"L1 ROAD STATUS MAIN","risk_status":"caution"},"geometry":{"type":"LineString","coordinates":[[100.605814,13.890206],[100.605714,13.890223],[100.605622,13.890216],[100.605553,13.8902],[100.605491,13.890178],[100.605477,13.890173],[100.605364,13.890137]]}},{"type":"Feature","properties":{"name":"ถนนเทพรักษ์ | CCTV YELLOW","description":"SOURCE=BMA_CCTV_REPORT | REPORTED=2026-09-29 13:24 ICT | STATUS=YELLOW | ROAD=ถนนเทพรักษ์ | OSM_WAY=935260302 | QC=PASS | SOURCE_URL=https://www.thaipbs.or.th/news/content/558830","styleUrl":"#line-FFD400-7000","layer":"L1 ROAD STATUS MAIN","risk_status":"caution"},"geometry":{"type":"LineString","coordinates":[[100.606905,13.890038],[100.607174,13.889946]]}},{"type":"Feature","properties":{"name":"ถนนเทพรักษ์ | CCTV YELLOW","description":"SOURCE=BMA_CCTV_REPORT | REPORTED=2026-09-29 13:24 ICT | STATUS=YELLOW | ROAD=ถนนเทพรักษ์ | OSM_WAY=1337381963 | QC=PASS | SOURCE_URL=https://www.thaipbs.or.th/news/content/558830","styleUrl":"#line-FFD400-7000","layer":"L1 ROAD STATUS MAIN","risk_status":"caution"},"geometry":{"type":"LineString","coordinates":[[100.643527,13.875369],[100.64404,13.875338]]}},{"type":"Feature","properties":{"name":"ถนนเทพรักษ์ | CCTV YELLOW","description":"SOURCE=BMA_CCTV_REPORT | REPORTED=2026-09-29 13:24 ICT | STATUS=YELLOW | ROAD=ถนนเทพรักษ์ | OSM_WAY=286483380 | QC=PASS | SOURCE_URL=https://www.thaipbs.or.th/news/content/558830","styleUrl":"#line-FFD400-7000","layer":"L1 ROAD STATUS MAIN","risk_status":"caution"},"geometry":{"type":"LineString","coordinates":[[100.623195,13.882543],[100.623093,13.882609]]}},{"type":"Feature","properties":{"name":"ถนนเทพรักษ์ | CCTV YELLOW","description":"SOURCE=BMA_CCTV_REPORT | REPORTED=2026-09-29 13:24 ICT | STATUS=YELLOW | ROAD=ถนนเทพรักษ์ | OSM_WAY=623294155 | QC=PASS | SOURCE_URL=https://www.thaipbs.or.th/news/content/558830","styleUrl":"#line-FFD400-7000","layer":"L1 ROAD STATUS MAIN","risk_status":"caution"},"geometry":{"type":"LineString","coordinates":[[100.609055,13.889046],[100.608952,13.88909]]}},{"type":"Feature","properties":{"name":"ถนนเทพรักษ์ | CCTV YELLOW","description":"SOURCE=BMA_CCTV_REPORT | REPORTED=2026-09-29 13:24 ICT | STATUS=YELLOW | ROAD=ถนนเทพรักษ์ | OSM_WAY=623294152 | QC=PASS | SOURCE_URL=https://www.thaipbs.or.th/news/content/558830","styleUrl":"#line-FFD400-7000","layer":"L1 ROAD STATUS MAIN","risk_status":"caution"},"geometry":{"type":"LineString","coordinates":[[100.609002,13.889223],[100.609105,13.889185]]}},{"type":"Feature","properties":{"name":"ถนนเพชรบุรี | CCTV YELLOW","description":"SOURCE=BMA_CCTV_REPORT | REPORTED=2026-09-29 13:24 ICT | STATUS=YELLOW | ROAD=ถนนเพชรบุรี | OSM_WAY=159378391 | QC=PASS | SOURCE_URL=https://www.thaipbs.or.th/news/content/558830","styleUrl":"#line-FFD400-7000","layer":"L1 ROAD STATUS MAIN","risk_status":"caution"},"geometry":{"type":"LineString","coordinates":[[100.538832,13.750701],[100.538403,13.750852],[100.538136,13.750946],[100.537892,13.751032],[100.537148,13.751294],[100.535471,13.751884],[100.534955,13.752064],[100.534391,13.752265],[100.534328,13.752287],[100.534049,13.752385],[100.533951,13.75242],[100.53382,13.752461],[100.533649,13.75252],[100.533543,13.752557],[100.533083,13.752716],[100.532426,13.752947],[100.532215,13.753021],[100.53202,13.753088]]}},{"type":"Feature","properties":{"name":"ถนนเพชรบุรี | CCTV YELLOW","description":"SOURCE=BMA_CCTV_REPORT | REPORTED=2026-09-29 13:24 ICT | STATUS=YELLOW | ROAD=ถนนเพชรบุรี | OSM_WAY=159378394 | QC=PASS | SOURCE_URL=https://www.thaipbs.or.th/news/content/558830","styleUrl":"#line-FFD400-7000","layer":"L1 ROAD STATUS MAIN","risk_status":"caution"},"geometry":{"type":"LineString","coordinates":[[100.529873,13.753998],[100.531245,13.753503],[100.531524,13.7534]]}},{"type":"Feature","properties":{"name":"ถนนเพชรบุรี | CCTV YELLOW","description":"SOURCE=BMA_CCTV_REPORT | REPORTED=2026-09-29 13:24 ICT | STATUS=YELLOW | ROAD=ถนนเพชรบุรี | OSM_WAY=850808764 | QC=PASS | SOURCE_URL=https://www.thaipbs.or.th/news/content/558830","styleUrl":"#line-FFD400-7000","layer":"L1 ROAD STATUS MAIN","risk_status":"caution"},"geometry":{"type":"LineString","coordinates":[[100.536767,13.75151],[100.537599,13.751219],[100.537923,13.751105],[100.538349,13.750958]]}},{"type":"Feature","properties":{"name":"ถนนเพชรบุรี | CCTV YELLOW","description":"SOURCE=BMA_CCTV_REPORT | REPORTED=2026-09-29 13:24 ICT | STATUS=YELLOW | ROAD=ถนนเพชรบุรี | OSM_WAY=157801903 | QC=PASS | SOURCE_URL=https://www.thaipbs.or.th/news/content/558830","styleUrl":"#line-FFD400-7000","layer":"L1 ROAD STATUS MAIN","risk_status":"caution"},"geometry":{"type":"LineString","coordinates":[[100.531445,13.753287],[100.531238,13.753363],[100.531206,13.753374],[100.530826,13.753513],[100.530646,13.753579],[100.530533,13.753618],[100.529914,13.753848]]}},{"type":"Feature","properties":{"name":"ถนนเพชรบุรี | CCTV YELLOW","description":"SOURCE=BMA_CCTV_REPORT | REPORTED=2026-09-29 13:24 ICT | STATUS=YELLOW | ROAD=ถนนเพชรบุรี | OSM_WAY=921145616 | QC=PASS | SOURCE_URL=https://www.thaipbs.or.th/news/content/558830","styleUrl":"#line-FFD400-7000","layer":"L1 ROAD STATUS MAIN","risk_status":"caution"},"geometry":{"type":"LineString","coordinates":[[100.568175,13.748317],[100.56751,13.748396],[100.567152,13.748451],[100.566711,13.748496],[100.566243,13.748561],[100.566171,13.748571],[100.565928,13.748606],[100.565914,13.748608]]}},{"type":"Feature","properties":{"name":"ถนนเพชรบุรี | CCTV YELLOW","description":"SOURCE=BMA_CCTV_REPORT | REPORTED=2026-09-29 13:24 ICT | STATUS=YELLOW | ROAD=ถนนเพชรบุรี | OSM_WAY=32037860 | QC=PASS | SOURCE_URL=https://www.thaipbs.or.th/news/content/558830","styleUrl":"#line-FFD400-7000","layer":"L1 ROAD STATUS MAIN","risk_status":"caution"},"geometry":{"type":"LineString","coordinates":[[100.522368,13.756583],[100.52257,13.756512],[100.523194,13.756309]]}},{"type":"Feature","properties":{"name":"ถนนเพชรบุรี | CCTV YELLOW","description":"SOURCE=BMA_CCTV_REPORT | REPORTED=2026-09-29 13:24 ICT | STATUS=YELLOW | ROAD=ถนนเพชรบุรี | OSM_WAY=1152364747 | QC=PASS | SOURCE_URL=https://www.thaipbs.or.th/news/content/558830","styleUrl":"#line-FFD400-7000","layer":"L1 ROAD STATUS MAIN","risk_status":"caution"},"geometry":{"type":"LineString","coordinates":[[100.535489,13.751963],[100.536173,13.75172]]}},{"type":"Feature","properties":{"name":"ถนนเพชรบุรี | CCTV YELLOW","description":"SOURCE=BMA_CCTV_REPORT | REPORTED=2026-09-29 13:24 ICT | STATUS=YELLOW | ROAD=ถนนเพชรบุรี | OSM_WAY=950396122 | QC=PASS | SOURCE_URL=https://www.thaipbs.or.th/news/content/558830","styleUrl":"#line-FFD400-7000","layer":"L1 ROAD STATUS MAIN","risk_status":"caution"},"geometry":{"type":"LineString","coordinates":[[100.529914,13.753848],[100.529294,13.75409]]}},{"type":"Feature","properties":{"name":"ถนนเพชรบุรี | CCTV YELLOW","description":"SOURCE=BMA_CCTV_REPORT | REPORTED=2026-09-29 13:24 ICT | STATUS=YELLOW | ROAD=ถนนเพชรบุรี | OSM_WAY=1293821723 | QC=PASS | SOURCE_URL=https://www.thaipbs.or.th/news/content/558830","styleUrl":"#line-FFD400-7000","layer":"L1 ROAD STATUS MAIN","risk_status":"caution"},"geometry":{"type":"LineString","coordinates":[[100.534928,13.752163],[100.535489,13.751963]]}},{"type":"Feature","properties":{"name":"ถนนเพชรบุรี | CCTV YELLOW","description":"SOURCE=BMA_CCTV_REPORT | REPORTED=2026-09-29 13:24 ICT | STATUS=YELLOW | ROAD=ถนนเพชรบุรี | OSM_WAY=150890452 | QC=PASS | SOURCE_URL=https://www.thaipbs.or.th/news/content/558830","styleUrl":"#line-FFD400-7000","layer":"L1 ROAD STATUS MAIN","risk_status":"caution"},"geometry":{"type":"LineString","coordinates":[[100.538349,13.750958],[100.538714,13.750824]]}},{"type":"Feature","properties":{"name":"ถนนเพชรบุรี | CCTV YELLOW","description":"SOURCE=BMA_CCTV_REPORT | REPORTED=2026-09-29 13:24 ICT | STATUS=YELLOW | ROAD=ถนนเพชรบุรี | OSM_WAY=453686498 | QC=PASS | SOURCE_URL=https://www.thaipbs.or.th/news/content/558830","styleUrl":"#line-FFD400-7000","layer":"L1 ROAD STATUS MAIN","risk_status":"caution"},"geometry":{"type":"LineString","coordinates":[[100.555722,13.749849],[100.555257,13.749901],[100.555205,13.749907],[100.555139,13.749915],[100.555087,13.74992]]}},{"type":"Feature","properties":{"name":"ถนนเพชรบุรี | CCTV YELLOW","description":"SOURCE=BMA_CCTV_REPORT | REPORTED=2026-09-29 13:24 ICT | STATUS=YELLOW | ROAD=ถนนเพชรบุรี | OSM_WAY=1046731861 | QC=PASS | SOURCE_URL=https://www.thaipbs.or.th/news/content/558830","styleUrl":"#line-FFD400-7000","layer":"L1 ROAD STATUS MAIN","risk_status":"caution"},"geometry":{"type":"LineString","coordinates":[[100.534256,13.75245],[100.534417,13.752357],[100.534503,13.752307]]}},{"type":"Feature","properties":{"name":"ถนนเพชรบุรี | CCTV YELLOW","description":"SOURCE=BMA_CCTV_REPORT | REPORTED=2026-09-29 13:24 ICT | STATUS=YELLOW | ROAD=ถนนเพชรบุรี | OSM_WAY=1331227574 | QC=PASS | SOURCE_URL=https://www.thaipbs.or.th/news/content/558830","styleUrl":"#line-FFD400-7000","layer":"L1 ROAD STATUS MAIN","risk_status":"caution"},"geometry":{"type":"LineString","coordinates":[[100.540534,13.750238],[100.540568,13.750226],[100.540638,13.750202],[100.540844,13.75013]]}},{"type":"Feature","properties":{"name":"ถนนเพชรบุรี | CCTV YELLOW","description":"SOURCE=BMA_CCTV_REPORT | REPORTED=2026-09-29 13:24 ICT | STATUS=YELLOW | ROAD=ถนนเพชรบุรี | OSM_WAY=1034120538 | QC=PASS | SOURCE_URL=https://www.thaipbs.or.th/news/content/558830","styleUrl":"#line-FFD400-7000","layer":"L1 ROAD STATUS MAIN","risk_status":"caution"},"geometry":{"type":"LineString","coordinates":[[100.523194,13.756309],[100.523386,13.756253],[100.52347,13.756197]]}},{"type":"Feature","properties":{"name":"ถนนเพชรบุรี | CCTV YELLOW","description":"SOURCE=BMA_CCTV_REPORT | REPORTED=2026-09-29 13:24 ICT | STATUS=YELLOW | ROAD=ถนนเพชรบุรี | OSM_WAY=1156492534 | QC=PASS | SOURCE_URL=https://www.thaipbs.or.th/news/content/558830","styleUrl":"#line-FFD400-7000","layer":"L1 ROAD STATUS MAIN","risk_status":"caution"},"geometry":{"type":"LineString","coordinates":[[100.564116,13.748778],[100.563643,13.748834]]}},{"type":"Feature","properties":{"name":"ถนนเพชรบุรี | CCTV YELLOW","description":"SOURCE=BMA_CCTV_REPORT | REPORTED=2026-09-29 13:24 ICT | STATUS=YELLOW | ROAD=ถนนเพชรบุรี | OSM_WAY=1055429929 | QC=PASS | SOURCE_URL=https://www.thaipbs.or.th/news/content/558830","styleUrl":"#line-FFD400-7000","layer":"L1 ROAD STATUS MAIN","risk_status":"caution"},"geometry":{"type":"LineString","coordinates":[[100.542008,13.74975],[100.541799,13.749778],[100.541628,13.749802],[100.541583,13.749809]]}},{"type":"Feature","properties":{"name":"ถนนเพชรบุรี | CCTV YELLOW","description":"SOURCE=BMA_CCTV_REPORT | REPORTED=2026-09-29 13:24 ICT | STATUS=YELLOW | ROAD=ถนนเพชรบุรี | OSM_WAY=185059754 | QC=PASS | SOURCE_URL=https://www.thaipbs.or.th/news/content/558830","styleUrl":"#line-FFD400-7000","layer":"L1 ROAD STATUS MAIN","risk_status":"caution"},"geometry":{"type":"LineString","coordinates":[[100.549534,13.749765],[100.549042,13.74973],[100.548944,13.749724]]}},{"type":"Feature","properties":{"name":"ถนนเพชรบุรี | CCTV YELLOW","description":"SOURCE=BMA_CCTV_REPORT | REPORTED=2026-09-29 13:24 ICT | STATUS=YELLOW | ROAD=ถนนเพชรบุรี | OSM_WAY=666811683 | QC=PASS | SOURCE_URL=https://www.thaipbs.or.th/news/content/558830","styleUrl":"#line-FFD400-7000","layer":"L1 ROAD STATUS MAIN","risk_status":"caution"},"geometry":{"type":"LineString","coordinates":[[100.543357,13.749635],[100.543402,13.749627],[100.543548,13.749605],[100.543725,13.749579]]}},{"type":"Feature","properties":{"name":"ถนนเพชรบุรี | CCTV YELLOW","description":"SOURCE=BMA_CCTV_REPORT | REPORTED=2026-09-29 13:24 ICT | STATUS=YELLOW | ROAD=ถนนเพชรบุรี | OSM_WAY=1024852998 | QC=PASS | SOURCE_URL=https://www.thaipbs.or.th/news/content/558830","styleUrl":"#line-FFD400-7000","layer":"L1 ROAD STATUS MAIN","risk_status":"caution"},"geometry":{"type":"LineString","coordinates":[[100.541454,13.749826],[100.541116,13.749887]]}},{"type":"Feature","properties":{"name":"ถนนเพชรบุรี | CCTV YELLOW","description":"SOURCE=BMA_CCTV_REPORT | REPORTED=2026-09-29 13:24 ICT | STATUS=YELLOW | ROAD=ถนนเพชรบุรี | OSM_WAY=157800015 | QC=PASS | SOURCE_URL=https://www.thaipbs.or.th/news/content/558830","styleUrl":"#line-FFD400-7000","layer":"L1 ROAD STATUS MAIN","risk_status":"caution"},"geometry":{"type":"LineString","coordinates":[[100.53188,13.753272],[100.531949,13.753249],[100.531956,13.753246],[100.532082,13.7532]]}},{"type":"Feature","properties":{"name":"ถนนเพชรบุรี | CCTV YELLOW","description":"SOURCE=BMA_CCTV_REPORT | REPORTED=2026-09-29 13:24 ICT | STATUS=YELLOW | ROAD=ถนนเพชรบุรี | OSM_WAY=1010499610 | QC=PASS | SOURCE_URL=https://www.thaipbs.or.th/news/content/558830","styleUrl":"#line-FFD400-7000","layer":"L1 ROAD STATUS MAIN","risk_status":"caution"},"geometry":{"type":"LineString","coordinates":[[100.541074,13.750051],[100.541301,13.750006]]}},{"type":"Feature","properties":{"name":"ถนนเพชรบุรี | CCTV YELLOW","description":"SOURCE=BMA_CCTV_REPORT | REPORTED=2026-09-29 13:24 ICT | STATUS=YELLOW | ROAD=ถนนเพชรบุรี | OSM_WAY=481010898 | QC=PASS | SOURCE_URL=https://www.thaipbs.or.th/news/content/558830","styleUrl":"#line-FFD400-7000","layer":"L1 ROAD STATUS MAIN","risk_status":"caution"},"geometry":{"type":"LineString","coordinates":[[100.531736,13.753324],[100.53188,13.753272]]}},{"type":"Feature","properties":{"name":"ถนนเพชรบุรี | CCTV YELLOW","description":"SOURCE=BMA_CCTV_REPORT | REPORTED=2026-09-29 13:24 ICT | STATUS=YELLOW | ROAD=ถนนเพชรบุรี | OSM_WAY=1374615718 | QC=PASS | SOURCE_URL=https://www.thaipbs.or.th/news/content/558830","styleUrl":"#line-FFD400-7000","layer":"L1 ROAD STATUS MAIN","risk_status":"caution"},"geometry":{"type":"LineString","coordinates":[[100.526992,13.754913],[100.526895,13.754974]]}},{"type":"Feature","properties":{"name":"ถนนเพชรบุรี | CCTV YELLOW","description":"SOURCE=BMA_CCTV_REPORT | REPORTED=2026-09-29 13:24 ICT | STATUS=YELLOW | ROAD=ถนนเพชรบุรี | OSM_WAY=453692981 | QC=PASS | SOURCE_URL=https://www.thaipbs.or.th/news/content/558830","styleUrl":"#line-FFD400-7000","layer":"L1 ROAD STATUS MAIN","risk_status":"caution"},"geometry":{"type":"LineString","coordinates":[[100.554454,13.749971],[100.554145,13.749969],[100.553882,13.749966]]}},{"type":"Feature","properties":{"name":"ถนนเพชรบุรี | CCTV YELLOW","description":"SOURCE=BMA_CCTV_REPORT | REPORTED=2026-09-29 13:24 ICT | STATUS=YELLOW | ROAD=ถนนเพชรบุรี | OSM_WAY=1024938016 | QC=PASS | SOURCE_URL=https://www.thaipbs.or.th/news/content/558830","styleUrl":"#line-FFD400-7000","layer":"L1 ROAD STATUS MAIN","risk_status":"caution"},"geometry":{"type":"LineString","coordinates":[[100.541583,13.749809],[100.541454,13.749826]]}},{"type":"Feature","properties":{"name":"ถนนเพชรบุรี | CCTV YELLOW","description":"SOURCE=BMA_CCTV_REPORT | REPORTED=2026-09-29 13:24 ICT | STATUS=YELLOW | ROAD=ถนนเพชรบุรี | OSM_WAY=468354000 | QC=PASS | SOURCE_URL=https://www.thaipbs.or.th/news/content/558830","styleUrl":"#line-FFD400-7000","layer":"L1 ROAD STATUS MAIN","risk_status":"caution"},"geometry":{"type":"LineString","coordinates":[[100.563426,13.74886],[100.563316,13.748877]]}},{"type":"Feature","properties":{"name":"ถนนเพชรบุรี | CCTV YELLOW","description":"SOURCE=BMA_CCTV_REPORT | REPORTED=2026-09-29 13:24 ICT | STATUS=YELLOW | ROAD=ถนนเพชรบุรี | OSM_WAY=241729939 | QC=PASS | SOURCE_URL=https://www.thaipbs.or.th/news/content/558830","styleUrl":"#line-FFD400-7000","layer":"L1 ROAD STATUS MAIN","risk_status":"caution"},"geometry":{"type":"LineString","coordinates":[[100.549761,13.749784],[100.549666,13.749776]]}},{"type":"Feature","properties":{"name":"ถนนเพชรบุรี | CCTV YELLOW","description":"SOURCE=BMA_CCTV_REPORT | REPORTED=2026-09-29 13:24 ICT | STATUS=YELLOW | ROAD=ถนนเพชรบุรี | OSM_WAY=453692577 | QC=PASS | SOURCE_URL=https://www.thaipbs.or.th/news/content/558830","styleUrl":"#line-FFD400-7000","layer":"L1 ROAD STATUS MAIN","risk_status":"caution"},"geometry":{"type":"LineString","coordinates":[[100.555087,13.74992],[100.555016,13.749924]]}},{"type":"Feature","properties":{"name":"ถนนเพชรบุรี | CCTV YELLOW","description":"SOURCE=BMA_CCTV_REPORT | REPORTED=2026-09-29 13:24 ICT | STATUS=YELLOW | ROAD=ถนนเพชรบุรี | OSM_WAY=697697776 | QC=PASS | SOURCE_URL=https://www.thaipbs.or.th/news/content/558830","styleUrl":"#line-FFD400-7000","layer":"L1 ROAD STATUS MAIN","risk_status":"caution"},"geometry":{"type":"LineString","coordinates":[[100.544924,13.749476],[100.544823,13.749473]]}},{"type":"Feature","properties":{"name":"ถนนวิภาวดีรังสิต | CCTV YELLOW","description":"SOURCE=BMA_CCTV_REPORT | REPORTED=2026-09-29 13:24 ICT | STATUS=YELLOW | ROAD=ถนนวิภาวดีรังสิต | OSM_WAY=159520349 | QC=PASS | SOURCE_URL=https://www.thaipbs.or.th/news/content/558830","styleUrl":"#line-FFD400-7000","layer":"L1 ROAD STATUS MAIN","risk_status":"caution"},"geometry":{"type":"LineString","coordinates":[[100.607514,13.930508],[100.605917,13.927675],[100.605402,13.926747],[100.6049,13.925837],[100.604403,13.92495],[100.603966,13.924181],[100.603952,13.924156],[100.603039,13.922533],[100.602869,13.922234],[100.602774,13.922063],[100.60233,13.921276],[100.601923,13.920561],[100.600732,13.918413],[100.599946,13.916984],[100.599723,13.916581],[100.599401,13.916027],[100.599355,13.915949],[100.599197,13.915652],[100.598661,13.914758]]}},{"type":"Feature","properties":{"name":"ถนนวิภาวดีรังสิต | CCTV YELLOW","description":"SOURCE=BMA_CCTV_REPORT | REPORTED=2026-09-29 13:24 ICT | STATUS=YELLOW | ROAD=ถนนวิภาวดีรังสิต | OSM_WAY=953209696 | QC=PASS | SOURCE_URL=https://www.thaipbs.or.th/news/content/558830","styleUrl":"#line-FFD400-7000","layer":"L1 ROAD STATUS MAIN","risk_status":"caution"},"geometry":{"type":"LineString","coordinates":[[100.593008,13.90467],[100.592038,13.902876],[100.591383,13.901585],[100.590609,13.900346],[100.589515,13.898362],[100.588777,13.896872]]}},{"type":"Feature","properties":{"name":"ถนนวิภาวดีรังสิต | CCTV YELLOW","description":"SOURCE=BMA_CCTV_REPORT | REPORTED=2026-09-29 13:24 ICT | STATUS=YELLOW | ROAD=ถนนวิภาวดีรังสิต | OSM_WAY=1185662181 | QC=PASS | SOURCE_URL=https://www.thaipbs.or.th/news/content/558830","styleUrl":"#line-FFD400-7000","layer":"L1 ROAD STATUS MAIN","risk_status":"caution"},"geometry":{"type":"LineString","coordinates":[[100.55214,13.771964],[100.552182,13.772108],[100.552239,13.77226],[100.552412,13.772599],[100.552565,13.772898],[100.552588,13.772945],[100.552707,13.773187],[100.552846,13.773469],[100.55307,13.773923],[100.553533,13.774799],[100.553711,13.775136],[100.553716,13.775144],[100.554963,13.777339],[100.555367,13.778103],[100.555397,13.77816],[100.555625,13.778514],[100.555734,13.77867],[100.555803,13.778768],[100.555826,13.7788],[100.556015,13.779054]]}},{"type":"Feature","properties":{"name":"ถนนวิภาวดีรังสิต | CCTV YELLOW","description":"SOURCE=BMA_CCTV_REPORT | REPORTED=2026-09-29 13:24 ICT | STATUS=YELLOW | ROAD=ถนนวิภาวดีรังสิต | OSM_WAY=159418739 | QC=PASS | SOURCE_URL=https://www.thaipbs.or.th/news/content/558830","styleUrl":"#line-FFD400-7000","layer":"L1 ROAD STATUS MAIN","risk_status":"caution"},"geometry":{"type":"LineString","coordinates":[[100.589971,13.898589],[100.58962,13.897954],[100.589428,13.897502],[100.589398,13.897431],[100.589337,13.897297],[100.589227,13.897093],[100.589148,13.896938],[100.589018,13.896722],[100.588779,13.896325],[100.588451,13.895773],[100.588131,13.895216],[100.587857,13.894697],[100.587757,13.894538],[100.587398,13.893959],[100.587008,13.893266],[100.586916,13.893102]]}},{"type":"Feature","properties":{"name":"ถนนวิภาวดีรังสิต | CCTV YELLOW","description":"SOURCE=BMA_CCTV_REPORT | REPORTED=2026-09-29 13:24 ICT | STATUS=YELLOW | ROAD=ถนนวิภาวดีรังสิต | OSM_WAY=1025779512 | QC=PASS | SOURCE_URL=https://www.thaipbs.or.th/news/content/558830","styleUrl":"#line-FFD400-7000","layer":"L1 ROAD STATUS MAIN","risk_status":"caution"},"geometry":{"type":"LineString","coordinates":[[100.589083,13.897983],[100.589215,13.898142],[100.589304,13.898249],[100.590015,13.899479],[100.590944,13.901183],[100.591894,13.903026],[100.592083,13.903438]]}},{"type":"Feature","properties":{"name":"ถนนวิภาวดีรังสิต | CCTV YELLOW","description":"SOURCE=BMA_CCTV_REPORT | REPORTED=2026-09-29 13:24 ICT | STATUS=YELLOW | ROAD=ถนนวิภาวดีรังสิต | OSM_WAY=1185674013 | QC=PASS | SOURCE_URL=https://www.thaipbs.or.th/news/content/558830","styleUrl":"#line-FFD400-7000","layer":"L1 ROAD STATUS MAIN","risk_status":"caution"},"geometry":{"type":"LineString","coordinates":[[100.588118,13.895698],[100.58796,13.895429],[100.585125,13.890347]]}},{"type":"Feature","properties":{"name":"ถนนวิภาวดีรังสิต | CCTV YELLOW","description":"SOURCE=BMA_CCTV_REPORT | REPORTED=2026-09-29 13:24 ICT | STATUS=YELLOW | ROAD=ถนนวิภาวดีรังสิต | OSM_WAY=1025483060 | QC=PASS | SOURCE_URL=https://www.thaipbs.or.th/news/content/558830","styleUrl":"#line-FFD400-7000","layer":"L1 ROAD STATUS MAIN","risk_status":"caution"},"geometry":{"type":"LineString","coordinates":[[100.586437,13.893111],[100.588521,13.896932],[100.588662,13.897264]]}},{"type":"Feature","properties":{"name":"ถนนวิภาวดีรังสิต | CCTV YELLOW","description":"SOURCE=BMA_CCTV_REPORT | REPORTED=2026-09-29 13:24 ICT | STATUS=YELLOW | ROAD=ถนนวิภาวดีรังสิต | OSM_WAY=708699230 | QC=PASS | SOURCE_URL=https://www.thaipbs.or.th/news/content/558830","styleUrl":"#line-FFD400-7000","layer":"L1 ROAD STATUS MAIN","risk_status":"caution"},"geometry":{"type":"LineString","coordinates":[[100.56,13.808759],[100.560089,13.80791],[100.560167,13.806728],[100.5602,13.806349],[100.560237,13.805804],[100.560256,13.805544],[100.56039,13.804433],[100.56041,13.804324],[100.560424,13.804188],[100.560501,13.803791],[100.560544,13.80346],[100.56056,13.803343],[100.560599,13.803014],[100.560612,13.8029],[100.560668,13.80232],[100.560742,13.80148],[100.560884,13.79987],[100.560916,13.799499]]}},{"type":"Feature","properties":{"name":"ถนนวิภาวดีรังสิต | CCTV YELLOW","description":"SOURCE=BMA_CCTV_REPORT | REPORTED=2026-09-29 13:24 ICT | STATUS=YELLOW | ROAD=ถนนวิภาวดีรังสิต | OSM_WAY=185077956 | QC=PASS | SOURCE_URL=https://www.thaipbs.or.th/news/content/558830","styleUrl":"#line-FFD400-7000","layer":"L1 ROAD STATUS MAIN","risk_status":"caution"},"geometry":{"type":"LineString","coordinates":[[100.586676,13.893798],[100.586876,13.894253],[100.58767,13.895695],[100.588399,13.896898],[100.588662,13.897264]]}},{"type":"Feature","properties":{"name":"ถนนวิภาวดีรังสิต | CCTV YELLOW","description":"SOURCE=BMA_CCTV_REPORT | REPORTED=2026-09-29 13:24 ICT | STATUS=YELLOW | ROAD=ถนนวิภาวดีรังสิต | OSM_WAY=159418734 | QC=PASS | SOURCE_URL=https://www.thaipbs.or.th/news/content/558830","styleUrl":"#line-FFD400-7000","layer":"L1 ROAD STATUS MAIN","risk_status":"caution"},"geometry":{"type":"LineString","coordinates":[[100.589083,13.897983],[100.589092,13.898004],[100.589216,13.89829],[100.589254,13.898356],[100.589585,13.89894],[100.590484,13.900522],[100.590803,13.901086],[100.590946,13.901419]]}},{"type":"Feature","properties":{"name":"ถนนวิภาวดีรังสิต | CCTV YELLOW","description":"SOURCE=BMA_CCTV_REPORT | REPORTED=2026-09-29 13:24 ICT | STATUS=YELLOW | ROAD=ถนนวิภาวดีรังสิต | OSM_WAY=156936807 | QC=PASS | SOURCE_URL=https://www.thaipbs.or.th/news/content/558830","styleUrl":"#line-FFD400-7000","layer":"L1 ROAD STATUS MAIN","risk_status":"caution"},"geometry":{"type":"LineString","coordinates":[[100.554797,13.775838],[100.554285,13.775121],[100.554058,13.774738],[100.553654,13.774028],[100.55285,13.772626]]}},{"type":"Feature","properties":{"name":"ถนนวิภาวดีรังสิต | CCTV YELLOW","description":"SOURCE=BMA_CCTV_REPORT | REPORTED=2026-09-29 13:24 ICT | STATUS=YELLOW | ROAD=ถนนวิภาวดีรังสิต | OSM_WAY=617570499 | QC=PASS | SOURCE_URL=https://www.thaipbs.or.th/news/content/558830","styleUrl":"#line-FFD400-7000","layer":"L1 ROAD STATUS MAIN","risk_status":"caution"},"geometry":{"type":"LineString","coordinates":[[100.586916,13.893102],[100.586485,13.892366],[100.58616,13.891776],[100.586008,13.891538],[100.585854,13.891298],[100.585741,13.891119],[100.585635,13.890954],[100.585529,13.890784],[100.585255,13.890318]]}},{"type":"Feature","properties":{"name":"ถนนวิภาวดีรังสิต | CCTV YELLOW","description":"SOURCE=BMA_CCTV_REPORT | REPORTED=2026-09-29 13:24 ICT | STATUS=YELLOW | ROAD=ถนนวิภาวดีรังสิต | OSM_WAY=617570503 | QC=PASS | SOURCE_URL=https://www.thaipbs.or.th/news/content/558830","styleUrl":"#line-FFD400-7000","layer":"L1 ROAD STATUS MAIN","risk_status":"caution"},"geometry":{"type":"LineString","coordinates":[[100.585327,13.891337],[100.586569,13.893604]]}},{"type":"Feature","properties":{"name":"ถนนวิภาวดีรังสิต | CCTV YELLOW","description":"SOURCE=BMA_CCTV_REPORT | REPORTED=2026-09-29 13:24 ICT | STATUS=YELLOW | ROAD=ถนนวิภาวดีรังสิต | OSM_WAY=32081375 | QC=PASS | SOURCE_URL=https://www.thaipbs.or.th/news/content/558830","styleUrl":"#line-FFD400-7000","layer":"L1 ROAD STATUS MAIN","risk_status":"caution"},"geometry":{"type":"LineString","coordinates":[[100.561654,13.791964],[100.561715,13.791455],[100.56174,13.790654],[100.561702,13.789847],[100.561604,13.7891],[100.561479,13.788538],[100.561327,13.788001],[100.561153,13.787514]]}},{"type":"Feature","properties":{"name":"ถนนวิภาวดีรังสิต | CCTV YELLOW","description":"SOURCE=BMA_CCTV_REPORT | REPORTED=2026-09-29 13:24 ICT | STATUS=YELLOW | ROAD=ถนนวิภาวดีรังสิต | OSM_WAY=1192339652 | QC=PASS | SOURCE_URL=https://www.thaipbs.or.th/news/content/558830","styleUrl":"#line-FFD400-7000","layer":"L1 ROAD STATUS MAIN","risk_status":"caution"},"geometry":{"type":"LineString","coordinates":[[100.561103,13.78755],[100.560816,13.786864],[100.560709,13.786616],[100.560191,13.785691],[100.559993,13.785255]]}},{"type":"Feature","properties":{"name":"ถนนวิภาวดีรังสิต | CCTV YELLOW","description":"SOURCE=BMA_CCTV_REPORT | REPORTED=2026-09-29 13:24 ICT | STATUS=YELLOW | ROAD=ถนนวิภาวดีรังสิต | OSM_WAY=708699235 | QC=PASS | SOURCE_URL=https://www.thaipbs.or.th/news/content/558830","styleUrl":"#line-FFD400-7000","layer":"L1 ROAD STATUS MAIN","risk_status":"caution"},"geometry":{"type":"LineString","coordinates":[[100.561394,13.794863],[100.56153,13.793821],[100.561594,13.793344],[100.561664,13.792826],[100.561687,13.792675],[100.561785,13.792019],[100.561809,13.791815],[100.561858,13.79141],[100.561892,13.790829],[100.561883,13.790218],[100.561845,13.789832],[100.561836,13.789771]]}},{"type":"Feature","properties":{"name":"ถนนวิภาวดีรังสิต | CCTV YELLOW","description":"SOURCE=BMA_CCTV_REPORT | REPORTED=2026-09-29 13:24 ICT | STATUS=YELLOW | ROAD=ถนนวิภาวดีรังสิต | OSM_WAY=32049312 | QC=PASS | SOURCE_URL=https://www.thaipbs.or.th/news/content/558830","styleUrl":"#line-FFD400-7000","layer":"L1 ROAD STATUS MAIN","risk_status":"caution"},"geometry":{"type":"LineString","coordinates":[[100.560856,13.787614],[100.561037,13.788089],[100.561172,13.788593],[100.56129,13.789117],[100.561387,13.78986],[100.561422,13.790661],[100.561392,13.791426],[100.561342,13.791943]]}},{"type":"Feature","properties":{"name":"ถนนวิภาวดีรังสิต | CCTV YELLOW","description":"SOURCE=BMA_CCTV_REPORT | REPORTED=2026-09-29 13:24 ICT | STATUS=YELLOW | ROAD=ถนนวิภาวดีรังสิต | OSM_WAY=32008434 | QC=PASS | SOURCE_URL=https://www.thaipbs.or.th/news/content/558830","styleUrl":"#line-FFD400-7000","layer":"L1 ROAD STATUS MAIN","risk_status":"caution"},"geometry":{"type":"LineString","coordinates":[[100.559569,13.810056],[100.559058,13.814842]]}},{"type":"Feature","properties":{"name":"ถนนวิภาวดีรังสิต | CCTV YELLOW","description":"SOURCE=BMA_CCTV_REPORT | REPORTED=2026-09-29 13:24 ICT | STATUS=YELLOW | ROAD=ถนนวิภาวดีรังสิต | OSM_WAY=32008077 | QC=PASS | SOURCE_URL=https://www.thaipbs.or.th/news/content/558830","styleUrl":"#line-FFD400-7000","layer":"L1 ROAD STATUS MAIN","risk_status":"caution"},"geometry":{"type":"LineString","coordinates":[[100.559369,13.809919],[100.559306,13.810492],[100.559251,13.810941],[100.559225,13.811043],[100.559196,13.811157],[100.559151,13.811316],[100.559082,13.811483],[100.559008,13.811646],[100.558945,13.811816],[100.558899,13.811957],[100.558864,13.812099],[100.558831,13.812242],[100.558818,13.812366],[100.558826,13.812496],[100.558844,13.812629],[100.558874,13.812755],[100.558974,13.813042],[100.558994,13.813185],[100.559003,13.813345],[100.55901,13.813633]]}},{"type":"Feature","properties":{"name":"ถนนวิภาวดีรังสิต | CCTV YELLOW","description":"SOURCE=BMA_CCTV_REPORT | REPORTED=2026-09-29 13:24 ICT | STATUS=YELLOW | ROAD=ถนนวิภาวดีรังสิต | OSM_WAY=1192339176 | QC=PASS | SOURCE_URL=https://www.thaipbs.or.th/news/content/558830","styleUrl":"#line-FFD400-7000","layer":"L1 ROAD STATUS MAIN","risk_status":"caution"},"geometry":{"type":"LineString","coordinates":[[100.556473,13.779826],[100.55649,13.779855],[100.556543,13.779951],[100.556761,13.780325],[100.556857,13.780491],[100.557113,13.781],[100.55721,13.781167],[100.557222,13.781187],[100.557345,13.781393],[100.557455,13.781566]]}},{"type":"Feature","properties":{"name":"ถนนวิภาวดีรังสิต | CCTV YELLOW","description":"SOURCE=BMA_CCTV_REPORT | REPORTED=2026-09-29 13:24 ICT | STATUS=YELLOW | ROAD=ถนนวิภาวดีรังสิต | OSM_WAY=1192634836 | QC=PASS | SOURCE_URL=https://www.thaipbs.or.th/news/content/558830","styleUrl":"#line-FFD400-7000","layer":"L1 ROAD STATUS MAIN","risk_status":"caution"},"geometry":{"type":"LineString","coordinates":[[100.585489,13.891385],[100.586437,13.893111]]}},{"type":"Feature","properties":{"name":"ถนนวิภาวดีรังสิต | CCTV YELLOW","description":"SOURCE=BMA_CCTV_REPORT | REPORTED=2026-09-29 13:24 ICT | STATUS=YELLOW | ROAD=ถนนวิภาวดีรังสิต | OSM_WAY=1025483094 | QC=PASS | SOURCE_URL=https://www.thaipbs.or.th/news/content/558830","styleUrl":"#line-FFD400-7000","layer":"L1 ROAD STATUS MAIN","risk_status":"caution"},"geometry":{"type":"LineString","coordinates":[[100.591064,13.900539],[100.590901,13.900238],[100.590237,13.899062]]}},{"type":"Feature","properties":{"name":"ถนนวิภาวดีรังสิต | CCTV YELLOW","description":"SOURCE=BMA_CCTV_REPORT | REPORTED=2026-09-29 13:24 ICT | STATUS=YELLOW | ROAD=ถนนวิภาวดีรังสิต | OSM_WAY=32049411 | QC=PASS | SOURCE_URL=https://www.thaipbs.or.th/news/content/558830","styleUrl":"#line-FFD400-7000","layer":"L1 ROAD STATUS MAIN","risk_status":"caution"},"geometry":{"type":"LineString","coordinates":[[100.560134,13.786199],[100.560316,13.786414],[100.560354,13.786478],[100.56045,13.786666],[100.560535,13.786862],[100.560684,13.787195],[100.560856,13.787614]]}},{"type":"Feature","properties":{"name":"ถนนวิภาวดีรังสิต | CCTV YELLOW","description":"SOURCE=BMA_CCTV_REPORT | REPORTED=2026-09-29 13:24 ICT | STATUS=YELLOW | ROAD=ถนนวิภาวดีรังสิต | OSM_WAY=1227144707 | QC=PASS | SOURCE_URL=https://www.thaipbs.or.th/news/content/558830","styleUrl":"#line-FFD400-7000","layer":"L1 ROAD STATUS MAIN","risk_status":"caution"},"geometry":{"type":"LineString","coordinates":[[100.601539,13.920401],[100.601576,13.920467],[100.601852,13.92095],[100.602213,13.921566],[100.602264,13.921652]]}},{"type":"Feature","properties":{"name":"ถนนวิภาวดีรังสิต | CCTV YELLOW","description":"SOURCE=BMA_CCTV_REPORT | REPORTED=2026-09-29 13:24 ICT | STATUS=YELLOW | ROAD=ถนนวิภาวดีรังสิต | OSM_WAY=32049343 | QC=PASS | SOURCE_URL=https://www.thaipbs.or.th/news/content/558830","styleUrl":"#line-FFD400-7000","layer":"L1 ROAD STATUS MAIN","risk_status":"caution"},"geometry":{"type":"LineString","coordinates":[[100.561153,13.787514],[100.560858,13.786828],[100.560722,13.786532],[100.560624,13.786165]]}},{"type":"Feature","properties":{"name":"ถนนวิภาวดีรังสิต | CCTV YELLOW","description":"SOURCE=BMA_CCTV_REPORT | REPORTED=2026-09-29 13:24 ICT | STATUS=YELLOW | ROAD=ถนนวิภาวดีรังสิต | OSM_WAY=1025483077 | QC=PASS | SOURCE_URL=https://www.thaipbs.or.th/news/content/558830","styleUrl":"#line-FFD400-7000","layer":"L1 ROAD STATUS MAIN","risk_status":"caution"},"geometry":{"type":"LineString","coordinates":[[100.590946,13.901419],[100.591438,13.902338]]}},{"type":"Feature","properties":{"name":"ถนนวิภาวดีรังสิต | CCTV YELLOW","description":"SOURCE=BMA_CCTV_REPORT | REPORTED=2026-09-29 13:24 ICT | STATUS=YELLOW | ROAD=ถนนวิภาวดีรังสิต | OSM_WAY=1177258910 | QC=PASS | SOURCE_URL=https://www.thaipbs.or.th/news/content/558830","styleUrl":"#line-FFD400-7000","layer":"L1 ROAD STATUS MAIN","risk_status":"caution"},"geometry":{"type":"LineString","coordinates":[[100.552522,13.772636],[100.55267,13.772903],[100.552989,13.77351]]}},{"type":"Feature","properties":{"name":"ถนนวิภาวดีรังสิต | CCTV YELLOW","description":"SOURCE=BMA_CCTV_REPORT | REPORTED=2026-09-29 13:24 ICT | STATUS=YELLOW | ROAD=ถนนวิภาวดีรังสิต | OSM_WAY=1025483061 | QC=PASS | SOURCE_URL=https://www.thaipbs.or.th/news/content/558830","styleUrl":"#line-FFD400-7000","layer":"L1 ROAD STATUS MAIN","risk_status":"caution"},"geometry":{"type":"LineString","coordinates":[[100.588662,13.897264],[100.589083,13.897983]]}},{"type":"Feature","properties":{"name":"ถนนวิภาวดีรังสิต | CCTV YELLOW","description":"SOURCE=BMA_CCTV_REPORT | REPORTED=2026-09-29 13:24 ICT | STATUS=YELLOW | ROAD=ถนนวิภาวดีรังสิต | OSM_WAY=1236979177 | QC=PASS | SOURCE_URL=https://www.thaipbs.or.th/news/content/558830","styleUrl":"#line-FFD400-7000","layer":"L1 ROAD STATUS MAIN","risk_status":"caution"},"geometry":{"type":"LineString","coordinates":[[100.556125,13.779221],[100.556296,13.77951],[100.556473,13.779826]]}},{"type":"Feature","properties":{"name":"ถนนวิภาวดีรังสิต | CCTV YELLOW","description":"SOURCE=BMA_CCTV_REPORT | REPORTED=2026-09-29 13:24 ICT | STATUS=YELLOW | ROAD=ถนนวิภาวดีรังสิต | OSM_WAY=847822794 | QC=PASS | SOURCE_URL=https://www.thaipbs.or.th/news/content/558830","styleUrl":"#line-FFD400-7000","layer":"L1 ROAD STATUS MAIN","risk_status":"caution"},"geometry":{"type":"LineString","coordinates":[[100.556125,13.779221],[100.556163,13.779402],[100.556181,13.779469],[100.556199,13.779526],[100.556226,13.779592],[100.556255,13.779652],[100.556292,13.7797],[100.556331,13.779737],[100.556372,13.779766],[100.556473,13.779826]]}},{"type":"Feature","properties":{"name":"ถนนวิภาวดีรังสิต | CCTV YELLOW","description":"SOURCE=BMA_CCTV_REPORT | REPORTED=2026-09-29 13:24 ICT | STATUS=YELLOW | ROAD=ถนนวิภาวดีรังสิต | OSM_WAY=1534151888 | QC=PASS | SOURCE_URL=https://www.thaipbs.or.th/news/content/558830","styleUrl":"#line-FFD400-7000","layer":"L1 ROAD STATUS MAIN","risk_status":"caution"},"geometry":{"type":"LineString","coordinates":[[100.561037,13.788439],[100.561047,13.788466],[100.561109,13.788781],[100.561188,13.789298]]}},{"type":"Feature","properties":{"name":"ถนนวิภาวดีรังสิต | CCTV YELLOW","description":"SOURCE=BMA_CCTV_REPORT | REPORTED=2026-09-29 13:24 ICT | STATUS=YELLOW | ROAD=ถนนวิภาวดีรังสิต | OSM_WAY=1025483084 | QC=PASS | SOURCE_URL=https://www.thaipbs.or.th/news/content/558830","styleUrl":"#line-FFD400-7000","layer":"L1 ROAD STATUS MAIN","risk_status":"caution"},"geometry":{"type":"LineString","coordinates":[[100.591253,13.901058],[100.591164,13.900778],[100.591064,13.900539]]}},{"type":"Feature","properties":{"name":"ถนนวิภาวดีรังสิต | CCTV YELLOW","description":"SOURCE=BMA_CCTV_REPORT | REPORTED=2026-09-29 13:24 ICT | STATUS=YELLOW | ROAD=ถนนวิภาวดีรังสิต | OSM_WAY=159520429 | QC=PASS | SOURCE_URL=https://www.thaipbs.or.th/news/content/558830","styleUrl":"#line-FFD400-7000","layer":"L1 ROAD STATUS MAIN","risk_status":"caution"},"geometry":{"type":"LineString","coordinates":[[100.559467,13.808969],[100.559432,13.809304],[100.559369,13.809919]]}},{"type":"Feature","properties":{"name":"ถนนวิภาวดีรังสิต | CCTV YELLOW","description":"SOURCE=BMA_CCTV_REPORT | REPORTED=2026-09-29 13:24 ICT | STATUS=YELLOW | ROAD=ถนนวิภาวดีรังสิต | OSM_WAY=555198342 | QC=PASS | SOURCE_URL=https://www.thaipbs.or.th/news/content/558830","styleUrl":"#line-FFD400-7000","layer":"L1 ROAD STATUS MAIN","risk_status":"caution"},"geometry":{"type":"LineString","coordinates":[[100.559328,13.815544],[100.55936,13.815222],[100.559412,13.814527]]}},{"type":"Feature","properties":{"name":"ถนนวิภาวดีรังสิต | CCTV YELLOW","description":"SOURCE=BMA_CCTV_REPORT | REPORTED=2026-09-29 13:24 ICT | STATUS=YELLOW | ROAD=ถนนวิภาวดีรังสิต | OSM_WAY=1192243481 | QC=PASS | SOURCE_URL=https://www.thaipbs.or.th/news/content/558830","styleUrl":"#line-FFD400-7000","layer":"L1 ROAD STATUS MAIN","risk_status":"caution"},"geometry":{"type":"LineString","coordinates":[[100.559885,13.809919],[100.559977,13.808996]]}},{"type":"Feature","properties":{"name":"ถนนวิภาวดีรังสิต | CCTV YELLOW","description":"SOURCE=BMA_CCTV_REPORT | REPORTED=2026-09-29 13:24 ICT | STATUS=YELLOW | ROAD=ถนนวิภาวดีรังสิต | OSM_WAY=1227325074 | QC=PASS | SOURCE_URL=https://www.thaipbs.or.th/news/content/558830","styleUrl":"#line-FFD400-7000","layer":"L1 ROAD STATUS MAIN","risk_status":"caution"},"geometry":{"type":"LineString","coordinates":[[100.590183,13.898968],[100.589971,13.898589]]}},{"type":"Feature","properties":{"name":"ถนนวิภาวดีรังสิต | CCTV YELLOW","description":"SOURCE=BMA_CCTV_REPORT | REPORTED=2026-09-29 13:24 ICT | STATUS=YELLOW | ROAD=ถนนวิภาวดีรังสิต | OSM_WAY=32081376 | QC=PASS | SOURCE_URL=https://www.thaipbs.or.th/news/content/558830","styleUrl":"#line-FFD400-7000","layer":"L1 ROAD STATUS MAIN","risk_status":"caution"},"geometry":{"type":"LineString","coordinates":[[100.561342,13.791943],[100.56132,13.792173],[100.561219,13.792518]]}},{"type":"Feature","properties":{"name":"ถนนวิภาวดีรังสิต | CCTV YELLOW","description":"SOURCE=BMA_CCTV_REPORT | REPORTED=2026-09-29 13:24 ICT | STATUS=YELLOW | ROAD=ถนนวิภาวดีรังสิต | OSM_WAY=1025483090 | QC=PASS | SOURCE_URL=https://www.thaipbs.or.th/news/content/558830","styleUrl":"#line-FFD400-7000","layer":"L1 ROAD STATUS MAIN","risk_status":"caution"},"geometry":{"type":"LineString","coordinates":[[100.55897,13.814139],[100.558907,13.81464],[100.558884,13.814813]]}},{"type":"Feature","properties":{"name":"ถนนวิภาวดีรังสิต | CCTV YELLOW","description":"SOURCE=BMA_CCTV_REPORT | REPORTED=2026-09-29 13:24 ICT | STATUS=YELLOW | ROAD=ถนนวิภาวดีรังสิต | OSM_WAY=32081441 | QC=PASS | SOURCE_URL=https://www.thaipbs.or.th/news/content/558830","styleUrl":"#line-FFD400-7000","layer":"L1 ROAD STATUS MAIN","risk_status":"caution"},"geometry":{"type":"LineString","coordinates":[[100.561664,13.792826],[100.56162,13.792401],[100.561654,13.791964]]}},{"type":"Feature","properties":{"name":"ถนนวิภาวดีรังสิต | CCTV YELLOW","description":"SOURCE=BMA_CCTV_REPORT | REPORTED=2026-09-29 13:24 ICT | STATUS=YELLOW | ROAD=ถนนวิภาวดีรังสิต | OSM_WAY=1228656151 | QC=PASS | SOURCE_URL=https://www.thaipbs.or.th/news/content/558830","styleUrl":"#line-FFD400-7000","layer":"L1 ROAD STATUS MAIN","risk_status":"caution"},"geometry":{"type":"LineString","coordinates":[[100.586569,13.893604],[100.586676,13.893798]]}},{"type":"Feature","properties":{"name":"ถนนวิภาวดีรังสิต | CCTV YELLOW","description":"SOURCE=BMA_CCTV_REPORT | REPORTED=2026-09-29 13:24 ICT | STATUS=YELLOW | ROAD=ถนนวิภาวดีรังสิต | OSM_WAY=1177508229 | QC=PASS | SOURCE_URL=https://www.thaipbs.or.th/news/content/558830","styleUrl":"#line-FFD400-7000","layer":"L1 ROAD STATUS MAIN","risk_status":"caution"},"geometry":{"type":"LineString","coordinates":[[100.559264,13.815842],[100.559328,13.815544]]}},{"type":"Feature","properties":{"name":"ถนนวิภาวดีรังสิต | CCTV YELLOW","description":"SOURCE=BMA_CCTV_REPORT | REPORTED=2026-09-29 13:24 ICT | STATUS=YELLOW | ROAD=ถนนวิภาวดีรังสิต | OSM_WAY=1185662180 | QC=PASS | SOURCE_URL=https://www.thaipbs.or.th/news/content/558830","styleUrl":"#line-FFD400-7000","layer":"L1 ROAD STATUS MAIN","risk_status":"caution"},"geometry":{"type":"LineString","coordinates":[[100.556015,13.779054],[100.55607,13.779134],[100.556125,13.779221]]}},{"type":"Feature","properties":{"name":"ถนนวิภาวดีรังสิต | CCTV YELLOW","description":"SOURCE=BMA_CCTV_REPORT | REPORTED=2026-09-29 13:24 ICT | STATUS=YELLOW | ROAD=ถนนวิภาวดีรังสิต | OSM_WAY=1192244501 | QC=PASS | SOURCE_URL=https://www.thaipbs.or.th/news/content/558830","styleUrl":"#line-FFD400-7000","layer":"L1 ROAD STATUS MAIN","risk_status":"caution"},"geometry":{"type":"LineString","coordinates":[[100.558541,13.819645],[100.558507,13.820161]]}},{"type":"Feature","properties":{"name":"ถนนวิภาวดีรังสิต | CCTV YELLOW","description":"SOURCE=BMA_CCTV_REPORT | REPORTED=2026-09-29 13:24 ICT | STATUS=YELLOW | ROAD=ถนนวิภาวดีรังสิต | OSM_WAY=1227325073 | QC=PASS | SOURCE_URL=https://www.thaipbs.or.th/news/content/558830","styleUrl":"#line-FFD400-7000","layer":"L1 ROAD STATUS MAIN","risk_status":"caution"},"geometry":{"type":"LineString","coordinates":[[100.590237,13.899062],[100.590183,13.898968]]}},{"type":"Feature","properties":{"name":"ถนนวิภาวดีรังสิต | CCTV YELLOW","description":"SOURCE=BMA_CCTV_REPORT | REPORTED=2026-09-29 13:24 ICT | STATUS=YELLOW | ROAD=ถนนวิภาวดีรังสิต | OSM_WAY=1534157668 | QC=PASS | SOURCE_URL=https://www.thaipbs.or.th/news/content/558830","styleUrl":"#line-FFD400-7000","layer":"L1 ROAD STATUS MAIN","risk_status":"caution"},"geometry":{"type":"LineString","coordinates":[[100.558884,13.814813],[100.55886,13.814983]]}},{"type":"Feature","properties":{"name":"ถนนนวลจันทร์ | CCTV YELLOW","description":"SOURCE=BMA_CCTV_REPORT | REPORTED=2026-09-29 13:24 ICT | STATUS=YELLOW | ROAD=ถนนนวลจันทร์ | OSM_WAY=210884241 | QC=PASS | SOURCE_URL=https://www.thaipbs.or.th/news/content/558830","styleUrl":"#line-FFD400-7000","layer":"L1 ROAD STATUS MAIN","risk_status":"caution"},"geometry":{"type":"LineString","coordinates":[[100.636607,13.836722],[100.636805,13.836415],[100.63695,13.836217],[100.636987,13.836159],[100.637013,13.836117],[100.637054,13.836058],[100.637157,13.835906],[100.637313,13.835676],[100.637339,13.835632],[100.637368,13.835584],[100.637511,13.83529],[100.637542,13.835221],[100.637575,13.835132],[100.637609,13.835031],[100.637628,13.834965],[100.637661,13.834813],[100.637674,13.834732],[100.637685,13.834528],[100.637697,13.834121],[100.637696,13.834024],[100.637689,13.833459],[100.637683,13.833286],[100.637662,13.832917],[100.637648,13.832662],[100.637644,13.832603],[100.637636,13.83253],[100.637633,13.832455],[100.637622,13.832257],[100.63761,13.83197],[100.637607,13.831764],[100.637605,13.831631],[100.63762,13.831416],[100.637627,13.831319],[100.637658,13.831112],[100.637702,13.830905],[100.637713,13.830864],[100.637747,13.830758],[100.637785,13.830638],[100.637844,13.830502],[100.637938,13.830321],[100.637963,13.830277],[100.637996,13.830233],[100.638075,13.830138],[100.638102,13.830105],[100.63814,13.830052],[100.638182,13.829995],[100.638367,13.829748],[100.638414,13.829688],[100.638588,13.82946],[100.638685,13.829333],[100.638727,13.829273],[100.638755,13.829234],[100.638814,13.829151],[100.638936,13.828979],[100.63902,13.828865],[100.639211,13.828593],[100.639238,13.828553],[100.639506,13.828152],[100.63977,13.82776],[100.639819,13.827687],[100.640036,13.827352],[100.640232,13.827049],[100.64028,13.826976],[100.640346,13.826874],[100.640616,13.826435],[100.640695,13.826305],[100.640813,13.826099],[100.64094,13.825867],[100.640968,13.825818],[100.641137,13.825506],[100.641306,13.825182],[100.641527,13.824733],[100.641624,13.824536],[100.641768,13.824247],[100.641992,13.823804],[100.642215,13.82337],[100.642562,13.822657],[100.642575,13.822633],[100.642708,13.82238],[100.642868,13.822076],[100.642986,13.82185],[100.643014,13.821794],[100.643118,13.821586],[100.643147,13.821528],[100.643353,13.82111],[100.643466,13.82088],[100.643518,13.820773],[100.643545,13.820711],[100.643595,13.820609],[100.643715,13.820363],[100.643829,13.820151],[100.643864,13.820085],[100.644012,13.819762],[100.644072,13.819638]]}},{"type":"Feature","properties":{"name":"ถนนนวลจันทร์ | CCTV YELLOW","description":"SOURCE=BMA_CCTV_REPORT | REPORTED=2026-09-29 13:24 ICT | STATUS=YELLOW | ROAD=ถนนนวลจันทร์ | OSM_WAY=683031580 | QC=PASS | SOURCE_URL=https://www.thaipbs.or.th/news/content/558830","styleUrl":"#line-FFD400-7000","layer":"L1 ROAD STATUS MAIN","risk_status":"caution"},"geometry":{"type":"LineString","coordinates":[[100.645222,13.817375],[100.645267,13.817278],[100.645283,13.817245],[100.645424,13.816948],[100.645765,13.816223],[100.645996,13.815761],[100.646278,13.815167],[100.64629,13.815142],[100.64635,13.815022],[100.646378,13.814963],[100.646407,13.814903],[100.646574,13.814501],[100.646593,13.814452],[100.646649,13.814302],[100.646738,13.814089],[100.646961,13.813515],[100.646998,13.813418],[100.647011,13.813388],[100.647036,13.813327],[100.647159,13.813032],[100.647303,13.812678],[100.647365,13.812562],[100.647452,13.81243],[100.647552,13.8123],[100.647585,13.812267]]}},{"type":"Feature","properties":{"name":"ถนนนวลจันทร์ | CCTV YELLOW","description":"SOURCE=BMA_CCTV_REPORT | REPORTED=2026-09-29 13:24 ICT | STATUS=YELLOW | ROAD=ถนนนวลจันทร์ | OSM_WAY=1311520485 | QC=PASS | SOURCE_URL=https://www.thaipbs.or.th/news/content/558830","styleUrl":"#line-FFD400-7000","layer":"L1 ROAD STATUS MAIN","risk_status":"caution"},"geometry":{"type":"LineString","coordinates":[[100.644072,13.819638],[100.644136,13.819512],[100.644308,13.819172],[100.644335,13.819117],[100.644508,13.818779],[100.64461,13.818579],[100.644628,13.818542],[100.644647,13.818505],[100.644906,13.818016],[100.645006,13.817815],[100.645111,13.817603],[100.645156,13.817512]]}},{"type":"Feature","properties":{"name":"ถนนนวลจันทร์ | CCTV YELLOW","description":"SOURCE=BMA_CCTV_REPORT | REPORTED=2026-09-29 13:24 ICT | STATUS=YELLOW | ROAD=ถนนนวลจันทร์ | OSM_WAY=1128256368 | QC=PASS | SOURCE_URL=https://www.thaipbs.or.th/news/content/558830","styleUrl":"#line-FFD400-7000","layer":"L1 ROAD STATUS MAIN","risk_status":"caution"},"geometry":{"type":"LineString","coordinates":[[100.635357,13.838769],[100.635488,13.838552],[100.635524,13.838495],[100.635615,13.838346],[100.635632,13.838318],[100.635681,13.838238],[100.635764,13.838105],[100.635956,13.837798],[100.63606,13.837621],[100.636104,13.837545]]}},{"type":"Feature","properties":{"name":"ถนนนวลจันทร์ | CCTV YELLOW","description":"SOURCE=BMA_CCTV_REPORT | REPORTED=2026-09-29 13:24 ICT | STATUS=YELLOW | ROAD=ถนนนวลจันทร์ | OSM_WAY=1189083716 | QC=PASS | SOURCE_URL=https://www.thaipbs.or.th/news/content/558830","styleUrl":"#line-FFD400-7000","layer":"L1 ROAD STATUS MAIN","risk_status":"caution"},"geometry":{"type":"LineString","coordinates":[[100.634746,13.839811],[100.634796,13.839719],[100.634882,13.839593],[100.635012,13.839384],[100.635164,13.839101],[100.635189,13.839053],[100.63523,13.838976]]}},{"type":"Feature","properties":{"name":"ถนนนวลจันทร์ | CCTV YELLOW","description":"SOURCE=BMA_CCTV_REPORT | REPORTED=2026-09-29 13:24 ICT | STATUS=YELLOW | ROAD=ถนนนวลจันทร์ | OSM_WAY=1413558423 | QC=PASS | SOURCE_URL=https://www.thaipbs.or.th/news/content/558830","styleUrl":"#line-FFD400-7000","layer":"L1 ROAD STATUS MAIN","risk_status":"caution"},"geometry":{"type":"LineString","coordinates":[[100.636104,13.837545],[100.636142,13.83748],[100.636303,13.837206],[100.636328,13.837164],[100.636483,13.836915],[100.636576,13.83677]]}},{"type":"Feature","properties":{"name":"ถนนนวลจันทร์ | CCTV YELLOW","description":"SOURCE=BMA_CCTV_REPORT | REPORTED=2026-09-29 13:24 ICT | STATUS=YELLOW | ROAD=ถนนนวลจันทร์ | OSM_WAY=968239907 | QC=PASS | SOURCE_URL=https://www.thaipbs.or.th/news/content/558830","styleUrl":"#line-FFD400-7000","layer":"L1 ROAD STATUS MAIN","risk_status":"caution"},"geometry":{"type":"LineString","coordinates":[[100.647585,13.812267],[100.647998,13.811897]]}},{"type":"Feature","properties":{"name":"ถนนนวลจันทร์ | CCTV YELLOW","description":"SOURCE=BMA_CCTV_REPORT | REPORTED=2026-09-29 13:24 ICT | STATUS=YELLOW | ROAD=ถนนนวลจันทร์ | OSM_WAY=852279293 | QC=PASS | SOURCE_URL=https://www.thaipbs.or.th/news/content/558830","styleUrl":"#line-FFD400-7000","layer":"L1 ROAD STATUS MAIN","risk_status":"caution"},"geometry":{"type":"LineString","coordinates":[[100.648209,13.811671],[100.648298,13.811573],[100.648371,13.811467],[100.648427,13.811353]]}},{"type":"Feature","properties":{"name":"ถนนนวลจันทร์ | CCTV YELLOW","description":"SOURCE=BMA_CCTV_REPORT | REPORTED=2026-09-29 13:24 ICT | STATUS=YELLOW | ROAD=ถนนนวลจันทร์ | OSM_WAY=852279294 | QC=PASS | SOURCE_URL=https://www.thaipbs.or.th/news/content/558830","styleUrl":"#line-FFD400-7000","layer":"L1 ROAD STATUS MAIN","risk_status":"caution"},"geometry":{"type":"LineString","coordinates":[[100.647998,13.811897],[100.648209,13.811671]]}},{"type":"Feature","properties":{"name":"ถนนนวลจันทร์ | CCTV YELLOW","description":"SOURCE=BMA_CCTV_REPORT | REPORTED=2026-09-29 13:24 ICT | STATUS=YELLOW | ROAD=ถนนนวลจันทร์ | OSM_WAY=1311520473 | QC=PASS | SOURCE_URL=https://www.thaipbs.or.th/news/content/558830","styleUrl":"#line-FFD400-7000","layer":"L1 ROAD STATUS MAIN","risk_status":"caution"},"geometry":{"type":"LineString","coordinates":[[100.63523,13.838976],[100.635286,13.838885],[100.635357,13.838769]]}},{"type":"Feature","properties":{"name":"ถนนนวลจันทร์ | CCTV YELLOW","description":"SOURCE=BMA_CCTV_REPORT | REPORTED=2026-09-29 13:24 ICT | STATUS=YELLOW | ROAD=ถนนนวลจันทร์ | OSM_WAY=1413558424 | QC=PASS | SOURCE_URL=https://www.thaipbs.or.th/news/content/558830","styleUrl":"#line-FFD400-7000","layer":"L1 ROAD STATUS MAIN","risk_status":"caution"},"geometry":{"type":"LineString","coordinates":[[100.636576,13.83677],[100.636607,13.836722]]}},{"type":"Feature","properties":{"name":"ถนนนวลจันทร์ | CCTV YELLOW","description":"SOURCE=BMA_CCTV_REPORT | REPORTED=2026-09-29 13:24 ICT | STATUS=YELLOW | ROAD=ถนนนวลจันทร์ | OSM_WAY=41910841 | QC=PASS | SOURCE_URL=https://www.thaipbs.or.th/news/content/558830","styleUrl":"#line-FFD400-7000","layer":"L1 ROAD STATUS MAIN","risk_status":"caution"},"geometry":{"type":"LineString","coordinates":[[100.647503,13.81207],[100.647559,13.812116],[100.647594,13.812155],[100.647595,13.812181],[100.647602,13.812209],[100.647585,13.812267]]}},{"type":"Feature","properties":{"name":"ถนนเทศบาลสงเคราะห์ | CCTV YELLOW","description":"SOURCE=BMA_CCTV_REPORT | REPORTED=2026-09-29 13:24 ICT | STATUS=YELLOW | ROAD=ถนนเทศบาลสงเคราะห์ | OSM_WAY=212489109 | QC=PASS | SOURCE_URL=https://www.thaipbs.or.th/news/content/558830","styleUrl":"#line-FFD400-7000","layer":"L1 ROAD STATUS MAIN","risk_status":"caution"},"geometry":{"type":"LineString","coordinates":[[100.549814,13.839936],[100.550497,13.839861],[100.550671,13.839844],[100.550959,13.839796],[100.551187,13.839761],[100.552142,13.839603],[100.552162,13.8396],[100.553546,13.839405],[100.554015,13.839327],[100.554257,13.839287]]}},{"type":"Feature","properties":{"name":"ถนนเทศบาลสงเคราะห์ | CCTV YELLOW","description":"SOURCE=BMA_CCTV_REPORT | REPORTED=2026-09-29 13:24 ICT | STATUS=YELLOW | ROAD=ถนนเทศบาลสงเคราะห์ | OSM_WAY=212489110 | QC=PASS | SOURCE_URL=https://www.thaipbs.or.th/news/content/558830","styleUrl":"#line-FFD400-7000","layer":"L1 ROAD STATUS MAIN","risk_status":"caution"},"geometry":{"type":"LineString","coordinates":[[100.541745,13.839951],[100.541861,13.840049],[100.542394,13.840091],[100.543896,13.840222],[100.544427,13.840254],[100.544529,13.840258],[100.544805,13.840269],[100.544955,13.840277],[100.545306,13.840281],[100.545611,13.840284],[100.545705,13.840283],[100.546116,13.840281],[100.54648,13.840281],[100.547171,13.840259],[100.547616,13.840228],[100.548028,13.840183],[100.549405,13.840024],[100.549524,13.840009],[100.549814,13.839936]]}},{"type":"Feature","properties":{"name":"ถนนเทศบาลสงเคราะห์ | CCTV YELLOW","description":"SOURCE=BMA_CCTV_REPORT | REPORTED=2026-09-29 13:24 ICT | STATUS=YELLOW | ROAD=ถนนเทศบาลสงเคราะห์ | OSM_WAY=1389460260 | QC=PASS | SOURCE_URL=https://www.thaipbs.or.th/news/content/558830","styleUrl":"#line-FFD400-7000","layer":"L1 ROAD STATUS MAIN","risk_status":"caution"},"geometry":{"type":"LineString","coordinates":[[100.554214,13.839177],[100.554186,13.839182],[100.55357,13.839271],[100.553419,13.839293],[100.552128,13.839498],[100.55118,13.839655],[100.550755,13.839713],[100.550482,13.839751],[100.549809,13.839807]]}},{"type":"Feature","properties":{"name":"ถนนเทศบาลสงเคราะห์ | CCTV YELLOW","description":"SOURCE=BMA_CCTV_REPORT | REPORTED=2026-09-29 13:24 ICT | STATUS=YELLOW | ROAD=ถนนเทศบาลสงเคราะห์ | OSM_WAY=156723989 | QC=PASS | SOURCE_URL=https://www.thaipbs.or.th/news/content/558830","styleUrl":"#line-FFD400-7000","layer":"L1 ROAD STATUS MAIN","risk_status":"caution"},"geometry":{"type":"LineString","coordinates":[[100.549809,13.839807],[100.549633,13.83981],[100.549568,13.839818],[100.54823,13.839969],[100.547978,13.840004],[100.547639,13.840037],[100.547138,13.840071],[100.546416,13.8401],[100.546125,13.840096],[100.545609,13.840103],[100.544948,13.840094],[100.544532,13.840086],[100.544399,13.840084],[100.5439,13.84004],[100.542687,13.839942],[100.541915,13.839863],[100.541873,13.839864],[100.541792,13.839907],[100.541745,13.839951]]}},{"type":"Feature","properties":{"name":"ถนนเทศบาลสงเคราะห์ | CCTV YELLOW","description":"SOURCE=BMA_CCTV_REPORT | REPORTED=2026-09-29 13:24 ICT | STATUS=YELLOW | ROAD=ถนนเทศบาลสงเคราะห์ | OSM_WAY=158924763 | QC=PASS | SOURCE_URL=https://www.thaipbs.or.th/news/content/558830","styleUrl":"#line-FFD400-7000","layer":"L1 ROAD STATUS MAIN","risk_status":"caution"},"geometry":{"type":"LineString","coordinates":[[100.541745,13.839951],[100.541925,13.839964],[100.543892,13.840126],[100.544414,13.840163],[100.544531,13.840167],[100.544776,13.840175],[100.545101,13.840184],[100.545442,13.840184],[100.54582,13.840188],[100.546315,13.840184],[100.546444,13.840178],[100.546601,13.840172],[100.547187,13.840164],[100.547608,13.840159],[100.548018,13.840114],[100.549571,13.839906]]}},{"type":"Feature","properties":{"name":"ถนนเทศบาลสงเคราะห์ | CCTV YELLOW","description":"SOURCE=BMA_CCTV_REPORT | REPORTED=2026-09-29 13:24 ICT | STATUS=YELLOW | ROAD=ถนนเทศบาลสงเคราะห์ | OSM_WAY=156723986 | QC=PASS | SOURCE_URL=https://www.thaipbs.or.th/news/content/558830","styleUrl":"#line-FFD400-7000","layer":"L1 ROAD STATUS MAIN","risk_status":"caution"},"geometry":{"type":"LineString","coordinates":[[100.557219,13.83814],[100.557171,13.838295],[100.557141,13.838353],[100.557064,13.838447],[100.556918,13.838522],[100.556734,13.838578],[100.556401,13.838662],[100.556216,13.838706],[100.556192,13.838712],[100.555964,13.838785]]}},{"type":"Feature","properties":{"name":"ถนนเทศบาลสงเคราะห์ | CCTV YELLOW","description":"SOURCE=BMA_CCTV_REPORT | REPORTED=2026-09-29 13:24 ICT | STATUS=YELLOW | ROAD=ถนนเทศบาลสงเคราะห์ | OSM_WAY=158924762 | QC=PASS | SOURCE_URL=https://www.thaipbs.or.th/news/content/558830","styleUrl":"#line-FFD400-7000","layer":"L1 ROAD STATUS MAIN","risk_status":"caution"},"geometry":{"type":"LineString","coordinates":[[100.556007,13.838875],[100.556244,13.838803],[100.556265,13.838798],[100.556379,13.838769],[100.556436,13.838756],[100.556816,13.838694],[100.556952,13.838692],[100.557033,13.838702],[100.557108,13.838738],[100.557202,13.838835],[100.557307,13.83898],[100.557426,13.839211]]}},{"type":"Feature","properties":{"name":"ถนนเทศบาลสงเคราะห์ | CCTV YELLOW","description":"SOURCE=BMA_CCTV_REPORT | REPORTED=2026-09-29 13:24 ICT | STATUS=YELLOW | ROAD=ถนนเทศบาลสงเคราะห์ | OSM_WAY=231374751 | QC=PASS | SOURCE_URL=https://www.thaipbs.or.th/news/content/558830","styleUrl":"#line-FFD400-7000","layer":"L1 ROAD STATUS MAIN","risk_status":"caution"},"geometry":{"type":"LineString","coordinates":[[100.555964,13.838785],[100.555876,13.838805],[100.55558,13.838884],[100.555172,13.838995],[100.555089,13.839018]]}},{"type":"Feature","properties":{"name":"ถนนเทศบาลสงเคราะห์ | CCTV YELLOW","description":"SOURCE=BMA_CCTV_REPORT | REPORTED=2026-09-29 13:24 ICT | STATUS=YELLOW | ROAD=ถนนเทศบาลสงเคราะห์ | OSM_WAY=156723982 | QC=PASS | SOURCE_URL=https://www.thaipbs.or.th/news/content/558830","styleUrl":"#line-FFD400-7000","layer":"L1 ROAD STATUS MAIN","risk_status":"caution"},"geometry":{"type":"LineString","coordinates":[[100.555089,13.839018],[100.554698,13.839105],[100.554214,13.839177]]}},{"type":"Feature","properties":{"name":"ถนนเทศบาลสงเคราะห์ | CCTV YELLOW","description":"SOURCE=BMA_CCTV_REPORT | REPORTED=2026-09-29 13:24 ICT | STATUS=YELLOW | ROAD=ถนนเทศบาลสงเคราะห์ | OSM_WAY=158924765 | QC=PASS | SOURCE_URL=https://www.thaipbs.or.th/news/content/558830","styleUrl":"#line-FFD400-7000","layer":"L1 ROAD STATUS MAIN","risk_status":"caution"},"geometry":{"type":"LineString","coordinates":[[100.554257,13.839287],[100.554758,13.839194],[100.5551,13.839125]]}},{"type":"Feature","properties":{"name":"ถนนเทศบาลสงเคราะห์ | CCTV YELLOW","description":"SOURCE=BMA_CCTV_REPORT | REPORTED=2026-09-29 13:24 ICT | STATUS=YELLOW | ROAD=ถนนเทศบาลสงเคราะห์ | OSM_WAY=1104464496 | QC=PASS | SOURCE_URL=https://www.thaipbs.or.th/news/content/558830","styleUrl":"#line-FFD400-7000","layer":"L1 ROAD STATUS MAIN","risk_status":"caution"},"geometry":{"type":"LineString","coordinates":[[100.555333,13.839072],[100.556007,13.838875]]}},{"type":"Feature","properties":{"name":"ถนนเทศบาลสงเคราะห์ | CCTV YELLOW","description":"SOURCE=BMA_CCTV_REPORT | REPORTED=2026-09-29 13:24 ICT | STATUS=YELLOW | ROAD=ถนนเทศบาลสงเคราะห์ | OSM_WAY=212489111 | QC=PASS | SOURCE_URL=https://www.thaipbs.or.th/news/content/558830","styleUrl":"#line-FFD400-7000","layer":"L1 ROAD STATUS MAIN","risk_status":"caution"},"geometry":{"type":"LineString","coordinates":[[100.549809,13.839807],[100.549571,13.839906]]}},{"type":"Feature","properties":{"name":"ถนนเทศบาลสงเคราะห์ | CCTV YELLOW","description":"SOURCE=BMA_CCTV_REPORT | REPORTED=2026-09-29 13:24 ICT | STATUS=YELLOW | ROAD=ถนนเทศบาลสงเคราะห์ | OSM_WAY=1104464495 | QC=PASS | SOURCE_URL=https://www.thaipbs.or.th/news/content/558830","styleUrl":"#line-FFD400-7000","layer":"L1 ROAD STATUS MAIN","risk_status":"caution"},"geometry":{"type":"LineString","coordinates":[[100.5551,13.839125],[100.555204,13.839103],[100.555333,13.839072]]}},{"type":"Feature","properties":{"name":"ถนนเทศบาลสงเคราะห์ | CCTV YELLOW","description":"SOURCE=BMA_CCTV_REPORT | REPORTED=2026-09-29 13:24 ICT | STATUS=YELLOW | ROAD=ถนนเทศบาลสงเคราะห์ | OSM_WAY=156723979 | QC=PASS | SOURCE_URL=https://www.thaipbs.or.th/news/content/558830","styleUrl":"#line-FFD400-7000","layer":"L1 ROAD STATUS MAIN","risk_status":"caution"},"geometry":{"type":"LineString","coordinates":[[100.541619,13.839937],[100.541361,13.8399]]}},{"type":"Feature","properties":{"name":"ถนนเทศบาลสงเคราะห์ | CCTV YELLOW","description":"SOURCE=BMA_CCTV_REPORT | REPORTED=2026-09-29 13:24 ICT | STATUS=YELLOW | ROAD=ถนนเทศบาลสงเคราะห์ | OSM_WAY=1444687118 | QC=PASS | SOURCE_URL=https://www.thaipbs.or.th/news/content/558830","styleUrl":"#line-FFD400-7000","layer":"L1 ROAD STATUS MAIN","risk_status":"caution"},"geometry":{"type":"LineString","coordinates":[[100.549571,13.839906],[100.549814,13.839936]]}},{"type":"Feature","properties":{"name":"ถนนเทศบาลสงเคราะห์ | CCTV YELLOW","description":"SOURCE=BMA_CCTV_REPORT | REPORTED=2026-09-29 13:24 ICT | STATUS=YELLOW | ROAD=ถนนเทศบาลสงเคราะห์ | OSM_WAY=1104464499 | QC=PASS | SOURCE_URL=https://www.thaipbs.or.th/news/content/558830","styleUrl":"#line-FFD400-7000","layer":"L1 ROAD STATUS MAIN","risk_status":"caution"},"geometry":{"type":"LineString","coordinates":[[100.541619,13.839937],[100.541636,13.83994],[100.541672,13.839945],[100.541745,13.839951]]}},{"type":"Feature","properties":{"name":"ถนนเทศบาลสงเคราะห์ | CCTV YELLOW","description":"SOURCE=BMA_CCTV_REPORT | REPORTED=2026-09-29 13:24 ICT | STATUS=YELLOW | ROAD=ถนนเทศบาลสงเคราะห์ | OSM_WAY=212489112 | QC=PASS | SOURCE_URL=https://www.thaipbs.or.th/news/content/558830","styleUrl":"#line-FFD400-7000","layer":"L1 ROAD STATUS MAIN","risk_status":"caution"},"geometry":{"type":"LineString","coordinates":[[100.541228,13.839887],[100.541345,13.839898],[100.541361,13.8399]]}},{"type":"Feature","properties":{"name":"ถนนกรุงเทพกรีฑา | CCTV YELLOW","description":"SOURCE=BMA_CCTV_REPORT | REPORTED=2026-09-29 13:24 ICT | STATUS=YELLOW | ROAD=ถนนกรุงเทพกรีฑา | OSM_WAY=526499216 | QC=PASS | SOURCE_URL=https://www.thaipbs.or.th/news/content/558830","styleUrl":"#line-FFD400-7000","layer":"L1 ROAD STATUS MAIN","risk_status":"caution"},"geometry":{"type":"LineString","coordinates":[[100.656371,13.747754],[100.65635,13.747756],[100.655945,13.747794],[100.655792,13.747819],[100.655409,13.747881],[100.655225,13.74791],[100.654483,13.748056],[100.653708,13.748214],[100.652848,13.74839],[100.652592,13.748442],[100.652503,13.748509]]}},{"type":"Feature","properties":{"name":"ถนนกรุงเทพกรีฑา | CCTV YELLOW","description":"SOURCE=BMA_CCTV_REPORT | REPORTED=2026-09-29 13:24 ICT | STATUS=YELLOW | ROAD=ถนนกรุงเทพกรีฑา | OSM_WAY=545853776 | QC=PASS | SOURCE_URL=https://www.thaipbs.or.th/news/content/558830","styleUrl":"#line-FFD400-7000","layer":"L1 ROAD STATUS MAIN","risk_status":"caution"},"geometry":{"type":"LineString","coordinates":[[100.649219,13.749696],[100.64886,13.749934],[100.648705,13.750041],[100.648507,13.750185],[100.648274,13.75035],[100.648038,13.750511],[100.647734,13.7507],[100.647496,13.75084],[100.647278,13.750962]]}},{"type":"Feature","properties":{"name":"ถนนกรุงเทพกรีฑา | CCTV YELLOW","description":"SOURCE=BMA_CCTV_REPORT | REPORTED=2026-09-29 13:24 ICT | STATUS=YELLOW | ROAD=ถนนกรุงเทพกรีฑา | OSM_WAY=518514238 | QC=PASS | SOURCE_URL=https://www.thaipbs.or.th/news/content/558830","styleUrl":"#line-FFD400-7000","layer":"L1 ROAD STATUS MAIN","risk_status":"caution"},"geometry":{"type":"LineString","coordinates":[[100.652527,13.748613],[100.652576,13.748637],[100.652619,13.748648],[100.655324,13.748132],[100.655372,13.748124],[100.655464,13.748107],[100.655796,13.748045],[100.65595,13.748032],[100.656096,13.748019],[100.656207,13.748022]]}},{"type":"Feature","properties":{"name":"ถนนกรุงเทพกรีฑา | CCTV YELLOW","description":"SOURCE=BMA_CCTV_REPORT | REPORTED=2026-09-29 13:24 ICT | STATUS=YELLOW | ROAD=ถนนกรุงเทพกรีฑา | OSM_WAY=545853796 | QC=PASS | SOURCE_URL=https://www.thaipbs.or.th/news/content/558830","styleUrl":"#line-FFD400-7000","layer":"L1 ROAD STATUS MAIN","risk_status":"caution"},"geometry":{"type":"LineString","coordinates":[[100.647326,13.751055],[100.647561,13.750925],[100.648165,13.750581],[100.649007,13.750047]]}},{"type":"Feature","properties":{"name":"ถนนกรุงเทพกรีฑา | CCTV YELLOW","description":"SOURCE=BMA_CCTV_REPORT | REPORTED=2026-09-29 13:24 ICT | STATUS=YELLOW | ROAD=ถนนกรุงเทพกรีฑา | OSM_WAY=548596941 | QC=PASS | SOURCE_URL=https://www.thaipbs.or.th/news/content/558830","styleUrl":"#line-FFD400-7000","layer":"L1 ROAD STATUS MAIN","risk_status":"caution"},"geometry":{"type":"LineString","coordinates":[[100.652879,13.748525],[100.653567,13.748386],[100.655439,13.748012]]}},{"type":"Feature","properties":{"name":"ถนนกรุงเทพกรีฑา | CCTV YELLOW","description":"SOURCE=BMA_CCTV_REPORT | REPORTED=2026-09-29 13:24 ICT | STATUS=YELLOW | ROAD=ถนนกรุงเทพกรีฑา | OSM_WAY=801870017 | QC=PASS | SOURCE_URL=https://www.thaipbs.or.th/news/content/558830","styleUrl":"#line-FFD400-7000","layer":"L1 ROAD STATUS MAIN","risk_status":"caution"},"geometry":{"type":"LineString","coordinates":[[100.655428,13.747943],[100.654333,13.748149],[100.652862,13.74845]]}},{"type":"Feature","properties":{"name":"ถนนกรุงเทพกรีฑา | CCTV YELLOW","description":"SOURCE=BMA_CCTV_REPORT | REPORTED=2026-09-29 13:24 ICT | STATUS=YELLOW | ROAD=ถนนกรุงเทพกรีฑา | OSM_WAY=545853774 | QC=PASS | SOURCE_URL=https://www.thaipbs.or.th/news/content/558830","styleUrl":"#line-FFD400-7000","layer":"L1 ROAD STATUS MAIN","risk_status":"caution"},"geometry":{"type":"LineString","coordinates":[[100.649007,13.750047],[100.64955,13.749698],[100.649811,13.749529],[100.649832,13.749515],[100.65,13.74943],[100.650168,13.749354],[100.650474,13.749221]]}},{"type":"Feature","properties":{"name":"ถนนกรุงเทพกรีฑา | CCTV YELLOW","description":"SOURCE=BMA_CCTV_REPORT | REPORTED=2026-09-29 13:24 ICT | STATUS=YELLOW | ROAD=ถนนกรุงเทพกรีฑา | OSM_WAY=1305783024 | QC=PASS | SOURCE_URL=https://www.thaipbs.or.th/news/content/558830","styleUrl":"#line-FFD400-7000","layer":"L1 ROAD STATUS MAIN","risk_status":"caution"},"geometry":{"type":"LineString","coordinates":[[100.650405,13.749114],[100.649978,13.74929],[100.649789,13.749378],[100.649219,13.749696]]}},{"type":"Feature","properties":{"name":"ถนนกรุงเทพกรีฑา | CCTV YELLOW","description":"SOURCE=BMA_CCTV_REPORT | REPORTED=2026-09-29 13:24 ICT | STATUS=YELLOW | ROAD=ถนนกรุงเทพกรีฑา | OSM_WAY=545853779 | QC=PASS | SOURCE_URL=https://www.thaipbs.or.th/news/content/558830","styleUrl":"#line-FFD400-7000","layer":"L1 ROAD STATUS MAIN","risk_status":"caution"},"geometry":{"type":"LineString","coordinates":[[100.6512,13.74882],[100.651014,13.748881],[100.650405,13.749114]]}},{"type":"Feature","properties":{"name":"ถนนกรุงเทพกรีฑา | CCTV YELLOW","description":"SOURCE=BMA_CCTV_REPORT | REPORTED=2026-09-29 13:24 ICT | STATUS=YELLOW | ROAD=ถนนกรุงเทพกรีฑา | OSM_WAY=162348046 | QC=PASS | SOURCE_URL=https://www.thaipbs.or.th/news/content/558830","styleUrl":"#line-FFD400-7000","layer":"L1 ROAD STATUS MAIN","risk_status":"caution"},"geometry":{"type":"LineString","coordinates":[[100.650474,13.749221],[100.651063,13.748996],[100.651263,13.748928]]}},{"type":"Feature","properties":{"name":"ถนนกรุงเทพกรีฑา | CCTV YELLOW","description":"SOURCE=BMA_CCTV_REPORT | REPORTED=2026-09-29 13:24 ICT | STATUS=YELLOW | ROAD=ถนนกรุงเทพกรีฑา | OSM_WAY=526493218 | QC=PASS | SOURCE_URL=https://www.thaipbs.or.th/news/content/558830","styleUrl":"#line-FFD400-7000","layer":"L1 ROAD STATUS MAIN","risk_status":"caution"},"geometry":{"type":"LineString","coordinates":[[100.652126,13.748592],[100.6512,13.74882]]}},{"type":"Feature","properties":{"name":"ถนนกรุงเทพกรีฑา | CCTV YELLOW","description":"SOURCE=BMA_CCTV_REPORT | REPORTED=2026-09-29 13:24 ICT | STATUS=YELLOW | ROAD=ถนนกรุงเทพกรีฑา | OSM_WAY=526499218 | QC=PASS | SOURCE_URL=https://www.thaipbs.or.th/news/content/558830","styleUrl":"#line-FFD400-7000","layer":"L1 ROAD STATUS MAIN","risk_status":"caution"},"geometry":{"type":"LineString","coordinates":[[100.651263,13.748928],[100.652131,13.748694]]}},{"type":"Feature","properties":{"name":"ถนนกรุงเทพกรีฑา | CCTV YELLOW","description":"SOURCE=BMA_CCTV_REPORT | REPORTED=2026-09-29 13:24 ICT | STATUS=YELLOW | ROAD=ถนนกรุงเทพกรีฑา | OSM_WAY=697152909 | QC=PASS | SOURCE_URL=https://www.thaipbs.or.th/news/content/558830","styleUrl":"#line-FFD400-7000","layer":"L1 ROAD STATUS MAIN","risk_status":"caution"},"geometry":{"type":"LineString","coordinates":[[100.656803,13.747833],[100.656739,13.747823],[100.656513,13.747785],[100.656371,13.747754]]}},{"type":"Feature","properties":{"name":"ถนนกรุงเทพกรีฑา | CCTV YELLOW","description":"SOURCE=BMA_CCTV_REPORT | REPORTED=2026-09-29 13:24 ICT | STATUS=YELLOW | ROAD=ถนนกรุงเทพกรีฑา | OSM_WAY=721958064 | QC=PASS | SOURCE_URL=https://www.thaipbs.or.th/news/content/558830","styleUrl":"#line-FFD400-7000","layer":"L1 ROAD STATUS MAIN","risk_status":"caution"},"geometry":{"type":"LineString","coordinates":[[100.652131,13.748694],[100.652527,13.748613]]}},{"type":"Feature","properties":{"name":"ถนนกรุงเทพกรีฑา | CCTV YELLOW","description":"SOURCE=BMA_CCTV_REPORT | REPORTED=2026-09-29 13:24 ICT | STATUS=YELLOW | ROAD=ถนนกรุงเทพกรีฑา | OSM_WAY=721958065 | QC=PASS | SOURCE_URL=https://www.thaipbs.or.th/news/content/558830","styleUrl":"#line-FFD400-7000","layer":"L1 ROAD STATUS MAIN","risk_status":"caution"},"geometry":{"type":"LineString","coordinates":[[100.652503,13.748509],[100.652146,13.748587],[100.652126,13.748592]]}},{"type":"Feature","properties":{"name":"ถนนกรุงเทพกรีฑา | CCTV YELLOW","description":"SOURCE=BMA_CCTV_REPORT | REPORTED=2026-09-29 13:24 ICT | STATUS=YELLOW | ROAD=ถนนกรุงเทพกรีฑา | OSM_WAY=1447744994 | QC=PASS | SOURCE_URL=https://www.thaipbs.or.th/news/content/558830","styleUrl":"#line-FFD400-7000","layer":"L1 ROAD STATUS MAIN","risk_status":"caution"},"geometry":{"type":"LineString","coordinates":[[100.652527,13.748613],[100.652879,13.748525]]}},{"type":"Feature","properties":{"name":"ถนนกรุงเทพกรีฑา | CCTV YELLOW","description":"SOURCE=BMA_CCTV_REPORT | REPORTED=2026-09-29 13:24 ICT | STATUS=YELLOW | ROAD=ถนนกรุงเทพกรีฑา | OSM_WAY=1447744995 | QC=PASS | SOURCE_URL=https://www.thaipbs.or.th/news/content/558830","styleUrl":"#line-FFD400-7000","layer":"L1 ROAD STATUS MAIN","risk_status":"caution"},"geometry":{"type":"LineString","coordinates":[[100.652862,13.74845],[100.652503,13.748509]]}},{"type":"Feature","properties":{"name":"ถนนกรุงเทพกรีฑา | CCTV YELLOW","description":"SOURCE=BMA_CCTV_REPORT | REPORTED=2026-09-29 13:24 ICT | STATUS=YELLOW | ROAD=ถนนกรุงเทพกรีฑา | OSM_WAY=928034334 | QC=PASS | SOURCE_URL=https://www.thaipbs.or.th/news/content/558830","styleUrl":"#line-FFD400-7000","layer":"L1 ROAD STATUS MAIN","risk_status":"caution"},"geometry":{"type":"LineString","coordinates":[[100.656512,13.748031],[100.656756,13.74808]]}},{"type":"Feature","properties":{"name":"ถนนกรุงเทพกรีฑา | CCTV YELLOW","description":"SOURCE=BMA_CCTV_REPORT | REPORTED=2026-09-29 13:24 ICT | STATUS=YELLOW | ROAD=ถนนกรุงเทพกรีฑา | OSM_WAY=1305800718 | QC=PASS | SOURCE_URL=https://www.thaipbs.or.th/news/content/558830","styleUrl":"#line-FFD400-7000","layer":"L1 ROAD STATUS MAIN","risk_status":"caution"},"geometry":{"type":"LineString","coordinates":[[100.656207,13.748022],[100.656394,13.748026],[100.656512,13.748031]]}},{"type":"Feature","properties":{"name":"ถนนกรุงเทพกรีฑา | CCTV YELLOW","description":"SOURCE=BMA_CCTV_REPORT | REPORTED=2026-09-29 13:24 ICT | STATUS=YELLOW | ROAD=ถนนกรุงเทพกรีฑา | OSM_WAY=697152908 | QC=PASS | SOURCE_URL=https://www.thaipbs.or.th/news/content/558830","styleUrl":"#line-FFD400-7000","layer":"L1 ROAD STATUS MAIN","risk_status":"caution"},"geometry":{"type":"LineString","coordinates":[[100.656803,13.747833],[100.656912,13.747776],[100.657005,13.747742],[100.657183,13.747701],[100.657424,13.74766],[100.65786,13.747602],[100.658137,13.747559],[100.658342,13.747518],[100.658533,13.74747],[100.658685,13.747435],[100.660278,13.747071],[100.660482,13.747019],[100.660686,13.746936]]}},{"type":"Feature","properties":{"name":"ถนนกรุงเทพกรีฑา | CCTV YELLOW","description":"SOURCE=BMA_CCTV_REPORT | REPORTED=2026-09-29 13:24 ICT | STATUS=YELLOW | ROAD=ถนนกรุงเทพกรีฑา | OSM_WAY=697152905 | QC=PASS | SOURCE_URL=https://www.thaipbs.or.th/news/content/558830","styleUrl":"#line-FFD400-7000","layer":"L1 ROAD STATUS MAIN","risk_status":"caution"},"geometry":{"type":"LineString","coordinates":[[100.660686,13.746936],[100.66052,13.746927],[100.660353,13.746948],[100.658668,13.747334],[100.658464,13.747381],[100.658278,13.747422],[100.658073,13.747463],[100.657399,13.747567],[100.657166,13.747608],[100.656962,13.747651]]}},{"type":"Feature","properties":{"name":"ถนนกรุงเทพกรีฑา | CCTV YELLOW","description":"SOURCE=BMA_CCTV_REPORT | REPORTED=2026-09-29 13:24 ICT | STATUS=YELLOW | ROAD=ถนนกรุงเทพกรีฑา | OSM_WAY=611568501 | QC=PASS | SOURCE_URL=https://www.thaipbs.or.th/news/content/558830","styleUrl":"#line-FFD400-7000","layer":"L1 ROAD STATUS MAIN","risk_status":"caution"},"geometry":{"type":"LineString","coordinates":[[100.665422,13.746263],[100.665367,13.74627],[100.66458,13.746284],[100.664403,13.746285],[100.664021,13.746307],[100.663641,13.746338],[100.663583,13.746342],[100.663314,13.746368],[100.662856,13.746412],[100.6627,13.746435],[100.662545,13.746465],[100.662339,13.746517]]}},{"type":"Feature","properties":{"name":"ถนนกรุงเทพกรีฑา | CCTV YELLOW","description":"SOURCE=BMA_CCTV_REPORT | REPORTED=2026-09-29 13:24 ICT | STATUS=YELLOW | ROAD=ถนนกรุงเทพกรีฑา | OSM_WAY=1447733094 | QC=PASS | SOURCE_URL=https://www.thaipbs.or.th/news/content/558830","styleUrl":"#line-FFD400-7000","layer":"L1 ROAD STATUS MAIN","risk_status":"caution"},"geometry":{"type":"LineString","coordinates":[[100.662339,13.746517],[100.661291,13.746781],[100.660764,13.746912],[100.660686,13.746936]]}},{"type":"Feature","properties":{"name":"ถนนกรุงเทพกรีฑา | CCTV YELLOW","description":"SOURCE=BMA_CCTV_REPORT | REPORTED=2026-09-29 13:24 ICT | STATUS=YELLOW | ROAD=ถนนกรุงเทพกรีฑา | OSM_WAY=611568502 | QC=PASS | SOURCE_URL=https://www.thaipbs.or.th/news/content/558830","styleUrl":"#line-FFD400-7000","layer":"L1 ROAD STATUS MAIN","risk_status":"caution"},"geometry":{"type":"LineString","coordinates":[[100.665818,13.746171],[100.665422,13.746263]]}},{"type":"Feature","properties":{"name":"ถนนกรุงเทพกรีฑา | CCTV YELLOW","description":"SOURCE=BMA_CCTV_REPORT | REPORTED=2026-09-29 13:24 ICT | STATUS=YELLOW | ROAD=ถนนกรุงเทพกรีฑา | OSM_WAY=697152907 | QC=PASS | SOURCE_URL=https://www.thaipbs.or.th/news/content/558830","styleUrl":"#line-FFD400-7000","layer":"L1 ROAD STATUS MAIN","risk_status":"caution"},"geometry":{"type":"LineString","coordinates":[[100.656962,13.747651],[100.656879,13.747689],[100.656852,13.747703],[100.656825,13.747722],[100.656812,13.747738],[100.656801,13.747759],[100.656795,13.747786],[100.656803,13.747833]]}},{"type":"Feature","properties":{"name":"ถนนกรุงเทพกรีฑา | CCTV YELLOW","description":"SOURCE=BMA_CCTV_REPORT | REPORTED=2026-09-29 13:24 ICT | STATUS=YELLOW | ROAD=ถนนกรุงเทพกรีฑา | OSM_WAY=697152904 | QC=PASS | SOURCE_URL=https://www.thaipbs.or.th/news/content/558830","styleUrl":"#line-FFD400-7000","layer":"L1 ROAD STATUS MAIN","risk_status":"caution"},"geometry":{"type":"LineString","coordinates":[[100.656756,13.74808],[100.656779,13.747945],[100.656803,13.747833]]}},{"type":"Feature","properties":{"name":"ถนนกรุงเทพกรีฑา | CCTV YELLOW","description":"SOURCE=BMA_CCTV_REPORT | REPORTED=2026-09-29 13:24 ICT | STATUS=YELLOW | ROAD=ถนนกรุงเทพกรีฑา | OSM_WAY=153265437 | QC=PASS | SOURCE_URL=https://www.thaipbs.or.th/news/content/558830","styleUrl":"#line-FFD400-7000","layer":"L1 ROAD STATUS MAIN","risk_status":"caution"},"geometry":{"type":"LineString","coordinates":[[100.665818,13.746171],[100.666823,13.745903],[100.666936,13.745878],[100.667092,13.745844],[100.668869,13.745448],[100.669406,13.745327],[100.669945,13.745206],[100.669972,13.7452],[100.670014,13.745187],[100.67006,13.745172],[100.670301,13.745057],[100.670648,13.744875],[100.670908,13.744736],[100.67114,13.744614],[100.671246,13.744556],[100.671745,13.744284],[100.672094,13.744093],[100.672258,13.744007],[100.672486,13.743908],[100.672864,13.7437],[100.672989,13.743632],[100.673123,13.74356],[100.673192,13.743523],[100.673254,13.74349],[100.673482,13.743368],[100.673536,13.743339],[100.673585,13.743313],[100.673664,13.74327],[100.674022,13.743079],[100.674188,13.742993],[100.674306,13.74293],[100.674693,13.742728],[100.674812,13.742674],[100.674945,13.742618],[100.675081,13.74258],[100.675207,13.742557],[100.675328,13.74254],[100.675854,13.742465],[100.676088,13.74243],[100.676157,13.742421],[100.676626,13.74236],[100.677337,13.74226],[100.678904,13.742042],[100.679111,13.742014],[100.679549,13.74195],[100.680147,13.741866],[100.680473,13.741822],[100.680916,13.741761],[100.681104,13.741734],[100.682163,13.741586],[100.682298,13.741556],[100.682443,13.741519],[100.682578,13.74148],[100.68274,13.74142],[100.682974,13.74133],[100.684103,13.740896],[100.684384,13.740786],[100.684539,13.740731],[100.684681,13.740692],[100.684796,13.740666],[100.684924,13.740643],[100.685844,13.740531],[100.685866,13.740529],[100.685941,13.74052],[100.685997,13.740513],[100.686324,13.740475],[100.687273,13.740373],[100.687546,13.740345],[100.687703,13.740337],[100.6878,13.74033],[100.68787,13.740322],[100.68794,13.740308]]}},{"type":"Feature","properties":{"name":"ถนนกรุงเทพกรีฑา | CCTV YELLOW","description":"SOURCE=BMA_CCTV_REPORT | REPORTED=2026-09-29 13:24 ICT | STATUS=YELLOW | ROAD=ถนนกรุงเทพกรีฑา | OSM_WAY=209140958 | QC=PASS | SOURCE_URL=https://www.thaipbs.or.th/news/content/558830","styleUrl":"#line-FFD400-7000","layer":"L1 ROAD STATUS MAIN","risk_status":"caution"},"geometry":{"type":"LineString","coordinates":[[100.695895,13.734926],[100.695748,13.735104],[100.695547,13.735346],[100.695515,13.735384],[100.69543,13.735495],[100.695308,13.735654],[100.69514,13.735892],[100.694967,13.736157],[100.694921,13.736226],[100.694396,13.737027],[100.69436,13.737114],[100.694346,13.737196],[100.694329,13.737328],[100.694318,13.737412],[100.694283,13.737681],[100.694269,13.737787],[100.694187,13.738613],[100.694169,13.738679],[100.694146,13.738713],[100.694108,13.73874],[100.693874,13.738805],[100.693256,13.738983],[100.692616,13.739169]]}},{"type":"Feature","properties":{"name":"ถนนกรุงเทพกรีฑา | CCTV YELLOW","description":"SOURCE=BMA_CCTV_REPORT | REPORTED=2026-09-29 13:24 ICT | STATUS=YELLOW | ROAD=ถนนกรุงเทพกรีฑา | OSM_WAY=791749609 | QC=PASS | SOURCE_URL=https://www.thaipbs.or.th/news/content/558830","styleUrl":"#line-FFD400-7000","layer":"L1 ROAD STATUS MAIN","risk_status":"caution"},"geometry":{"type":"LineString","coordinates":[[100.688261,13.740181],[100.688321,13.740155],[100.688385,13.740124],[100.688526,13.740051],[100.688688,13.739977],[100.688737,13.739959],[100.688901,13.7399],[100.689064,13.739853],[100.689198,13.739817],[100.689373,13.739777],[100.689509,13.739747],[100.689635,13.739721],[100.689899,13.739669],[100.690091,13.739633],[100.69041,13.739576],[100.690454,13.739568],[100.690677,13.739525],[100.690805,13.7395],[100.690958,13.73947],[100.691077,13.739446],[100.691416,13.73938],[100.691463,13.739371],[100.691596,13.739345],[100.691798,13.739307],[100.6919,13.739286],[100.692225,13.73922],[100.692412,13.739183],[100.692517,13.739171],[100.692616,13.739169]]}},{"type":"Feature","properties":{"name":"ถนนกรุงเทพกรีฑา | CCTV YELLOW","description":"SOURCE=BMA_CCTV_REPORT | REPORTED=2026-09-29 13:24 ICT | STATUS=YELLOW | ROAD=ถนนกรุงเทพกรีฑา | OSM_WAY=156678075 | QC=PASS | SOURCE_URL=https://www.thaipbs.or.th/news/content/558830","styleUrl":"#line-FFD400-7000","layer":"L1 ROAD STATUS MAIN","risk_status":"caution"},"geometry":{"type":"LineString","coordinates":[[100.699261,13.733516],[100.69925,13.733643],[100.699229,13.7337],[100.699203,13.733743],[100.699153,13.73377],[100.698807,13.733876],[100.698106,13.734089],[100.697874,13.73416],[100.697281,13.73434],[100.697252,13.734349],[100.697078,13.734402],[100.696821,13.734481],[100.696645,13.734535],[100.696435,13.734595],[100.69638,13.734611],[100.696243,13.73465],[100.696173,13.73468]]}},{"type":"Feature","properties":{"name":"ถนนกรุงเทพกรีฑา | CCTV YELLOW","description":"SOURCE=BMA_CCTV_REPORT | REPORTED=2026-09-29 13:24 ICT | STATUS=YELLOW | ROAD=ถนนกรุงเทพกรีฑา | OSM_WAY=209140951 | QC=PASS | SOURCE_URL=https://www.thaipbs.or.th/news/content/558830","styleUrl":"#line-FFD400-7000","layer":"L1 ROAD STATUS MAIN","risk_status":"caution"},"geometry":{"type":"LineString","coordinates":[[100.696173,13.73468],[100.696141,13.734704],[100.696072,13.734767],[100.695895,13.734926]]}},{"type":"Feature","properties":{"name":"ถนนกรุงเทพกรีฑา | CCTV YELLOW","description":"SOURCE=BMA_CCTV_REPORT | REPORTED=2026-09-29 13:24 ICT | STATUS=YELLOW | ROAD=ถนนกรุงเทพกรีฑา | OSM_WAY=791749610 | QC=PASS | SOURCE_URL=https://www.thaipbs.or.th/news/content/558830","styleUrl":"#line-FFD400-7000","layer":"L1 ROAD STATUS MAIN","risk_status":"caution"},"geometry":{"type":"LineString","coordinates":[[100.68794,13.740308],[100.688261,13.740181]]}}]}