{"type":"FeatureCollection","name":"Bangkok Rain Forecast 2026-10-01","features":[{"type":"Feature","properties":{"valid_date":"2026-10-01","precip_mm":0.2,"probability_pct":10,"rain_class":"none","model":"ECMWF IFS HRES","resolution_km":9.0,"source":"Open-Meteo ECMWF API","forecast_run":"2026-10-01T15:00:00+07:00","precision_note":"Approximate model-grid context; not street-level rainfall."},"geometry":{"type":"MultiPolygon","coordinates":[[[[100.40792087013118,13.502336095587921],[100.40764332653023,13.503495270389534],[100.40698356103243,13.506382710299752],[100.40692952485374,13.506620311345557],[100.40690985923617,13.506713080844621],[100.4067861446305,13.507179331702401],[100.40676695124945,13.507254018718031],[100.40673925628697,13.507355873190704],[100.40669195609915,13.50756066671577],[100.40667916579775,13.507644357703347],[100.40665151050797,13.507752991883464],[100.40662046383613,13.507874075881155],[100.40658870730287,13.507972563172647],[100.406623070197,13.50802321892292],[100.4066092947251,13.511287839144511],[100.40660723560889,13.518322038920571],[100.40654144784797,13.518919042240388],[100.40656011512729,13.51905001603884],[100.40657448828601,13.519334693258548],[100.40667408916339,13.519875399059652],[100.40689593371349,13.52038716827736],[100.40725776947592,13.520843911064658],[100.40751915925945,13.521009680104767],[100.40767812365911,13.521137605091537],[100.40777212059508,13.521215045787747],[100.40786547374945,13.521379500005608],[100.40792087013118,13.521475860339555],[100.40792087013118,13.502336095587921]]],[[[100.40792087013118,13.573818984956938],[100.40792087013118,13.554716839347497],[100.4077199340733,13.55477144935113],[100.40751353438067,13.554830242428483],[100.40742010181664,13.554851107638395],[100.40730165124985,13.554840475073835],[100.40725286335898,13.554793290533151],[100.4071726653189,13.554707863415526],[100.40708441489947,13.554628131544671],[100.40699791120751,13.554550649769562],[100.40690406742205,13.554501458018823],[100.40675953632622,13.554475152256499],[100.40663755458112,13.5544532393878],[100.40654982377069,13.554461643228587],[100.406453483881,13.554479135388107],[100.40631765559951,13.554557869010889],[100.40619321168616,13.55460828885298],[100.40593578050682,13.554631207442274],[100.40575450395944,13.554641267423085],[100.40560330300454,13.554659067960005],[100.40550704170626,13.554690119154087],[100.40542245715622,13.554742574353778],[100.40535475241198,13.554817534288638],[100.40525364677822,13.555006810658318],[100.40518375149873,13.555102122623877],[100.40512377280224,13.555116019816431],[100.40481839544638,13.555136947013263],[100.40460601386937,13.555160740945267],[100.40447663738745,13.555158078376733],[100.40439747552023,13.555150612606065],[100.40433489481364,13.555114805753567],[100.40426929397117,13.555056414327735],[100.40422681244821,13.555001283792716],[100.40411599583132,13.554717150112923],[100.40406424838774,13.554559242859712],[100.40398928891328,13.554382255362148],[100.4039319592057,13.554257149040657],[100.40384049840172,13.554122064608322],[100.40370035012783,13.5539567440475],[100.40354903756867,13.553758715590085],[100.40337801796835,13.553548367856168],[100.40332114632987,13.553501227853284],[100.40326432776229,13.553463128335508],[100.4031481073097,13.553438920447045],[100.40303700558022,13.553401124818905],[100.40292932899311,13.553356529983688],[100.40273880096443,13.55326607080006],[100.4025801007607,13.55318673265983],[100.402449444402,13.553162606368673],[100.40235297204026,13.553157497021997],[100.40220303821704,13.553194498110011],[100.40200084599533,13.553281511802247],[100.40185083346,13.55330495328309],[100.40178541253556,13.553277070651223],[100.40169715197446,13.553195076735836],[100.40151767078979,13.553018675533867],[100.4014155773735,13.55294127813923],[100.4013414471197,13.552905534312334],[100.4011871937402,13.552895099532256],[100.40098281874704,13.552905285481168],[100.40086974515954,13.552925129271289],[100.40074005698531,13.55296766591583],[100.40056054393304,13.553081671040012],[100.4004505362712,13.55313200714178],[100.40033677254918,13.553132644774728],[100.40022042764647,13.553086967307449],[100.40014959790294,13.553022954009673],[100.40005278819552,13.552960217159214],[100.39992764800282,13.552891989060232],[100.39974875023157,13.552815022150527],[100.39957305076007,13.552791146643811],[100.39936634589651,13.552797954352583],[100.39922747725545,13.552850711543718],[100.39900047062716,13.55323730884149],[100.39892971802556,13.553285164524947],[100.39881948513957,13.553297081591257],[100.39874254790419,13.55327491254859],[100.39860052964167,13.55318417847811],[100.398489629385,13.553081969350144],[100.39831898080594,13.553033204939211],[100.39731217611846,13.553094206113895],[100.39721354561111,13.553115097498994],[100.39706890137938,13.553167885846198],[100.39699880504544,13.553229297220703],[100.39686911822753,13.55337127100581],[100.39673384546083,13.553446606576331],[100.39663752466781,13.553467484838992],[100.3964954771501,13.55347053882033],[100.3963313929122,13.553457896022849],[100.39618700153902,13.553455312978421],[100.39607612486871,13.55345593255127],[100.39594921059496,13.553479241480096],[100.39588692160326,13.553493149374704],[100.39583575647085,13.553532984878089],[100.39566684697702,13.553683087171642],[100.39543868629903,13.553873069967098],[100.39524424442625,13.554101283946768],[100.39520493200978,13.554193032696999],[100.39520249948598,13.554271015606089],[100.39523424314393,13.554366887496705],[100.3952632190104,13.554483115564969],[100.39527236918931,13.554566683733965],[100.39524467237287,13.554669667521832],[100.39518281815069,13.554758152195161],[100.39504755061192,13.554834616924893],[100.39481830336007,13.554937596095193],[100.39471421987481,13.555013886551832],[100.39468921249156,13.555082955575575],[100.39468966725491,13.555160922371375],[100.39471545896257,13.555226317819274],[100.39477842739387,13.555328795379609],[100.39486993668302,13.555472924101243],[100.39488142311848,13.555560999203422],[100.39486633192176,13.555646962726566],[100.39482236629338,13.555733087473316],[100.39472247650914,13.55583534432079],[100.39456288118997,13.555899514783365],[100.39440325190333,13.555958035388933],[100.39434110712172,13.555996801946742],[100.39427682605428,13.55616439932599],[100.39426099898687,13.55622324716848],[100.39423526469714,13.556365769600408],[100.39421871093512,13.556498071780492],[100.39420486577738,13.556599848196086],[100.39415632171223,13.556792217513532],[100.39410741752798,13.557021878520528],[100.39406846668231,13.557175775515919],[100.39404642120648,13.557356697025234],[100.39405911002596,13.55755211455205],[100.39407049184176,13.557622110433229],[100.3940839205811,13.55774633442737],[100.39410464682408,13.557834357995324],[100.39411197870405,13.557903246485083],[100.39415531531982,13.558105273771083],[100.39417473749327,13.558266753975174],[100.39403946770432,13.558343218360953],[100.39384529990166,13.558421141369113],[100.39372489892999,13.558472662831328],[100.39359878315646,13.558534386041925],[100.39347089530523,13.558589339137765],[100.39341119800773,13.558651821679929],[100.39333111824095,13.558784477338772],[100.393287827856,13.558887547990253],[100.39324676180763,13.558975916349919],[100.39318619913492,13.559088123267488],[100.39312114813947,13.559222955024508],[100.39308352721623,13.559307915080504],[100.3930482886914,13.559405290837757],[100.39301406685117,13.55947893111627],[100.39298394581931,13.55956271843515],[100.39294130510268,13.559678215321188],[100.39291140883086,13.559800421065725],[100.39289503010774,13.559863791897715],[100.39270463703932,13.56049086952425],[100.39259090793576,13.560795471276434],[100.39258535205248,13.560932231142747],[100.39264665471558,13.561046019244094],[100.39314786107845,13.561329111173764],[100.39314851881934,13.56144210655302],[100.39237555710132,13.562591099288186],[100.39235869463498,13.562769732756369],[100.39226832606317,13.563019964622177],[100.39211713955133,13.563140586632251],[100.39148949365564,13.563162164266574],[100.39135575539626,13.563204719230608],[100.3912832408894,13.563347503094947],[100.39129693341808,13.563616364678856],[100.39141637484559,13.56419312538381],[100.39123013354796,13.564641639720639],[100.39123315347918,13.56516028967021],[100.39109350880592,13.565279716898898],[100.39084481839274,13.565417831470347],[100.39079955664414,13.565480233146998],[100.3908130380995,13.5656134969935],[100.39098957630088,13.566275819027748],[100.3909541467851,13.56643986514239],[100.39092605296898,13.566574491517303],[100.39089343859966,13.566726092040176],[100.39083401643099,13.566935471472249],[100.39077741597701,13.567133535264412],[100.39075666620386,13.56723987003101],[100.3907498557776,13.567359687023842],[100.39075819146467,13.567502020350044],[100.39078784363524,13.567635194068734],[100.39095567355017,13.567694148393738],[100.39116926476034,13.567776577358321],[100.39138945233195,13.567900779914828],[100.39151795282437,13.568049222326504],[100.39158574153407,13.568185573255555],[100.39159334497425,13.56840022907178],[100.3915960505741,13.56886464100224],[100.3915117399217,13.568965680232267],[100.39144001711323,13.569046309431267],[100.39129230324416,13.569069732716315],[100.3910569360817,13.569016805102695],[100.39084162582402,13.569036084901201],[100.39070156346179,13.569084325000995],[100.39068345776221,13.569148835368347],[100.39062981681818,13.569359312561836],[100.39053362849553,13.56950335734726],[100.3904610711178,13.569539921309003],[100.39029144380582,13.569569116078217],[100.39006346595069,13.569595245768195],[100.3898729293314,13.56960421687837],[100.38976043722239,13.569626313155904],[100.38966211464259,13.569701440076612],[100.38966735245208,13.571098081861953],[100.38960136329723,13.571171898757017],[100.389520622296,13.571290997427992],[100.38945245534235,13.571387426242547],[100.38923610687223,13.571625928950608],[100.38917803286587,13.57167032191604],[100.3891663846001,13.571752876127974],[100.3891486464327,13.571880663894374],[100.38889356656435,13.572510359904086],[100.38849170386612,13.572529546294179],[100.38828395649406,13.572459511857318],[100.38806424483397,13.57231835521591],[100.38770929437293,13.573155394361201],[100.38769238211046,13.573226677906089],[100.38764375150828,13.573306047795768],[100.38758017068311,13.573396800739282],[100.38753149404924,13.573468260925463],[100.38752724805538,13.573532694074252],[100.3875685158855,13.573677103532484],[100.38766802933809,13.57380650004705],[100.38767964749525,13.573818984956938],[100.40792087013118,13.573818984956938]]]]}},{"type":"Feature","properties":{"valid_date":"2026-10-01","precip_mm":0.2,"probability_pct":10,"rain_class":"none","model":"ECMWF IFS HRES","resolution_km":9.0,"source":"Open-Meteo ECMWF API","forecast_run":"2026-10-01T15:00:00+07:00","precision_note":"Approximate model-grid context; not street-level rainfall."},"geometry":{"type":"Polygon","coordinates":[[[100.40792087013116,13.573818984956938],[100.44597724662492,13.573818984956938],[100.44569410862987,13.570267956553872],[100.44562602374754,13.569419744994837],[100.4456160900209,13.569209628701842],[100.4455574687554,13.5684935683219],[100.445507310119,13.567839607033328],[100.44543016841598,13.566925909493271],[100.44513603987514,13.563555785265173],[100.44500672135386,13.562321477290643],[100.44496863991665,13.561658405695477],[100.44479508593014,13.559697783791124],[100.44471032602361,13.557712917390766],[100.44470631099186,13.557048518373586],[100.44455829159885,13.555584933579004],[100.44441377272835,13.554604955611191],[100.44456047883081,13.55336565994699],[100.44458204187548,13.552346302603132],[100.44536376359892,13.548394797149818],[100.4457244251188,13.546822052947842],[100.44613687151434,13.543498685564597],[100.44616101208167,13.543384419080756],[100.44649554267787,13.541789226140653],[100.44676524187196,13.540264466136716],[100.4468460787387,13.539880939031],[100.44697518075918,13.539266618121385],[100.4472430729001,13.537634521291258],[100.44738903807172,13.536275452350585],[100.44747616524276,13.53530882391383],[100.44865740892433,13.528684882422182],[100.44881028769449,13.52751560869344],[100.45038055203678,13.519252084463917],[100.45121204321875,13.514389526199865],[100.45172012156127,13.512189920223994],[100.45188505312356,13.511011535109159],[100.45391748856242,13.500149781691821],[100.45368571539655,13.500108185719235],[100.45361923793915,13.49990404668706],[100.45357909652517,13.499758513359767],[100.45352146120453,13.499679748699945],[100.45347617573421,13.4996382023287],[100.4534054189972,13.49958550388595],[100.45333484693346,13.499563313520259],[100.45327756050169,13.499542176107663],[100.45319599167891,13.49951552955323],[100.45311728905043,13.49948547645351],[100.45303915694046,13.499454290051888],[100.45295294895112,13.4994242803855],[100.4528962194069,13.499399749744024],[100.45283144815711,13.499382045495757],[100.45276090352903,13.499364373772565],[100.45269269469081,13.499351210183606],[100.45258403302122,13.499331499277552],[100.45252446375797,13.499314894782808],[100.45244707312513,13.49931082316139],[100.45236392277992,13.499309044813584],[100.45229695839951,13.499310562608748],[100.45221837892213,13.499300847952233],[100.45215072104111,13.499283160237162],[100.45208642470723,13.4992485034898],[100.45199947556901,13.49919137849033],[100.45193605629473,13.49920643529862],[100.45187555287454,13.499225995089628],[100.4518068974741,13.499234302362277],[100.45173934116613,13.499233562589636],[100.4516602185333,13.499229500748111],[100.45158863544631,13.499231045089042],[100.45151573376245,13.499205477759043],[100.45144221377697,13.49917313416403],[100.4513824543097,13.499124891321893],[100.45126892733906,13.499064529958911],[100.4511884520592,13.499027706652072],[100.45112072602454,13.49899871933514],[100.45104838813174,13.498970888654117],[100.45096514228004,13.49895328989298],[100.45089234220949,13.498944671335135],[100.45081380382256,13.498941735805992],[100.45067641795671,13.498945920501352],[100.45058575547489,13.498943055035356],[100.45049164261583,13.49894246943469],[100.45038535789143,13.498934044401702],[100.4503102903475,13.498932218610447],[100.45023976644258,13.498917936842744],[100.4501801846652,13.498899071895721],[100.45009289659072,13.498881497115413],[100.45001890185932,13.498866105381751],[100.44994952583025,13.498850686016793],[100.4498841911819,13.49883524507421],[100.44980845763227,13.4988187324539],[100.44964956703186,13.498799311513944],[100.44957965462686,13.498790675873101],[100.44950333695064,13.498773037466526],[100.44943166526248,13.498759892067454],[100.44936408267905,13.498754632812204],[100.44930166885707,13.498744823782513],[100.44922940528349,13.498729421801952],[100.44914217959675,13.498722016058197],[100.44905551079549,13.498711217151952],[100.44898847147219,13.498700304797714],[100.44889596112733,13.4986782389695],[100.44883407695085,13.498660516959903],[100.44865612070424,13.498638945576628],[100.4485845036042,13.49863483938339],[100.4485226739782,13.498626156750564],[100.44846021838751,13.498609567916715],[100.44834399639325,13.498580859903441],[100.44828323287189,13.498557481421127],[100.44821724606973,13.498529613199748],[100.44814723154849,13.498504028160992],[100.44808128565386,13.498482939494906],[100.44801883103868,13.498466349634798],[100.4479454206564,13.498452083861203],[100.4478847185147,13.498438875571134],[100.44778934208222,13.498420215777355],[100.44772167103339,13.498400266942573],[100.44764595814335,13.498387144341315],[100.44757083529436,13.498376278254485],[100.44750727373521,13.498367605358073],[100.44744318251406,13.498366845306231],[100.44728772903412,13.498342883094889],[100.44714672942162,13.498322226391728],[100.44701435584435,13.498295870878483],[100.4469374610986,13.498278234986401],[100.44687625657268,13.498277458132009],[100.4467976629401,13.498265481858502],[100.44671957950521,13.4982422028929],[100.44665484289675,13.49823014663522],[100.44657510233974,13.49821930687772],[100.44648956119535,13.498203980660909],[100.44636876167816,13.498182077926556],[100.44629597640225,13.498175717854433],[100.44622897810576,13.498171584334088],[100.4461480965079,13.498163010962246],[100.44606544888393,13.498148797883525],[100.44599204545457,13.498135660545584],[100.44590763862172,13.498116937665289],[100.44582498329353,13.498101594575994],[100.44576542236882,13.49808611832384],[100.4456937169724,13.49806732214604],[100.44562255491412,13.498042872950403],[100.44554682858455,13.49802748982453],[100.44547223653325,13.498008710218468],[100.44541209150894,13.497992107271449],[100.44530454368666,13.497965607737143],[100.445190074644,13.497940278010992],[100.44508310419116,13.497913774145944],[100.44501715772482,13.497892684634751],[100.44492462072262,13.497866098439422],[100.44483385653344,13.49784628183405],[100.44475296825158,13.497836578061742],[100.44467207997354,13.497826874262671],[100.44454375496085,13.497801624043502],[100.44445643444413,13.497778397540754],[100.4443645088415,13.497757457474128],[100.4442391317128,13.497742358972523],[100.44416514432838,13.497728095370913],[100.44410448325127,13.497721665732035],[100.44403803428995,13.497713007648612],[100.44397382766985,13.49769303780449],[100.44391022556843,13.4976775843571],[100.44382293230781,13.497658877361113],[100.44372295124522,13.497642503318795],[100.44364260641625,13.497627146179823],[100.44357266723024,13.497613989067986],[100.44346918822002,13.497591985185506],[100.44339520769563,13.497578851282057],[100.44332237505895,13.497564580776087],[100.44323620937124,13.497541346278407],[100.44317319054102,13.497527019252976],[100.44310093526292,13.497512745357561],[100.44303445335214,13.497498438222214],[100.44295411538195,13.497484210788192],[100.44284373557909,13.497466766235917],[100.44272294337573,13.497445991607965],[100.44258191727896,13.497420813406542],[100.44248253312159,13.49740782534115],[100.44241086202241,13.497394677853766],[100.44233051731786,13.497379320277245],[100.44226923148753,13.497364982144918],[100.44216114074756,13.49734413419498],[100.44202649935389,13.497324568828935],[100.44191728110577,13.497308247151045],[100.44177510045667,13.497283075117306],[100.44164335256929,13.497264622880126],[100.44157573644975,13.497253711786428],[100.44146581791631,13.497217054384786],[100.44139871811252,13.497195969596527],[100.44131715781273,13.49717044979885],[100.44119455244041,13.497136124223928],[100.44111825599062,13.497121872955534],[100.44101479765418,13.497103257823401],[100.44095354584188,13.497094569938476],[100.4408923008113,13.497087011974239],[100.44082645743343,13.497082870336266],[100.4407392390806,13.497076591517821],[100.44065830949836,13.497060106769148],[100.44055121776165,13.497013262929997],[100.44048292952156,13.496986535736902],[100.44034111640116,13.496926330607385],[100.44027976978003,13.496901823440863],[100.44021667761315,13.496875066330704],[100.44015880857721,13.496852799113716],[100.44010208067135,13.496828265379387],[100.43997761487759,13.49677248122712],[100.43991918209682,13.496752477137791],[100.4398612860169,13.496725690099609],[100.43978729230342,13.496710295210676],[100.43972661701174,13.496701602798424],[100.43964804619604,13.496693014898057],[100.43957292399578,13.496682146323586],[100.4394596850646,13.496669235630447],[100.43938459765577,13.496664016677078],[100.43932337305934,13.496659848124128],[100.43923266375268,13.496649068892646],[100.43916971392429,13.496646040177138],[100.43910267535949,13.496635125074478],[100.43902407655935,13.496622016327171],[100.43895012352293,13.496613400805124],[100.43885652663796,13.496602638000434],[100.43878714490776,13.496586086372734],[100.43872349592466,13.496562721984693],[100.43863904259253,13.49653608698163],[100.43855982589534,13.496516201770495],[100.43848232767357,13.496494045821],[100.43840948198165,13.49647751394954],[100.43833717980013,13.496455329057964],[100.4382521830318,13.496434346914425],[100.43815445784942,13.49640891781818],[100.4380613513614,13.496383462200834],[100.4379983068794,13.496364614056203],[100.43791508859269,13.496351531431015],[100.43784169268858,13.496339522446688],[100.43771809573197,13.496332321106316],[100.43764070583174,13.496328243887271],[100.43757193538005,13.496317338286596],[100.43750720627507,13.496306409504701],[100.43741875912049,13.49628770679453],[100.43732570006155,13.496270160456907],[100.43723960283351,13.496258224075124],[100.43712694729687,13.49624643983449],[100.43690493310592,13.496194602888773],[100.43673610134722,13.496153760880151],[100.43667593691026,13.496133765912898],[100.4366007888149,13.496118375753914],[100.4365412084872,13.496099507383935],[100.4364701220256,13.496087484757087],[100.43639256326304,13.496055159585818],[100.43632016582004,13.496017154947161],[100.43623565881744,13.495981479579399],[100.4361367319966,13.49594814669764],[100.43606739110221,13.49593837391043],[100.43600383706298,13.495930827928113],[100.43593333475218,13.49591993177464],[100.43585368965802,13.495924906717665],[100.43577989220621,13.49594227972243],[100.43568535122013,13.495966549495874],[100.43562141569085,13.495991774946658],[100.43554138138994,13.496028392295258],[100.4354491564336,13.496053779611184],[100.43538511956521,13.496062055922335],[100.43530659530926,13.4960613752987],[100.43524540459296,13.49606285542231],[100.43515832833413,13.496080303330197],[100.43508047591354,13.496095438480088],[100.435012995255,13.496107124335005],[100.43492467653229,13.496109889561996],[100.43483635105449,13.49611152481887],[100.43476647236604,13.496108534614775],[100.43468974757235,13.496119143284648],[100.43462503882174,13.49611160355797],[100.4345244880717,13.496096358959585],[100.43445977932805,13.496088819189115],[100.43437542770565,13.49607913177649],[100.43428878698391,13.496072846454739],[100.43419700422938,13.49607563123312],[100.43412082301086,13.496080587635383],[100.43403420927021,13.496078821983458],[100.43397074872003,13.496087094643398],[100.43387142011726,13.496083142573498],[100.43378708873458,13.496076844779548],[100.43372352792504,13.496068168276045],[100.43365767126693,13.496061764835177],[100.43352011716969,13.496037691497754],[100.43344674842172,13.49603020095463],[100.43336184646188,13.496025036254013],[100.43329946731056,13.496020872801541],[100.43323418800026,13.496014465947928],[100.4331481237021,13.496008176933028],[100.43308743611458,13.495997224794293],[100.43302498281454,13.495980631931074],[100.43295506460723,13.49597086066592],[100.4328753654171,13.495966796053153],[100.43279334340679,13.495960484725892],[100.43271246258851,13.495951906895415],[100.43264541759476,13.495939860076609],[100.43256397966596,13.495934675315585],[100.4325021769427,13.495930508368923],[100.43242071972399,13.495921933734207],[100.4323537353877,13.495920056299163],[100.43227631767041,13.495911458549092],[100.43220291527564,13.495898317931557],[100.43213303079257,13.495894197038156],[100.43207064492826,13.495888903333814],[100.4319863270711,13.495884864803854],[100.43190252592031,13.495870652579338],[100.43183434650452,13.495862001951043],[100.43175925254222,13.495855650731146],[100.43166732157947,13.49583357588061],[100.43159564449418,13.495819295252877],[100.43153442005149,13.495815124762629],[100.43146508506085,13.495806480626175],[100.43139401899211,13.495797846348676],[100.43131777037809,13.495791501582623],[100.4312311297363,13.495785216089761],[100.4311543441845,13.495785654213787],[100.43108160670701,13.495787199198082],[100.43100128982321,13.495776357627404],[100.43092328900987,13.495766631893343],[100.43081410538505,13.49575595493656],[100.43074191066884,13.495751847731235],[100.43067953829129,13.495748812652607],[100.43061142621764,13.495751461097184],[100.43051843489799,13.495745211575672],[100.4304467915187,13.49573658031706],[100.43033989706208,13.495722500156129],[100.43026656205441,13.495720658370281],[100.43017249007687,13.495726844659469],[100.43007318843851,13.495727410830076],[100.42999174962713,13.495722225226055],[100.42988374759753,13.495716061041977],[100.4298166758247,13.495699492774982],[100.42973805736285,13.495682991209192],[100.42966295672191,13.495675509408464],[100.42958901747848,13.49566915094573],[100.42952426852614,13.495654830223053],[100.42945668669879,13.49564956546889],[100.42939085704971,13.495647680652109],[100.42932965280446,13.495646899441201],[100.429262030638,13.495634854981859],[100.42919499833393,13.495625067103422],[100.42911012335048,13.495624420707902],[100.42904825437935,13.49560895346942],[100.42897721527353,13.495604838260936],[100.42891359414239,13.49558599102834],[100.4288367480789,13.495576258052719],[100.42876809225159,13.495584558993736],[100.42870406182486,13.495593964455562],[100.42862735688803,13.495607960204072],[100.42856325923992,13.495606065303555],[100.4284991347121,13.495599650616981],[100.42843676814574,13.495597745825295],[100.42835882117025,13.495597059720854],[100.42828551303097,13.495599737120234],[100.42821677654119,13.495594478602463],[100.42814575758372,13.495593752984261],[100.4280799413601,13.495594127705953],[100.42801527308764,13.495593365894136],[100.42795120901789,13.495597120549606],[100.42787555121929,13.495593031320013],[100.42778022951296,13.495583404092653],[100.42770052365275,13.49557820787055],[100.42763698989931,13.495574049560002],[100.42755324269297,13.495568876291944],[100.42745218214053,13.495564931504214],[100.4273776857249,13.495561964590522],[100.4272402664668,13.495560486576121],[100.42717267122539,13.49555296131258],[100.42710913076077,13.495547672923616],[100.42704444233927,13.495543521030516],[100.4269704561383,13.495529252182523],[100.42689996659364,13.495520613327717],[100.42682313492166,13.495513140509873],[100.4267468988744,13.495509054224456],[100.42667759177641,13.495504928505941],[100.42660596862622,13.495499685958876],[100.42653778935835,13.495491033860638],[100.4264656090062,13.49548918438636],[100.4263991617488,13.49548052239997],[100.42633443979128,13.49547072060329],[100.42626627395224,13.495464328316432],[100.42617673999433,13.495456927522183],[100.4261126011612,13.495448251429032],[100.42603458708513,13.495436265160327],[100.42597278536093,13.495432096574815],[100.42588149257757,13.49542018574442],[100.42581972439157,13.495421666839162],[100.42575621078326,13.495420897875944],[100.42568056642202,13.495419067862356],[100.42559738316794,13.49541163076235],[100.42552459195507,13.495404134575887],[100.42544775939612,13.495396661333833],[100.42537037632376,13.495393711124267],[100.42530624514922,13.495386165662934],[100.42522826370009,13.495379827958738],[100.42516178967364,13.49536664676464],[100.42508785720587,13.49536141599327],[100.42502081925952,13.495350497928792],[100.42494800124899,13.49533848089065],[100.42487639154055,13.495335497729204],[100.42480245238306,13.495329137831817],[100.42472615697221,13.495314881418961],[100.42464933114312,13.495308537871225],[100.4245869253004,13.495299852440025],[100.42448634738814,13.49528008394554],[100.42441530832434,13.495275967427053],[100.4243545875984,13.495259362489698],[100.42427464731833,13.49521461710252],[100.42421783397371,13.49517539029182],[100.42413176411814,13.495167968178457],[100.42402022453315,13.495149391704304],[100.42395723470553,13.495139579442752],[100.4238948222167,13.495129763887642],[100.42377979185659,13.495106687187086],[100.42365896137454,13.495079123418888],[100.42349956236704,13.495070988172593],[100.42341567467638,13.495042084652178],[100.42334156152897,13.495006345741318],[100.42324838965143,13.494969584959716],[100.42315260558462,13.49497916736266],[100.42305574716761,13.495002316525873],[100.42296011702626,13.495037888500374],[100.42288652599895,13.495090286078717],[100.4228032130033,13.495158557643348],[100.4226825079018,13.495249640927304],[100.42259514097842,13.495315675458535],[100.42252494018089,13.495355622093316],[100.42246201723823,13.49535710981353],[100.42240742646764,13.495303179276696],[100.4223752313939,13.49522878293608],[100.4223319465346,13.495134109769426],[100.42226947385994,13.495114124293437],[100.4221859006802,13.495138327789451],[100.42215948746944,13.495260515757995],[100.422127000764,13.495331888901946],[100.42208565535499,13.49527223417942],[100.42208928196315,13.495202154641204],[100.42209641272193,13.495138835137903],[100.42206185491192,13.495055412271675],[100.42198409061562,13.494988053195419],[100.42192847245067,13.494955598951545],[100.42184903641557,13.494898420059469],[100.42175987266035,13.494855986061632],[100.42164715856552,13.49483402520584],[100.42156523047387,13.494843529379676],[100.42150598560734,13.494881154581723],[100.42147058531597,13.49494802423155],[100.42144849715622,13.495020468362114],[100.42140212076576,13.49508627021894],[100.42131653138327,13.495160204147076],[100.42126592638317,13.49519439039545],[100.42121890812051,13.495151717407854],[100.42121384152159,13.495076037192163],[100.42121113106695,13.495008253513891],[100.42118939528552,13.494945097561224],[100.42113651014778,13.494886638015231],[100.42107524575468,13.494875685252458],[100.42099749932109,13.494908895218975],[100.42097591482776,13.494968906643612],[100.42095731726363,13.495045850907514],[100.42092650206008,13.495107044602678],[100.42091072431576,13.495172673051174],[100.42089038802854,13.49524849717748],[100.42086653424225,13.495315301355271],[100.42087156064264,13.495384201909857],[100.42083318561092,13.495436398548351],[100.42077929371548,13.495402804283417],[100.42071788792788,13.495368122579148],[100.42064480269627,13.495310907322866],[100.42061720771085,13.495233094700318],[100.42063240059716,13.495166339590904],[100.42064746167301,13.495076985544333],[100.42060888212995,13.494996975158958],[100.42060736084964,13.4949348337401],[100.4205382503126,13.494866296084188],[100.4203385219495,13.494970255631047],[100.42030425593451,13.495033728771732],[100.42023057739516,13.495071435419135],[100.42018587252414,13.495127057759557],[100.42015353886656,13.495224419475335],[100.42011869543416,13.495287895866483],[100.4200139799606,13.495349508748873],[100.41994314788296,13.495380419303451],[100.41986207065953,13.495436247490726],[100.41979888416448,13.495490843501102],[100.41972719418109,13.495474299506538],[100.4196806799791,13.495419193527772],[100.41961220696383,13.495360821860418],[100.41955302478968,13.495311437469391],[100.41947956947469,13.49528925346428],[100.41941384656171,13.495305445160888],[100.41934926495875,13.495319370413664],[100.41926679925531,13.495335656810145],[100.4192039095874,13.495342792545248],[100.41912782034672,13.495363562759811],[100.41906505081873,13.495391037508343],[100.41899262006719,13.495444556547978],[100.41896354298437,13.495506870203597],[100.41892753116248,13.495568093100685],[100.41885594797989,13.495569628007862],[100.41879165661256,13.495534962132412],[100.4187312998445,13.495482194225124],[100.4186824831747,13.495428231047645],[100.4186227838673,13.495389018306915],[100.41852861784805,13.495379380981996],[100.41845073737701,13.495389991261238],[100.41837457464067,13.495398331833657],[100.41830993955153,13.495403217247611],[100.41822331894,13.495400317054544],[100.4181406129412,13.495375924980259],[100.41804925356846,13.495352711781951],[100.41797909560394,13.495302259051916],[100.4179251164448,13.495253974816736],[100.41789592944708,13.49519990050311],[100.41787702114325,13.495126558333679],[100.41784546480336,13.495062327535232],[100.41780473778455,13.495009447514938],[100.41774152801516,13.494962345387355],[100.41768188898413,13.494933302828603],[100.41762175264905,13.494917822890706],[100.4175130191319,13.49488566777746],[100.41744367210546,13.494874759785494],[100.41735632857902,13.494847003675172],[100.41728221528803,13.494811262882937],[100.41722648436172,13.49475959750852],[100.41721285899447,13.494700916135404],[100.41718401624773,13.494607289366499],[100.41715013082714,13.494539681655228],[100.41708275997554,13.494472263099658],[100.41699256235387,13.49445017289612],[100.41692840481736,13.49443810544778],[100.41678579632135,13.49443778093117],[100.41666399854576,13.494441858752756],[100.41660361153987,13.49448174928132],[100.41656873962957,13.494540705476581],[100.416508365908,13.494582855882697],[100.41643618560852,13.494581003486552],[100.41637165057978,13.49460283761022],[100.41629395672462,13.494645085762528],[100.41623825490547,13.494696249621724],[100.41618845299209,13.494768849898971],[100.41614723782338,13.49482897184524],[100.41611926141019,13.49488223913239],[100.41605845672204,13.494949251573342],[100.41600335117865,13.495003801982918],[100.41594501562706,13.49509792013271],[100.41588371342259,13.49517849518301],[100.41584473420224,13.495226174621632],[100.41579708158268,13.49527164303757],[100.41572103284346,13.495299191932354],[100.41564479762853,13.495295102240721],[100.41557669175366,13.495298876553711],[100.4155113926614,13.495289075172796],[100.41544151482005,13.495286079529887],[100.41537212776413,13.495268391274163],[100.415308507436,13.495249540474491],[100.41525850929149,13.49519106327326],[100.41523390828529,13.495131312785908],[100.41521336954835,13.495074929335864],[100.41519160773178,13.495007252917697],[100.41515768948773,13.494933994240457],[100.41509742678186,13.494897044649123],[100.41504098754363,13.494921092751285],[100.41497357223348,13.494944072769155],[100.41491095530498,13.494997535344918],[100.41484916025979,13.494994493936492],[100.41481246857356,13.49494046152397],[100.41476774077088,13.494894384335057],[100.41470362309363,13.494889096014072],[100.41455691961292,13.494879753453457],[100.41450921868636,13.494819003149],[100.41445818017147,13.494779740499583],[100.41440196560701,13.49474389788777],[100.41433878310283,13.49470131462654],[100.41427790239017,13.494657588382887],[100.4142475492029,13.494601260159715],[100.41421893284422,13.494546052126726],[100.41418506153131,13.494480703830414],[100.41414719544794,13.494423287956682],[100.41409786340664,13.494379496555176],[100.41403423673687,13.494359515448238],[100.41397022468408,13.494372305219573],[100.41391330785228,13.494413306471209],[100.41384251497166,13.494450994149226],[100.41380470339462,13.49450092759722],[100.41377850502475,13.494562094558521],[100.41373064714487,13.494670843049306],[100.41370858319573,13.494747806526515],[100.41366483976023,13.494868961681288],[100.41359340288153,13.494895353964386],[100.41352878672583,13.494903627997003],[100.41347821374924,13.494943462527631],[100.41341076499793,13.494960792391266],[100.41333752956363,13.494975894866792],[100.41328694324153,13.495013469463382],[100.4132365087898,13.494978724001317],[100.41317234455188,13.494965525637774],[100.41310261300174,13.49498738823138],[100.41304299342819,13.494961734370063],[100.41297649418303,13.494944028254174],[100.41290896562829,13.494947798584958],[100.4128511113226,13.49492778467003],[100.41281380285656,13.494866975470206],[100.41280520178036,13.494778884878807],[100.41277991202806,13.49469992817743],[100.41273108253965,13.494643703795308],[100.41269549379786,13.494580624909299],[100.41264614017523,13.4945334433594],[100.41257897643915,13.494501051929115],[100.4125137374054,13.494501419286765],[100.41244969289988,13.494508558924373],[100.41238855500777,13.494519073048249],[100.41229971823819,13.494532003982954],[100.41219074108334,13.494556346340175],[100.41209383484512,13.49457158170343],[100.41202223843109,13.494570854733706],[100.4119610207966,13.494567809349268],[100.41189453315391,13.494552363743],[100.411817614534,13.494530196896216],[100.41174992003403,13.494505718137164],[100.41163312536251,13.494476995712045],[100.41152210408082,13.494448240743948],[100.41145141008089,13.494404568976805],[100.41137568604145,13.494389175194248],[100.41131155520395,13.494381625179226],[100.41123537996073,13.494387703669593],[100.41117237062004,13.494374499175496],[100.41110178196425,13.494348905619347],[100.41101446568872,13.49432566701232],[100.41093829615912,13.494332875367794],[100.41087430470496,13.494349055116649],[100.41080274814063,13.494355107499068],[100.41074032942385,13.494344158644813],[100.4106598739359,13.49430958144197],[100.41059054046477,13.494300931409889],[100.41049803392006,13.494278851790476],[100.41042285411895,13.494257804706967],[100.41037060194385,13.494208378979554],[100.41031721501805,13.494162349584823],[100.410243614706,13.494115302916603],[100.41012087452943,13.494057233464817],[100.41006577464758,13.494014603603762],[100.4099826518873,13.493919021754241],[100.4098879559567,13.49381898495694],[100.40976924095855,13.494446796009422],[100.40875462190613,13.498842509527632],[100.4080367026005,13.501852315456848],[100.40792087013116,13.502336095587982],[100.40792087013116,13.52147586033953],[100.4079891506221,13.52159463219256],[100.40808032063174,13.521977186139907],[100.4082134687527,13.52213350555599],[100.40830649732982,13.522242591083213],[100.40839876306211,13.522516659893249],[100.40846026740437,13.52286208998091],[100.4085375274213,13.523039063312318],[100.4086802808864,13.523454096273047],[100.40876302315752,13.523581319221728],[100.40900999509603,13.523749428306687],[100.40935812009705,13.523935046570463],[100.4096851283109,13.52416259360979],[100.40986319608767,13.524298319211198],[100.41055368202755,13.525161130760951],[100.41114986382516,13.526188319473976],[100.41128069509162,13.52693111329343],[100.41178930580834,13.528088741734278],[100.41222075463611,13.528988036563792],[100.41231191780219,13.529171710566716],[100.41235572597247,13.529354520890347],[100.41249405338431,13.529898393765384],[100.41279377296419,13.533232420653844],[100.413908048522,13.535741473513106],[100.41405987040959,13.535831014013503],[100.41429176529246,13.536181128786668],[100.41459699202679,13.536823494238888],[100.41484625887513,13.537376907024454],[100.41495588934892,13.537655392673468],[100.41499659413593,13.53780093020494],[100.41496696161416,13.538063254813274],[100.41479300809142,13.53852866192353],[100.41481064200106,13.53867884991338],[100.41498854813454,13.538882371245506],[100.41573028559489,13.53941717612276],[100.41637179140463,13.539700560137183],[100.41665834516668,13.53972266665026],[100.41703641515258,13.53979171352594],[100.41741720112311,13.540026852641217],[100.41748088064439,13.540053611260557],[100.41755787487023,13.540085944295894],[100.41781633503588,13.540142109028233],[100.41804479218544,13.540300141046988],[100.41831765771276,13.540546060406312],[100.4185684453301,13.54086668251309],[100.41954032450626,13.542912085805979],[100.41964159256464,13.543531871043017],[100.41980186592622,13.543876734930135],[100.42004922567361,13.54449456014155],[100.42008893125272,13.545054805686924],[100.42001757814674,13.545389685145466],[100.41926137531713,13.547288958582842],[100.41903101173837,13.54749253302103],[100.41842568797165,13.548056440231916],[100.41759097118971,13.5490860696109],[100.41653829448933,13.550367787300708],[100.416331194728,13.550502298954061],[100.41611533808621,13.550621041243813],[100.4156392231746,13.550771765562986],[100.41508001500605,13.551031438749147],[100.41489989625556,13.551041498530994],[100.4147881674181,13.55109298032267],[100.41464474684253,13.551546915085908],[100.41465870410866,13.551856452038908],[100.41486897859959,13.552355844349862],[100.41492503328168,13.55363127725102],[100.41504225335325,13.554214814785974],[100.41506299764895,13.5544022751392],[100.41507621709356,13.554489208843961],[100.41514399345422,13.554914827971647],[100.41516165264039,13.555752046012534],[100.41532249394191,13.556094649119029],[100.41542166745634,13.55636076368667],[100.4153723270976,13.556610769121505],[100.41527328847583,13.55714807138608],[100.41517211230841,13.557226613341426],[100.41496754813852,13.557205172617113],[100.41478579593834,13.557135013310512],[100.41445038050797,13.556959505782018],[100.4143428343082,13.556937514217417],[100.4142240993402,13.556976606774427],[100.41409418217634,13.557077910678078],[100.4139878188338,13.557255919952913],[100.41392052310695,13.557399808592383],[100.41387019869474,13.55748371211546],[100.4136549894365,13.557517699696689],[100.4135184416815,13.557474403177633],[100.41327946694408,13.557298347352825],[100.4131018206712,13.557141154919393],[100.41303649781617,13.557130224640535],[100.41296850123013,13.557155468901364],[100.4127962130995,13.557220852432863],[100.41268616000856,13.557263284230709],[100.41258109061995,13.557269528361594],[100.41250456180522,13.557219111026964],[100.41219592272724,13.556785812868398],[100.41217794405198,13.55667517621153],[100.4122027460899,13.556572206668655],[100.41226283953395,13.556186542842504],[100.41227668931886,13.556087026067377],[100.41226463237335,13.556001215549436],[100.41221630736797,13.555934819772258],[100.41209963233769,13.555833779992701],[100.41204498845188,13.55577306980724],[100.41200765271749,13.555611693304833],[100.41196160444034,13.555539634679533],[100.411825542141,13.555480514590744],[100.41171192463018,13.555506016306792],[100.41154259800676,13.555583811980359],[100.41146069441173,13.555601224506804],[100.4113640878265,13.555573519848442],[100.41121439670252,13.555455717288542],[100.41114376363085,13.555425606745828],[100.41086462049809,13.55519440684933],[100.41068841228947,13.555084662661633],[100.41061730189033,13.555071504400333],[100.41050411522706,13.555072143491094],[100.41034247904206,13.55508322590788],[100.41018720273377,13.555095402304508],[100.4100509700185,13.555105211151222],[100.40987534849849,13.555094902514758],[100.40970248116358,13.555061978534368],[100.40952892887877,13.555010977647271],[100.40932733872947,13.554905896475743],[100.40907876623179,13.554766050614395],[100.40894915045838,13.554722711362835],[100.40881603655001,13.554673742748783],[100.40868808674796,13.554619095018158],[100.4086146466437,13.554602559346218],[100.40850655668487,13.5545862190076],[100.40844417528291,13.554584310732931],[100.40833108856827,13.55460189802164],[100.40800015257416,13.55469529212225],[100.40792087013116,13.5547168393475],[100.40792087013116,13.573818984956938]]]}},{"type":"Feature","properties":{"valid_date":"2026-10-01","precip_mm":0.2,"probability_pct":10,"rain_class":"none","model":"ECMWF IFS HRES","resolution_km":9.0,"source":"Open-Meteo ECMWF API","forecast_run":"2026-10-01T15:00:00+07:00","precision_note":"Approximate model-grid context; not street-level rainfall."},"geometry":{"type":"Polygon","coordinates":[[[100.40792087013118,13.57381898495694],[100.38767964749525,13.57381898495694],[100.38777787283642,13.57392453823158],[100.38788702068358,13.574022240376506],[100.38795641725955,13.574137113480116],[100.38802114108091,13.57424297352479],[100.38803888754171,13.574315194255906],[100.38800933524622,13.574397848052524],[100.38790251749344,13.57440296226076],[100.38779743233752,13.574408066786061],[100.38760511213678,13.574409136493925],[100.38745781434224,13.574405435714278],[100.38721327393249,13.574364984913009],[100.38706957251605,13.574284424448892],[100.38698453699342,13.57426116735999],[100.38692033784098,13.574345143659405],[100.38691273149527,13.574427675362772],[100.38676790134757,13.574649958878947],[100.38674005492395,13.574728083116021],[100.38674221413335,13.574801520600579],[100.38679164603904,13.574860006323915],[100.38690610341126,13.574976889239474],[100.38703538664014,13.575160359188803],[100.38715898026244,13.575457989864855],[100.38702914597336,13.575577361808586],[100.38686486168746,13.575632514767804],[100.38672462483507,13.575651374209508],[100.38654229324861,13.575681766555268],[100.38637269352449,13.575915488415275],[100.38628917880825,13.57615438087322],[100.38632088434727,13.576243474060055],[100.38639920006251,13.576302928407692],[100.38687579666555,13.576520628536876],[100.38693425957065,13.576542903336492],[100.38696203422805,13.576651228129293],[100.38693547408437,13.576751945076934],[100.38687762821107,13.576835886087583],[100.38679858957308,13.576950454689916],[100.38674890796571,13.57704791019162],[100.38673158181916,13.577147446703664],[100.38670995696239,13.577302375811518],[100.38663826972478,13.577588662281629],[100.38665537315413,13.577848466239027],[100.38661980090782,13.577988782983834],[100.38630097668268,13.578186042879778],[100.38619527941638,13.57818550122754],[100.38608739006668,13.57820530976155],[100.38600161693458,13.578353815362137],[100.38589397024907,13.578415433989584],[100.38580107726798,13.578431770012186],[100.38563169241479,13.578404460349756],[100.385577101083,13.57845222329253],[100.38547500504892,13.578674269826033],[100.38527397959807,13.57866860554356],[100.38514701026176,13.57888401016534],[100.38504425138308,13.578991930106884],[100.38499701603997,13.579212540941823],[100.3850156478631,13.579337866638976],[100.3851689533776,13.579480524285385],[100.38533614539465,13.579925943518457],[100.38539720786618,13.579997923828774],[100.38554363620007,13.58005022091325],[100.38557227069819,13.580107691429202],[100.38556281316447,13.580169893540463],[100.38547197355732,13.580241587710516],[100.3852550967668,13.580291382117267],[100.38515283061457,13.580384609505657],[100.38515699726474,13.580604934859265],[100.38514199272578,13.580706717503004],[100.38509757332673,13.5808154434746],[100.3850563831074,13.580883471783673],[100.38506840633484,13.5809647644516],[100.3851297645675,13.580988154399536],[100.38526335614887,13.581017921242385],[100.38539796483191,13.58112339364108],[100.38544027020343,13.581247457745146],[100.38547538257603,13.581326362116931],[100.38552842535427,13.58140968682783],[100.3856720324559,13.581473299345312],[100.38574128711902,13.581563313867683],[100.38572988593086,13.581688806329348],[100.38564550392,13.58177854458872],[100.38552402061553,13.581844759137553],[100.38551230531611,13.58191601372685],[100.38564719678376,13.58207007310653],[100.38566005376994,13.582195430767264],[100.38559976469507,13.582356224635161],[100.38555761613965,13.582458159017964],[100.38550305675048,13.582511571797284],[100.38532711131847,13.582548709097598],[100.38520556194182,13.582603623976862],[100.3851811075013,13.582669299366568],[100.38520635567487,13.58274034860919],[100.38537889362281,13.582912278831094],[100.38542660098668,13.58297190333757],[100.38545212483982,13.583090410673977],[100.38534467123986,13.583484245812848],[100.38527232514787,13.583657536536487],[100.38523014346521,13.583753820207415],[100.3852184280399,13.58382507478971],[100.38528594315957,13.583913969953093],[100.38542014679341,13.58394938311462],[100.38543261673604,13.584008074305471],[100.38552607602175,13.584287792938436],[100.38567877491302,13.584424803315985],[100.38574037694798,13.584490000455618],[100.38583912672091,13.584686071028937],[100.3859805900503,13.584976822483819],[100.38599948559023,13.58504790690592],[100.38593854634435,13.585096836220137],[100.38580447982831,13.585085150659996],[100.38573170705763,13.58508555516022],[100.38565859955908,13.58512777119175],[100.38567148969321,13.585258778581673],[100.38575110141888,13.58534195636486],[100.38582476034021,13.585394656530616],[100.38584359023848,13.585454441412693],[100.38578899748153,13.585502204526156],[100.38565500293667,13.585502949317869],[100.38557512772068,13.585474013476134],[100.38547774938152,13.585414665102261],[100.38539820989791,13.58534391673378],[100.38525161402778,13.585362811195328],[100.38516073968941,13.585428855644262],[100.38514280879862,13.585523874586261],[100.38520468659183,13.585636530869323],[100.38533906182805,13.58570132372008],[100.3855097908114,13.585760264495297],[100.38568690588524,13.58582481960759],[100.38572421783059,13.58588450176594],[100.38568760163398,13.585944594850059],[100.38552361287533,13.586051726431766],[100.3853349584736,13.586088933692485],[100.38514028652125,13.58608436545755],[100.38493926135406,13.586079832364833],[100.38487260501218,13.58613896224227],[100.38486673723804,13.586222614241434],[100.38492212413725,13.586311575908976],[100.38499578978144,13.58636540626006],[100.38508728780836,13.586406708501038],[100.38528253759262,13.586411273542677],[100.3853370715065,13.58645278018736],[100.38533766211536,13.586554476158025],[100.38521057136147,13.58665010170442],[100.38494368872175,13.586842553184685],[100.38482258323515,13.586974305046246],[100.38478733798654,13.587171119430227],[100.38484221315525,13.587271384757239],[100.38504413184633,13.587330152477056],[100.38513570244135,13.587383883264726],[100.38511202860373,13.587484584075359],[100.38500274347527,13.587563160744242],[100.38485665160528,13.58756962238565],[100.38465275732887,13.587469055802542],[100.38457533045762,13.587463835923524],[100.384326410487,13.587566917712154],[100.38422430503914,13.587688393891435],[100.38419376554286,13.587800432697088],[100.38422979071768,13.587936961681388],[100.38431715402312,13.588061905623752],[100.38441548468558,13.588185658620066],[100.38447706744365,13.588346906320847],[100.38447465841422,13.588429409110782],[100.38441162287684,13.588615077907031],[100.3843700960425,13.588824357061206],[100.38416451212754,13.589129467579706],[100.38397101043445,13.589327160731187],[100.38356970833671,13.589448037936016],[100.38316306079365,13.589742962113993],[100.38315798545564,13.589963339691353],[100.38308621286616,13.59013662683264],[100.38289391889896,13.59024391319028],[100.38275153963681,13.590293292862036],[100.3826908287421,13.590282329769373],[100.38253817205914,13.590252666864195],[100.38249570664216,13.590300362121427],[100.38237470199833,13.590450192360654],[100.3821747798133,13.590636620013239],[100.38210303999686,13.590815556726618],[100.38191441477815,13.590858412476113],[100.38179292495774,13.59092462570561],[100.38166497788849,13.590972794795546],[100.38158131797333,13.591187957257803],[100.38152661832491,13.591217640317105],[100.38142283110798,13.591248725469715],[100.38121684934298,13.591386596358728],[100.38104574880268,13.591363814771142],[100.38099146786645,13.591465814962072],[100.38100989633953,13.59155611228684],[100.38103167904576,13.591627181137051],[100.38104069613658,13.59168815169638],[100.3810237548922,13.591754914271231],[100.38121510240808,13.592281561402478],[100.38138235906126,13.592637712922633],[100.3834773722427,13.593543646265731],[100.38339285946334,13.593711354304272],[100.38182451569476,13.596276101785731],[100.38120863831328,13.597347361059736],[100.3795688713145,13.59985486432119],[100.37861156275814,13.601318987424028],[100.37852192707126,13.60170029226524],[100.37854340726824,13.601818822654895],[100.37848788502241,13.602106148300761],[100.37823160049942,13.602836413476389],[100.37806622616345,13.603405716313091],[100.37791099322598,13.603930892318667],[100.37772746174848,13.604556795173805],[100.37760843666584,13.604950691479225],[100.37729015555115,13.606048546966168],[100.37718700937329,13.606391506505878],[100.37715035292835,13.606545388398821],[100.37713235270056,13.60662910749063],[100.37720833401781,13.606682926848187],[100.37726571403468,13.606716509208567],[100.3772356653584,13.607413882276502],[100.37714290931166,13.609454036085213],[100.37676644790383,13.609781556829661],[100.3763463598347,13.609457311170617],[100.37630578117187,13.609932133757711],[100.37625244881984,13.610599125758295],[100.3761795244543,13.611474144879537],[100.37610359689987,13.612429410109446],[100.37600111557906,13.61368766126665],[100.37585657661226,13.61366586064733],[100.37573055365279,13.613649606633771],[100.37567703378512,13.613984381504212],[100.37557127960287,13.614676523083219],[100.37538425701233,13.615900210828405],[100.37527678227997,13.616794630665208],[100.37518809714874,13.61754204745881],[100.3751393927542,13.617710685711135],[100.37509369405528,13.617899648127699],[100.37503386627648,13.617942917685562],[100.3749591708227,13.618012260162983],[100.3749198944366,13.618113047574724],[100.37507098303554,13.618268151509225],[100.37523248250409,13.618425457761527],[100.37516348506826,13.618481208884218],[100.37500008369182,13.618694550923951],[100.37467463348001,13.619055688557896],[100.37458314666742,13.619118343795215],[100.37288887891111,13.620124355853733],[100.37298299822216,13.620417634771332],[100.3729956048957,13.620500054743637],[100.37306080010529,13.620686144746925],[100.37301692742389,13.620791476395645],[100.37281018599136,13.620802787591987],[100.37269764826931,13.620821487750723],[100.3723994106111,13.6207937537901],[100.37204910615509,13.620752746774091],[100.37197692062254,13.62085710447781],[100.3719773441707,13.62093055177999],[100.37196396923197,13.62101537514498],[100.3719604274088,13.62110240425463],[100.37167575071204,13.622725518387718],[100.37164383756796,13.622801404042336],[100.37159757512546,13.622893188762589],[100.37160739750861,13.622993704992933],[100.37160380347298,13.623071694431395],[100.37158583967157,13.623162193068094],[100.37155596005384,13.623290047243403],[100.3712148750374,13.624548483108097],[100.3712719744005,13.624632917794658],[100.37141140141738,13.624768879035168],[100.37144491451524,13.624870393677087],[100.37144139864567,13.62496194261008],[100.37104225228735,13.625568690944101],[100.37096958394164,13.625589431558716],[100.37059941412075,13.625410673314411],[100.37025826733239,13.625356053944902],[100.37018093208485,13.625368910085948],[100.3700947317624,13.625447354756547],[100.37001985591048,13.625486187180222],[100.36978128894349,13.625589201186397],[100.36909335540354,13.625604289362798],[100.36901163932824,13.625658979101452],[100.36901963029217,13.625742554751335],[100.3689733663282,13.62583433911169],[100.36724142256965,13.62622806816458],[100.36716141931859,13.626279357941222],[100.36712733747821,13.62638011500382],[100.36714462246698,13.626472679625925],[100.36730820994596,13.627193848276427],[100.36721665303862,13.627245201639877],[100.36610821571901,13.627471643591136],[100.36597422241623,13.627476899872716],[100.36588321677691,13.627523729763842],[100.36559536747602,13.627697070634351],[100.36550400478662,13.62768175254888],[100.36519181712806,13.627439387885765],[100.36511900483818,13.62743526774327],[100.36505330620302,13.627462748428417],[100.36502135238047,13.627531853691496],[100.36498321798494,13.62773207251824],[100.36497232618161,13.627847391997463],[100.3649925179462,13.62804390056677],[100.36491759585464,13.628074821867385],[100.364692343069,13.628082838547362],[100.36461970566333,13.628109227232313],[100.36402956151677,13.628556555031732],[100.36396185638849,13.628637156341174],[100.36396301002745,13.628737719757616],[100.3638861528033,13.628834191231116],[100.36377612185466,13.628887904799688],[100.36317853023998,13.62924600192587],[100.36316067955303,13.62935684047405],[100.36311693065741,13.629484770106059],[100.36301719257388,13.62962091674677],[100.36304590677501,13.629691949126158],[100.36322064227156,13.629840150504902],[100.36327074352894,13.629913325544232],[100.36325743003997,13.630009448339287],[100.36314546902483,13.63012984301941],[100.36310368736055,13.630197872004567],[100.36307928780425,13.630274845638288],[100.36298212572191,13.63045730805467],[100.36295883611515,13.630526365612157],[100.36286371250073,13.630661356924772],[100.36270394620065,13.630806872619532],[100.36308783321054,13.631160717597389],[100.36305972224807,13.63118348979686],[100.36294177557922,13.631279038334204],[100.36269818276213,13.631313143994705],[100.36247538927344,13.631549404958827],[100.36173561567053,13.631493568643231],[100.36163925451692,13.632925805659395],[100.36122823674201,13.632878337511732],[100.36117435445051,13.633355491786883],[100.36015653009318,13.633371234939405],[100.36000431695666,13.63433256755481],[100.35999316409199,13.634402688493756],[100.35899782932934,13.634310953419329],[100.35865507325283,13.63428005781922],[100.35850218159108,13.63674090398222],[100.35834534230632,13.636894311387044],[100.35828058321933,13.637086765251414],[100.35825558449352,13.637160351850385],[100.35821638235943,13.637275826056916],[100.35791310065434,13.638289963888393],[100.35752965450291,13.639429970407889],[100.35696936432676,13.640559641889832],[100.35660070995762,13.641357175131686],[100.35617888138076,13.642252179212152],[100.35489379670273,13.64180832264038],[100.3546800543213,13.642216288573007],[100.35417706538001,13.642050660819567],[100.35434953892532,13.641497150293393],[100.35439350913431,13.640900269563302],[100.35231563642807,13.640833620751552],[100.35212135501317,13.640905867644072],[100.35203010238278,13.640910884406628],[100.35210361195621,13.640224573574585],[100.35038277780221,13.640158223266278],[100.35036545384133,13.640362848688559],[100.34846507280199,13.64031893124857],[100.34815190553653,13.64031159121722],[100.34800202288476,13.640368904838006],[100.34780974329932,13.64038689833974],[100.34764598262592,13.640340326791284],[100.34720099056541,13.64021278952711],[100.3459467856605,13.639810526773202],[100.34591031988732,13.639798294325823],[100.34579753317072,13.639775174454913],[100.34571771308242,13.639758656855383],[100.34541463142052,13.639695888462915],[100.34517187420491,13.639675733160722],[100.3450291109629,13.639664076210318],[100.34494068387994,13.63965777499626],[100.34474884686796,13.639652033612299],[100.34438992642582,13.639624595457986],[100.34361362159108,13.639549695543426],[100.34206642588879,13.639335446935608],[100.341955644062,13.639258075078045],[100.34192649411641,13.639109071838343],[100.34093454822708,13.639007077120363],[100.34080484178669,13.63915919805988],[100.34065692191052,13.639360007502216],[100.34041908723911,13.639700292841734],[100.3391708558513,13.641483397589187],[100.33896800264682,13.64177829296794],[100.33861610208393,13.642279653720923],[100.33850630847948,13.642480256654311],[100.33843505498385,13.64265127167312],[100.33837233430695,13.642798510554128],[100.33834911286515,13.642881126181388],[100.338323552098,13.6431637655811],[100.33832022292181,13.643393175761425],[100.33835365703966,13.6439952899558],[100.33839965015129,13.644980408584296],[100.33847529086619,13.646305500063972],[100.33851648477308,13.647259004117135],[100.33857276524725,13.647916365130996],[100.3385815274431,13.648343460172823],[100.33858822596,13.649019168545856],[100.33860080424228,13.649098201135807],[100.33861142620414,13.649445056584572],[100.33865234839686,13.650042609918229],[100.33870636203349,13.650297699931297],[100.33875257215163,13.650500851741334],[100.338765316307,13.650609263557689],[100.33876597908868,13.650726781485549],[100.33876176313214,13.651003655631952],[100.33875626750049,13.651156236047276],[100.3387694769635,13.651347135761135],[100.33875487013849,13.651420664920114],[100.33876175419489,13.65151441916403],[100.33876634643727,13.651611574881839],[100.33875581784979,13.651793562586683],[100.3387454126001,13.652099850245888],[100.33874912983354,13.652246730926983],[100.33876993287383,13.652452280634954],[100.33878905281806,13.652666878554978],[100.33881708608446,13.652822668093721],[100.33885665502952,13.652975005373838],[100.3390150644063,13.65330072319334],[100.33912403238476,13.653465115997742],[100.33922603577206,13.65362389720214],[100.33930507000456,13.653807661528882],[100.33930825898153,13.653818984956938],[100.40792087013118,13.653818984956938],[100.40792087013118,13.647819651221871],[100.40776848570356,13.647683531190365],[100.40687648652249,13.64688672795834],[100.40792087013118,13.647819647432796],[100.40792087013118,13.57381898495694]],[[100.40017536208397,13.640897284002763],[100.39944941754204,13.64025163545911],[100.39884120053844,13.639682159261193],[100.39944941753672,13.640251634555138],[100.40017536208397,13.640897284002763]]]}},{"type":"Feature","properties":{"valid_date":"2026-10-01","precip_mm":1.4,"probability_pct":65,"rain_class":"light","model":"ECMWF IFS HRES","resolution_km":9.0,"source":"Open-Meteo ECMWF API","forecast_run":"2026-10-01T15:00:00+07:00","precision_note":"Approximate model-grid context; not street-level rainfall."},"geometry":{"type":"Polygon","coordinates":[[[100.40792087013116,13.57381898495694],[100.40792087013116,13.647819647432783],[100.4086136712245,13.648438507807958],[100.40792087013116,13.647819651221859],[100.40792087013116,13.653818984956938],[100.48792087013118,13.653818984956938],[100.48792087013118,13.589614991430789],[100.48780369075654,13.589597975178146],[100.48765054264568,13.589675725712693],[100.48665144830167,13.59034044623887],[100.48537224351972,13.590915307303824],[100.48441008779322,13.591392228429637],[100.48422898969365,13.591433985237694],[100.48390444481035,13.591628009144726],[100.4834785090326,13.591957100092419],[100.48317721465602,13.592082057926486],[100.48282465721961,13.592229919446288],[100.48256010075269,13.592318498727119],[100.48213796739739,13.592516491024584],[100.48190706135354,13.59272238595549],[100.48179370952931,13.59288464270398],[100.4816698465145,13.593121538523487],[100.48162422303253,13.593308251333186],[100.48160558586446,13.594027010333868],[100.48152906545091,13.594446676262542],[100.4814038111205,13.594831604462277],[100.4813539318739,13.59507709987988],[100.48128059196928,13.595265107410272],[100.48126762922136,13.595409818802915],[100.48103965160654,13.596180669217917],[100.48096721873246,13.596421779792879],[100.4809426876449,13.596656954938446],[100.48090818061958,13.597052642087542],[100.48088668567301,13.597311529001988],[100.4808321921148,13.59755818175199],[100.4807547843584,13.597835479327134],[100.48067194250324,13.597981735155175],[100.48058996788562,13.598081657914884],[100.48045015905561,13.598169494969575],[100.4802991928942,13.598228019596299],[100.48007578575516,13.598247426395277],[100.47952666572108,13.598181761848075],[100.4790149389794,13.598184800033392],[100.4786339172462,13.598215310935082],[100.47846230609642,13.598297685989575],[100.47821667182514,13.598458466783818],[100.4780361336269,13.5985917422928],[100.4778027678773,13.598775048924917],[100.47727414624092,13.599034683466632],[100.47707454806724,13.599168071413802],[100.47693177498634,13.59933728066406],[100.47688627307957,13.599544331372487],[100.47692527201592,13.599779130650827],[100.47702907847966,13.600032753818567],[100.47719920192448,13.600455476974162],[100.47739253419863,13.600895011506216],[100.47760906053148,13.601349096626926],[100.47778612700421,13.60168025203478],[100.47779468967055,13.60175703779382],[100.47779702512845,13.6018541995993],[100.47770846458236,13.602103314057869],[100.4775149024801,13.602372261597157],[100.47727229553497,13.602649408737866],[100.4770408324327,13.60286095249607],[100.47689770807709,13.602973666483386],[100.47674651044191,13.602715803783779],[100.4765055010364,13.602412146460043],[100.47630384480301,13.602307125870853],[100.47586766922448,13.602200106221725],[100.47564328811927,13.6021562379693],[100.47543812496173,13.602044458600702],[100.47522468385539,13.601808432596009],[100.47488879159906,13.601199117863958],[100.47445005606973,13.600771203584094],[100.4741162129308,13.600399165093524],[100.47331122000885,13.599400529606479],[100.47318659230349,13.599235163873947],[100.47309671574163,13.598991625843327],[100.47302460141981,13.598631596749655],[100.47300855239028,13.597904001625574],[100.47294659239137,13.597224135923105],[100.47297192255492,13.596930198573135],[100.4730599271182,13.596496905590543],[100.4732253391217,13.595785187506765],[100.47357343362617,13.594352607609261],[100.4736804751776,13.593915812976128],[100.47365117714254,13.593848189135226],[100.47304824878414,13.593672091132017],[100.47285491778666,13.59360430603827],[100.47233890264926,13.59347289143553],[100.47178805999084,13.593313431702141],[100.47072686330087,13.593003309912715],[100.46988427086737,13.592738221991587],[100.46976265518576,13.592685831535247],[100.46969507383477,13.592685100200573],[100.46959902545484,13.592751204034233],[100.4695742327074,13.592851916171378],[100.46938238120242,13.593586388743008],[100.46924908420426,13.593887742610237],[100.46910759620201,13.594078409219128],[100.46903512308737,13.594221210772746],[100.46885047727825,13.594625693993809],[100.46866105002827,13.59491042925029],[100.46830481140934,13.595306883120328],[100.46818377927323,13.595443190957637],[100.46796321166943,13.595642232775793],[100.46768878293395,13.595817862707376],[100.4673468678867,13.596383725198544],[100.46717241381668,13.596567805408899],[100.4669958022006,13.596776757234249],[100.46688865205294,13.596916372681694],[100.46685676617788,13.596991137472402],[100.46684815052465,13.597186670414322],[100.46675349603356,13.597761245808025],[100.4667637237243,13.597921639183522],[100.46682780004001,13.59800939834055],[100.46706637868506,13.598202346399562],[100.4671157086454,13.598334260551846],[100.46714949287487,13.598474175940591],[100.46713487132035,13.59863245572493],[100.46709856741477,13.598740016165834],[100.467014783871,13.598922432368452],[100.46691216280276,13.599141118051518],[100.46684711210685,13.599270316013119],[100.46666014945222,13.599581024674084],[100.46657259388911,13.599713744975501],[100.46651127995243,13.5997932037612],[100.46620138925758,13.600214241600893],[100.46612873207452,13.600327664840036],[100.46604596139595,13.600675048289991],[100.46601658660131,13.600970140375464],[100.4658000519925,13.601544302197224],[100.46574008652615,13.60174917702328],[100.46575968198357,13.6018360691275],[100.4657795068519,13.601960247490046],[100.46576822874988,13.602568230575358],[100.46576629902285,13.602911748246107],[100.4657943492756,13.603058477267705],[100.46581011037684,13.603179289662672],[100.46584566984568,13.603232188208066],[100.46595827718282,13.603415708807153],[100.46597480373323,13.603567025451511],[100.46591820627295,13.60375606112631],[100.46583446214156,13.603945256614155],[100.46574941685712,13.603923158182768],[100.4654899835533,13.603815079663738],[100.46533979009742,13.603812573760178],[100.46522399396038,13.603861843285213],[100.46512846813896,13.604013819402697],[100.46496561811163,13.604489358813202],[100.4648741141831,13.604637921334964],[100.46470095372872,13.604751936521746],[100.46451296425748,13.604896546722358],[100.46434805037447,13.605036501256984],[100.46427523126378,13.605123936115074],[100.46419845833658,13.605226083630516],[100.46411157910045,13.605563321303698],[100.46401628114536,13.60575258429884],[100.46392458081291,13.60586950986361],[100.46378984085773,13.605938099476804],[100.46359741791825,13.606019456760796],[100.46340879500573,13.606061244022682],[100.46318907916721,13.606119033278812],[100.46299193853356,13.606090813032957],[100.46262042461585,13.605885083186777],[100.46224547073155,13.605777680028885],[100.46206735913002,13.605649911081333],[100.46184995265781,13.60542519555962],[100.46155831199349,13.605057411114299],[100.46148814617625,13.605012624743532],[100.46135335953798,13.604979517226544],[100.46104120076913,13.605033327305705],[100.46075227112047,13.605107339942695],[100.46055173354749,13.605184223596455],[100.46044009646387,13.60525267591931],[100.46032095061805,13.60532117224144],[100.4601981096374,13.605352401595601],[100.46005109651071,13.605303545681872],[100.45990775953409,13.605194780376284],[100.45964352200484,13.604962427586988],[100.45945820819142,13.604884416933105],[100.45925699789505,13.604851696706396],[100.45899927838104,13.60492891428277],[100.4586555838519,13.604926408315688],[100.45857040116204,13.604881709045582],[100.45846225229577,13.604859743440779],[100.45836145394489,13.604811745694041],[100.45827592547374,13.604710550430077],[100.4582059436021,13.604601353464119],[100.45806221358828,13.604428181648208],[100.45789229137836,13.60441109735248],[100.45753739507825,13.6043713667281],[100.45737612821084,13.604541804532165],[100.45728006456477,13.604606774462328],[100.45711468992558,13.604672150010668],[100.45671388499524,13.604776190785055],[100.45649825956788,13.604841859957515],[100.45622528927395,13.604975661915446],[100.45614793244744,13.60498289412001],[100.45587002081727,13.604969829920874],[100.45583242709296,13.605150843230659],[100.45578659259371,13.605212129044324],[100.45566732780408,13.6052614146495],[100.4550256028039,13.605073071884878],[100.45490998764333,13.605057928105671],[100.4547318406675,13.605018290541242],[100.45461271370321,13.60509017404344],[100.45458247296285,13.605151368555251],[100.45460254096884,13.60531622633997],[100.45457994784157,13.605399974462546],[100.4544997747291,13.605513439752729],[100.45448477998009,13.605611833859673],[100.45443145700489,13.605676553091977],[100.45436175437614,13.605707469207545],[100.45429995177608,13.60570783023986],[100.4542186944064,13.605643896278359],[100.4541343882001,13.605742696135808],[100.45413930744967,13.605886172315698],[100.45410850362758,13.605949629996138],[100.454004860714,13.606003343462381],[100.45389645726597,13.605939568847749],[100.45380268338876,13.605717513431525],[100.45369372843491,13.605563345117407],[100.45364995208766,13.605394106698524],[100.45365714194861,13.605247169891696],[100.45373685337967,13.605058000204796],[100.4537819307654,13.604872423522385],[100.45379554657526,13.604548045442012],[100.4537665999486,13.604253293938049],[100.45373449292515,13.60410319668917],[100.45370318419134,13.603989253499304],[100.45364873741293,13.603869795586451],[100.45360107698379,13.603726568869295],[100.45352324407868,13.60356091816099],[100.45339733750399,13.60318424632057],[100.45335780591908,13.60304775183805],[100.45326428897128,13.602867503057876],[100.45313230033628,13.602724768344213],[100.45303138662794,13.602657559583951],[100.45286816123992,13.602507097249394],[100.45268753266483,13.602344305839658],[100.45258980809436,13.602136963109599],[100.45250201976545,13.60194877079853],[100.45238493216739,13.601691822603458],[100.45236788498676,13.601453500235518],[100.45235950073713,13.601310043167572],[100.45235835145381,13.601121346361257],[100.45232626565114,13.600879721793149],[100.45219260026681,13.600556201476234],[100.45216148570626,13.600473895732101],[100.45217560679112,13.600232001677572],[100.45218237854172,13.600111056333276],[100.45211892568761,13.599840234682958],[100.45212549010523,13.59959047494787],[100.45220097241405,13.599370822341271],[100.45222329749895,13.599243006537877],[100.45217589307181,13.599046668747507],[100.4521364585705,13.598925992791596],[100.45212826153526,13.598813044438474],[100.45215067614595,13.598699917614256],[100.45216502545811,13.598495310934318],[100.45217940215215,13.598390140701172],[100.45208584005553,13.598201981690952],[100.45199282884997,13.598104217246652],[100.45175979586111,13.597871672585974],[100.4514563945501,13.597465524483086],[100.45126938200438,13.597202202114703],[100.45109082925545,13.596999849136736],[100.45089474771717,13.596480077818805],[100.45095558598155,13.596321528771012],[100.45104721341582,13.596192179393123],[100.45107752871567,13.596048497621103],[100.45105240356447,13.595716434187697],[100.45090583152775,13.595359089827301],[100.45089380531944,13.595091357898033],[100.4508839518022,13.59470609812833],[100.45082819560156,13.594465739927852],[100.45065772363462,13.594262209351061],[100.45042408402847,13.594024016614183],[100.45033311055658,13.59388104093214],[100.45011808486286,13.593474375934917],[100.45003471665835,13.593252257536001],[100.44999955451911,13.593073928026826],[100.44996160803957,13.592817647266724],[100.44989891667699,13.592576199087004],[100.44978217959844,13.592470661794136],[100.44952692453104,13.59238174973515],[100.44931608704277,13.592283538446095],[100.4491739529251,13.59208549154828],[100.44910913613722,13.591969482261863],[100.44909805329458,13.59185654946984],[100.44919069357479,13.59151363183376],[100.44926903723604,13.591289443476336],[100.44928739623852,13.591174080444047],[100.44921461274059,13.59079257518529],[100.44899358919962,13.590443570795138],[100.44869384589038,13.590161692502871],[100.44854808947271,13.590032593895016],[100.44835349007101,13.58975462290169],[100.44837594728219,13.58964827578775],[100.44820523291088,13.589498982615723],[100.44792641965697,13.58933449692824],[100.44768648043717,13.589199165068598],[100.44757705774006,13.588965897111594],[100.44753726421351,13.58878533393437],[100.44756712262733,13.588565947441996],[100.44756515437193,13.588241659101953],[100.44756387194201,13.588030362306274],[100.44750857387484,13.58786457867533],[100.44738070997924,13.587733115334098],[100.44732263245916,13.58768034423227],[100.44727211113953,13.587635438993424],[100.44721745783957,13.587575867289011],[100.44717095200426,13.587526418853184],[100.44711696543308,13.587481533694913],[100.44700053471712,13.587425711374477],[100.44694656876264,13.587384215948244],[100.44683818272912,13.587321567056868],[100.44677199914139,13.587265452959908],[100.44669827999573,13.587204861813317],[100.44664023016844,13.587156611126693],[100.44659714871828,13.587100361996468],[100.44658515912037,13.58702811382101],[100.44657310785882,13.586945696317416],[100.44658803703082,13.586836003083446],[100.44659921800272,13.586774920092378],[100.44664893722997,13.586687624260337],[100.44670593842474,13.586562997318628],[100.44672862923835,13.586495067737685],[100.4467395840097,13.586396696310862],[100.4467544445653,13.586275703822054],[100.4467225510568,13.586159502530158],[100.44668390609257,13.586072719499244],[100.446660413548,13.58600844782788],[100.44664829290124,13.585914731072085],[100.44662379206675,13.585779276546345],[100.44658105548999,13.58568460747555],[100.44654608058418,13.58563170206356],[100.44652263609251,13.585575339846114],[100.44648766121738,13.58552243442258],[100.44642531554524,13.585432398949203],[100.44640182314895,13.58536812723701],[100.44637027251174,13.585308422133087],[100.4463391624271,13.58522611516405],[100.44631562212093,13.585153933056265],[100.44628971685411,13.585072726750537],[100.4462677174187,13.584968896669235],[100.44625487654851,13.584851454775446],[100.44627450155376,13.584754163918815],[100.44631508943735,13.584685000583459],[100.4463285326673,13.584615994717206],[100.44635224154985,13.584525459957373],[100.4463489154047,13.584453160574355],[100.44635104275972,13.584327722091272],[100.4463719049953,13.584243983636446],[100.44640942787171,13.5841454589786],[100.44645146054077,13.584028828710155],[100.44647419236678,13.583967678708767],[100.44651938881164,13.583801311609122],[100.44661492735264,13.58365047193837],[100.4466643719932,13.583517979130882],[100.44674422169946,13.583351410038002],[100.44676615177181,13.583158058748989],[100.44676471297129,13.582920774411592],[100.44673611128249,13.582585339795136],[100.44667197630076,13.582295310829616],[100.44662169091083,13.581336261088719],[100.44647511303955,13.579641031312914],[100.44643214381635,13.579031098178852],[100.44636093459576,13.578240534231877],[100.44631660341375,13.577691627014724],[100.4462617803082,13.57712696105794],[100.44621978638857,13.576582560049678],[100.44618400704746,13.576110441695816],[100.44611620571372,13.57550065216792],[100.44606972949927,13.574978876315004],[100.44597724662492,13.57381898495694],[100.40792087013116,13.57381898495694]],[[100.4768196102213,13.603513116229381],[100.47681961018228,13.603513115802574],[100.47682491670122,13.60343737768558],[100.4768196102213,13.603513116229381]],[[100.47682580630335,13.60358087694939],[100.47684079226514,13.603668924153823],[100.47686082939089,13.603733212448043],[100.47684079134099,13.603668924159306],[100.47682580630335,13.60358087694939]],[[100.47692514759673,13.604017407990549],[100.47692852243507,13.604031117672044],[100.47696178103065,13.604085158423796],[100.47692852244069,13.60403111857597],[100.47692514759673,13.604017407990549]],[[100.47752781972402,13.604827568067332],[100.47760272085736,13.60489040071814],[100.47766425342664,13.604939753294625],[100.47760271993323,13.604890400723626],[100.47752781972402,13.604827568067332]],[[100.47899518189553,13.605517165730927],[100.47877734710958,13.605504900400861],[100.47877734720626,13.60550490034878],[100.47899518189553,13.605517165730927]],[[100.47968714380382,13.606258821588275],[100.47966577501708,13.606166292088396],[100.47968714383488,13.606258820843193],[100.47968714380382,13.606258821588275]],[[100.47959642913743,13.607091003563424],[100.47954536981531,13.607054018101644],[100.47959642948389,13.60709100291452],[100.47959642913743,13.607091003563424]],[[100.47958129906044,13.6071193415401],[100.47956616813781,13.607147681100626],[100.4795036789795,13.607316414814228],[100.4795661681322,13.6071476801967],[100.47958129906044,13.6071193415401]],[[100.47963739872009,13.607642175065426],[100.47968947842286,13.607750340519365],[100.47979806916258,13.607936137337811],[100.47968947842847,13.60775034142329],[100.47963739872009,13.607642175065426]],[[100.48044541028439,13.608745851435462],[100.48049597716818,13.60879639831493],[100.48055295382814,13.608855947540292],[100.48049597717379,13.60879639921887],[100.48044541028439,13.608745851435462]],[[100.4808017567768,13.609760686320366],[100.48080198025042,13.609889499010938],[100.48080351397942,13.609950507052584],[100.48080197932626,13.609889499016436],[100.4808017567768,13.609760686320366]],[[100.48082186787639,13.610115370187719],[100.4808574246253,13.610167136209515],[100.48087629428893,13.61022917194778],[100.48085742463091,13.610167137113438],[100.48082186787639,13.610115370187719]],[[100.48131367861096,13.611827706044005],[100.48134693237618,13.611880615610184],[100.48137962261613,13.611935788419109],[100.48134693145201,13.611880615615686],[100.48131367861096,13.611827706044005]],[[100.48152432356127,13.61216882692364],[100.48155641518805,13.612220613423279],[100.4815891688167,13.612285955339486],[100.48155641426389,13.61222061342878],[100.48152432263711,13.612168826929144],[100.48145481444067,13.612044946566614],[100.48141694775494,13.611993193524304],[100.4814548153592,13.612044945657189],[100.48152432356127,13.61216882692364]],[[100.4816121453996,13.612358135143959],[100.48163910193298,13.612420121724885],[100.48166951003915,13.612479827855726],[100.48163910100882,13.61242012173039],[100.4816121453996,13.612358135143959]],[[100.48153654612224,13.61459701277507],[100.48155515530766,13.614709896643127],[100.48157505947684,13.614845371731072],[100.48155515438349,13.614709896648632],[100.48153654612224,13.61459701277507]],[[100.4811870638166,13.61645107831973],[100.48113316194599,13.616514676266025],[100.48108436623255,13.616563554494142],[100.4811331610218,13.616514676271532],[100.4811870638166,13.61645107831973]],[[100.47991716234172,13.617895929925945],[100.4797133603116,13.618005617295578],[100.47967092374256,13.618008694515972],[100.47971335938742,13.61800561730108],[100.47991716234172,13.617895929925945]],[[100.47922356064468,13.618011919403942],[100.47887711635065,13.618034318419626],[100.47875983607938,13.618124281533865],[100.47887711542647,13.61803431842512],[100.47922356064468,13.618011919403942]],[[100.47864321247285,13.618877520955138],[100.47866320965802,13.618935029412308],[100.478665390983,13.619007333100484],[100.4786632087338,13.618935029417802],[100.47864321247285,13.618877520955138]],[[100.47766642305855,13.619901409974922],[100.47766642357983,13.619901409962553],[100.47771552396843,13.619902248091796],[100.47766642305855,13.619901409974922]],[[100.47695025446359,13.61991922230623],[100.47688150237393,13.619917370671477],[100.47681623097253,13.619917758247084],[100.47688150329815,13.619917370665984],[100.47695025446359,13.61991922230623]],[[100.47353094001056,13.62314630329985],[100.47343718498709,13.62321126599792],[100.47336585865405,13.623260276473582],[100.47343718498149,13.623211265093992],[100.47353094001056,13.62314630329985]],[[100.4733140887256,13.623295611661705],[100.47319273319292,13.623381076909064],[100.47331408872,13.623295610757781],[100.47336585865405,13.623260276473582],[100.4733140887256,13.623295611661705]],[[100.47313578551162,13.623419832590425],[100.47307822519062,13.623452942140226],[100.47299704488726,13.623496361149886],[100.47292501571833,13.623525036578796],[100.47299704488168,13.623496360245962],[100.47307822518502,13.623452941236302],[100.47313578550602,13.623419831686496],[100.47319273319292,13.623381076909064],[100.47313578551162,13.623419832590425]],[[100.47284258913808,13.623553773575125],[100.4728054223008,13.623568682616643],[100.47284258821387,13.6235537735806],[100.47292501571833,13.623525036578796],[100.47284258913808,13.623553773575125]],[[100.47250304403107,13.623759175004407],[100.47247371746185,13.623780818304091],[100.47241619891801,13.6238207071704],[100.47247371745625,13.623780817400167],[100.47250304403107,13.623759175004407]],[[100.47222419151848,13.623970997529682],[100.4721835081986,13.62402434607207],[100.47214462769873,13.62408898343823],[100.472183508193,13.624024345168143],[100.47222419151848,13.623970997529682]],[[100.472084899287,13.624705159964272],[100.47210376828437,13.624767195509792],[100.47213700826494,13.624817847365332],[100.47210376828997,13.624767196413718],[100.472084899287,13.624705159964272]],[[100.4723049951758,13.625266572820799],[100.47234859077285,13.625310382706857],[100.47237179359179,13.625346083298806],[100.47234859077845,13.625310383610787],[100.4723049951758,13.625266572820799]],[[100.47249159292966,13.625455300266683],[100.47255752057318,13.625467339244418],[100.47258334241371,13.625532723401212],[100.47255751964894,13.625467339249894],[100.47249159292966,13.625455300266683]],[[100.47269468266798,13.625602120801593],[100.47270545798584,13.625663074268173],[100.47276866543744,13.625702248092924],[100.47270545706162,13.625663074273644],[100.47269468266798,13.625602120801593]],[[100.47282262369993,13.625740346742491],[100.47290094775653,13.62579525027441],[100.47293752096576,13.625824412769806],[100.47290094776213,13.625795251178333],[100.47282262369993,13.625740346742491]],[[100.47433930904636,13.628029677171176],[100.47422981982604,13.628165921318377],[100.47418685289472,13.628223803537157],[100.4742298189018,13.628165921323859],[100.47433930904636,13.628029677171176]],[[100.47408075717448,13.628814266109151],[100.47411170162891,13.628867190198058],[100.47415362136412,13.62892004919093],[100.47411170163451,13.628867191101985],[100.47408075717448,13.628814266109151]],[[100.4749247219206,13.629371975693855],[100.47497476659714,13.629337780455234],[100.47497476742217,13.629337780517547],[100.47492472256985,13.629371975876264],[100.4749247219206,13.629371975693855]],[[100.47544539403613,13.629589225606527],[100.4754924499004,13.629631884306406],[100.47554874112727,13.629673359124826],[100.475492449906,13.629631885210326],[100.47544539403613,13.629589225606527]],[[100.47573237761505,13.630407866026347],[100.47574758130327,13.630344497931256],[100.47574758135148,13.630344498657578],[100.47573237761505,13.630407866026347]],[[100.47573577086135,13.63048920214223],[100.4757315625678,13.630555894067804],[100.47573576993712,13.630489202147718],[100.47573237761505,13.630407866026347],[100.47573577086135,13.63048920214223]],[[100.47570722793996,13.631056040917697],[100.47570136249381,13.631088279839853],[100.47567340832084,13.631144943228064],[100.4757013624882,13.631088278935927],[100.47570722793996,13.631056040917697]],[[100.47560494339933,13.63137585915441],[100.47557422015176,13.631451748094769],[100.47555595928786,13.631488014837757],[100.47557421922751,13.631451748100258],[100.47560494339933,13.63137585915441]],[[100.47513690285679,13.632240223704235],[100.47513682789993,13.632274688030902],[100.47512585682836,13.632368538857584],[100.47513682789432,13.632274687126976],[100.47513690285679,13.632240223704235]],[[100.47511429481499,13.632925671953792],[100.47511307375389,13.633008166323116],[100.4751135225444,13.633080480341937],[100.47511307374828,13.633008165419188],[100.47511429481499,13.632925671953792]],[[100.47507559880506,13.634137207877561],[100.47501359479267,13.634292378847954],[100.47501807927006,13.634363538957345],[100.47501359386843,13.634292378853445],[100.47507559880506,13.634137207877561]],[[100.47485462771984,13.635392762913794],[100.47486983888639,13.635330525473593],[100.47489010874453,13.635245659041903],[100.47489645956264,13.635151835650973],[100.47489010966878,13.635245659036418],[100.47486983981065,13.635330525468104],[100.47485462771984,13.635392762913794]],[[100.47464176296502,13.635999679527645],[100.4745977219477,13.636163783410161],[100.47456151483215,13.636287162659013],[100.47459772102344,13.636163783415647],[100.47464176296502,13.635999679527645]],[[100.47454016660268,13.636384464906955],[100.47453655767048,13.636454544015853],[100.47452221150533,13.636563104185496],[100.47453655766486,13.63645454311193],[100.47454016660268,13.636384464906955]],[[100.47431027047739,13.636853628760441],[100.47428702086913,13.636923823523768],[100.47426434097959,13.636992884956715],[100.47428701994487,13.63692382352925],[100.47431027047739,13.636853628760441]],[[100.47383829841579,13.638529884552456],[100.47380898156491,13.638646443169739],[100.47379436075661,13.638710936970131],[100.47380898064063,13.638646443175224],[100.47383829841579,13.638529884552456]],[[100.47359781011616,13.639434140958317],[100.47358030179045,13.639498651883113],[100.47356107353478,13.639565432907526],[100.47358030086617,13.639498651888596],[100.47359781011616,13.639434140958317]],[[100.47353383907787,13.640204015842977],[100.47353383906196,13.64020401527067],[100.47353865560872,13.640049183780281],[100.47353383907787,13.640204015842977]],[[100.47350406872332,13.640806455219343],[100.47351793586047,13.640713717191689],[100.47351998317208,13.640578111255255],[100.47354498122172,13.640510166050483],[100.47351998409637,13.640578111249772],[100.47351793678476,13.640713717186209],[100.47350406872332,13.640806455219343]],[[100.47343653827626,13.641654317940127],[100.47342837777042,13.641735722626104],[100.47342017928824,13.641791820537337],[100.47342837684614,13.641735722631585],[100.47343653827626,13.641654317940127]],[[100.47326720334587,13.642854199408852],[100.4732849610922,13.64273657854264],[100.47328973967642,13.642668753301734],[100.4732997524156,13.642606546748775],[100.47328973968202,13.642668754205657],[100.47328496109782,13.642736579446563],[100.47326720334587,13.642854199408852]],[[100.47321710264315,13.643438679843246],[100.47320306012436,13.643503171102182],[100.47318493878007,13.643562035914321],[100.47320306011876,13.643503170198258],[100.47321710264315,13.643438679843246]],[[100.47315381514245,13.643759961486362],[100.47314204827536,13.643818788598397],[100.47313203455239,13.643880995153975],[100.47314204735108,13.643818788603877],[100.47315381514245,13.643759961486362]],[[100.47304687603643,13.644308620757556],[100.47302888777877,13.644388954693696],[100.47301496431723,13.644472653456011],[100.47302888777317,13.64438895378977],[100.47304687603643,13.644308620757556]],[[100.47294504563884,13.645029002723543],[100.4729258539089,13.645287875600854],[100.4729210752465,13.645355700836816],[100.47292585390329,13.64528787469693],[100.47294504563884,13.645029002723543]],[[100.47272801563044,13.646829169392168],[100.47271527542733,13.646917381823092],[100.47270538068777,13.646998796781665],[100.47271527449742,13.64691738092465],[100.47272801563044,13.646829169392168]],[[100.47254130635146,13.647929718236695],[100.47254902260828,13.64786978431319],[100.47256193109313,13.647808691449956],[100.47257419271305,13.647736301134799],[100.47256193201744,13.64780869144447],[100.47254902353818,13.647869785211649],[100.47254130635146,13.647929718236695]],[[100.47224485911494,13.649780073482319],[100.47219085693366,13.649828981550217],[100.47213027259669,13.650120867485509],[100.47219085600935,13.649828981555698],[100.47224485911494,13.649780073482319]],[[100.47206874389468,13.650446658361046],[100.47200408832896,13.650734048635526],[100.47199195119539,13.650779883209443],[100.47200408740466,13.650734048641004],[100.47206874389468,13.650446658361046]],[[100.47179472498586,13.651815521551175],[100.4718383640694,13.65177232472516],[100.47185936767073,13.651712312914656],[100.47186820542258,13.6516467235138],[100.47185936859505,13.651712312909174],[100.47183836499373,13.651772324719678],[100.47179472498586,13.651815521551175]],[[100.47145605501348,13.653472905630643],[100.47140345250102,13.653561353493405],[100.4713865547367,13.653631510471259],[100.47140345157669,13.653561353498885],[100.47145605501348,13.653472905630643]]]}},{"type":"Feature","properties":{"valid_date":"2026-10-01","precip_mm":1.4,"probability_pct":65,"rain_class":"light","model":"ECMWF IFS HRES","resolution_km":9.0,"source":"Open-Meteo ECMWF API","forecast_run":"2026-10-01T15:00:00+07:00","precision_note":"Approximate model-grid context; not street-level rainfall."},"geometry":{"type":"Polygon","coordinates":[[[100.48792087013116,13.653818984956938],[100.51715485602209,13.653818984956938],[100.51921663677176,13.649003277739562],[100.52039236534395,13.645950926521023],[100.52048158432359,13.645719874301815],[100.52160866290718,13.642381945480805],[100.52151647249633,13.642239009740756],[100.52135471039232,13.642147345937502],[100.52116381697961,13.64192704977815],[100.52091831219218,13.641568106051004],[100.52081026626085,13.641474983828347],[100.5206943211969,13.641411288004727],[100.52057835449209,13.641344202473524],[100.52035082561223,13.641176105562641],[100.52015976211328,13.641019085383508],[100.51999793551857,13.640826858367083],[100.51927882122594,13.640030138225912],[100.51793870647066,13.638781849444147],[100.51757800332663,13.638474453130826],[100.51725063159068,13.638230127691026],[100.51712183671039,13.638053515580586],[100.51708327900374,13.637895560183587],[100.51693371769892,13.637723594477007],[100.51676705182119,13.637405972304473],[100.5167731200895,13.636999160045892],[100.51680036618387,13.636652105599225],[100.51686624310094,13.636383909386623],[100.5169986931931,13.636137906147908],[100.51715983174114,13.635861219600974],[100.51735969322957,13.635587686274876],[100.51749658280448,13.635403801800653],[100.51756691312124,13.635290379385376],[100.51765921476385,13.635180211628807],[100.51772979657972,13.635106335135701],[100.51792341034151,13.635030577079496],[100.5180258565281,13.634971194908076],[100.51807795341257,13.634897431269527],[100.51773742621265,13.634220423771666],[100.51741741408878,13.633499223085831],[100.51723504722034,13.6330743526435],[100.51705722217483,13.632727420258124],[100.51662929643258,13.632022695833866],[100.51650437633099,13.63181894009313],[100.51621940994113,13.631338198153669],[100.5160746262967,13.63118993074862],[100.51575866233306,13.63083027965741],[100.51541350627932,13.630512614365182],[100.51509563693116,13.630216249922663],[100.51492282567638,13.630020695487003],[100.51491979678903,13.629817325626629],[100.51491789607256,13.62951903565928],[100.5149390758857,13.62939800404332],[100.51497358616109,13.629193276346163],[100.51492263352786,13.629083982772073],[100.51477404624673,13.628973025249861],[100.514495707198,13.628896756151681],[100.5143358860802,13.62874518838131],[100.51426393033226,13.62860325550548],[100.51424988198119,13.628483568451426],[100.5142656115485,13.628323022492312],[100.51431299579247,13.628144204805231],[100.51434054514988,13.628025394267707],[100.51433817048813,13.627652530749558],[100.5143412692926,13.627594885413133],[100.51437807417238,13.627478278351985],[100.51442759410297,13.627362723756898],[100.51447208802256,13.627274318108363],[100.51458348004441,13.627168555916375],[100.51467809817117,13.627059506096302],[100.51477246429481,13.62691090931465],[100.51499649730788,13.626623671729869],[100.51502315813632,13.62645627956399],[100.51502581225174,13.626238186831271],[100.51502845021801,13.626108228763146],[100.51505249993193,13.625803000097255],[100.51509534687756,13.625728163579328],[100.51510414260966,13.625658054293593],[100.51511099043256,13.62555405896721],[100.51510092780593,13.625425308225655],[100.51505812404689,13.62514421548997],[100.51506365197653,13.624923845367059],[100.51507283099942,13.624823225622212],[100.51506064510795,13.62472386599767],[100.51495382798315,13.624368587852128],[100.51500910990264,13.624250738236531],[100.51513639401549,13.624010417373157],[100.51520488099315,13.623880058026465],[100.51528033535797,13.623755305859527],[100.51535830169267,13.62366217641939],[100.51539377683936,13.62360885348928],[100.51540715917834,13.623442671255896],[100.5154378845429,13.623278644089515],[100.51546709297641,13.623148524079081],[100.51552312010257,13.622875869383778],[100.51554289217998,13.622715298759783],[100.5155528600325,13.622557046845689],[100.51556847357467,13.62237842267814],[100.5155843030706,13.62223369510658],[100.51567099959553,13.622060287351818],[100.5157653274224,13.6219060418788],[100.51578571128069,13.621841511601398],[100.51576850773827,13.62177043084753],[100.5157582634858,13.621703827394812],[100.5157859187687,13.621601964190491],[100.51578143629155,13.621533065757593],[100.51573042054554,13.621413604076604],[100.5156398246256,13.621246926523407],[100.51563932073303,13.62116783445939],[100.51569103432726,13.621034187490336],[100.51581084334232,13.620799560765864],[100.51594915832416,13.620568211896266],[100.51602479303415,13.620381312343461],[100.51609221865174,13.62017525400213],[100.51620770530643,13.619806191789534],[100.51625505824845,13.619622854397948],[100.51626723443958,13.619448770894424],[100.5162698288529,13.619312033504666],[100.51630985996385,13.619158118934546],[100.51636151617095,13.619015432792976],[100.51642742442041,13.618843280662936],[100.51647503631541,13.618700619164647],[100.51646291678225,13.618521034131659],[100.5164355330786,13.618393518949208],[100.51635295820074,13.618307017713382],[100.51622920758554,13.618194778133661],[100.5161463952798,13.618070990553644],[100.51609332181921,13.617991088973062],[100.51608146901917,13.617853309685731],[100.51610290699344,13.617772953952688],[100.51618039613302,13.617605251929733],[100.5163285285173,13.61737384226992],[100.51639481086534,13.617260445178506],[100.51648019734687,13.617153711195805],[100.51659622715749,13.616598207994256],[100.51663625778076,13.616444292505124],[100.5167280278659,13.616251644841874],[100.51674932303976,13.616058296908717],[100.51675568786234,13.615878599166718],[100.51677639974204,13.6155937295181],[100.51674885232755,13.615349832485355],[100.51669098175199,13.615060923076095],[100.51662553055206,13.61476075963351],[100.51664719391381,13.614625035908073],[100.51672068187308,13.614464137789406],[100.51683110883909,13.614208100299505],[100.51688599101549,13.614028105855043],[100.51687023182973,13.613911819085747],[100.51680966645546,13.613743828654325],[100.51672546546347,13.61349236740693],[100.51661225985508,13.613312267627537],[100.51658245690312,13.613258212603712],[100.51652182541876,13.613170447545079],[100.51646937389751,13.613097321714704],[100.51641641679059,13.613035498259105],[100.5163711789839,13.6129160012742],[100.5164104392694,13.61264118791854],[100.51649541226602,13.612560444986517],[100.51668173948302,13.61243162719922],[100.51678575224204,13.612347378342674],[100.51685235718911,13.612284826160534],[100.516918818109,13.61219967622847],[100.5170267793101,13.612100714120608],[100.51709352813157,13.612060759620473],[100.51716457210512,13.612060326487379],[100.51725830063775,13.612084613493822],[100.51758049501545,13.612247619531093],[100.51766999321083,13.612242553981643],[100.51773282976863,13.61213256749998],[100.5178474407295,13.611989497234367],[100.51824425364703,13.611535103602913],[100.51825131559622,13.611465004852157],[100.51821341188024,13.611408739592163],[100.51804386306826,13.611179268151329],[100.51793072265306,13.611009337906147],[100.5179752344181,13.610924321633282],[100.5181203918403,13.61086129002398],[100.51825060296765,13.610809648821737],[100.51841045237846,13.610695680571444],[100.5184885361634,13.610621758694666],[100.51858867024447,13.61047312686781],[100.51867315258164,13.610315551081559],[100.51871744054617,13.610195508246385],[100.51878799381043,13.610118242461668],[100.51891461630397,13.61004741405441],[100.51904833556499,13.61000253066096],[100.51919767939538,13.60996207154553],[100.51939161183982,13.609939419015307],[100.51955561784771,13.609933898001104],[100.51961534080965,13.609879296731021],[100.51970402309738,13.609746553481994],[100.51977402151482,13.609582286272763],[100.51986601046731,13.609424664342015],[100.51992133673168,13.609314723319384],[100.51997687211063,13.60923754896648],[100.52004003146975,13.609178406914575],[100.52012939853205,13.609153002668885],[100.5202527430387,13.609111571848796],[100.52037510498897,13.60900687093222],[100.52038618776147,13.608933357827944],[100.52038535091313,13.608802291138765],[100.52038550517106,13.608283651722397],[100.52047492644131,13.607633395219178],[100.52049951809663,13.607414038705],[100.52056163896091,13.607192193087121],[100.52081331721347,13.606262982731312],[100.5208573939119,13.606200567345825],[100.52087921959041,13.606090829958594],[100.52092297914133,13.605888305268326],[100.52098857832402,13.605668698205374],[100.52105975307535,13.605146235110784],[100.52097410596221,13.605120769992821],[100.52074228900533,13.605089418163441],[100.52049536043775,13.605043469319158],[100.51999832110067,13.604995656653978],[100.51985134298725,13.60495361661999],[100.5197442959839,13.604923761977304],[100.51917148858664,13.604678672323134],[100.5184901117449,13.604436503279429],[100.51799209441008,13.60423502271438],[100.5173784254025,13.604012776321886],[100.51720660534508,13.603969756079337],[100.51706414803981,13.603911866793618],[100.51697795286968,13.60389092327581],[100.51638630734402,13.603589444853094],[100.51611634575048,13.603463406538276],[100.51584714173178,13.603365611586733],[100.51537955652172,13.603226085428442],[100.51484039965652,13.603003378774696],[100.51422636260165,13.602722370624084],[100.51378479247947,13.602586072840138],[100.5137182856402,13.602572917953133],[100.51366170128439,13.602485127152855],[100.51350635184468,13.602216016531496],[100.51329573893305,13.601885096198307],[100.51315270587112,13.601645288684379],[100.51305107513099,13.60146737674211],[100.51294196486396,13.601294029916135],[100.51287006303133,13.601158873818347],[100.51283268257943,13.601093564761404],[100.51264891666223,13.600351183825449],[100.51254223741279,13.599923586876404],[100.51236607072912,13.599468162542573],[100.51196962367621,13.598340633693674],[100.51192228617958,13.598162391443086],[100.51151721451552,13.596949038671921],[100.51150162476193,13.596858738510315],[100.51144187834628,13.596818423390296],[100.5113154863116,13.596833879397352],[100.51104738654551,13.596908950677873],[100.51071616891892,13.596958416887341],[100.51016949452176,13.597096193974119],[100.50984258315754,13.59718744055989],[100.5093551251917,13.597281919471802],[100.50888281828088,13.597397773562506],[100.50778919928591,13.597631512934829],[100.50771471538499,13.597635353599037],[100.50753870090485,13.597567491921339],[100.50724747327625,13.597456260672251],[100.50710980666248,13.597424325492076],[100.50699023020609,13.597421659138886],[100.50685279130803,13.597425880404586],[100.50669230089791,13.597438150584825],[100.50654758315748,13.597478573686562],[100.5063540297696,13.597559968863886],[100.50614259234015,13.597644862756098],[100.50601586443298,13.597698736034598],[100.50590448788498,13.597714098586458],[100.50578137447573,13.59770015367783],[100.50566214696315,13.597661326601017],[100.50558336305579,13.597624514885553],[100.50526695124735,13.597641116373076],[100.50507704767328,13.59766034290253],[100.50483507788223,13.59766632369244],[100.50458141323739,13.59764977704076],[100.50438767329909,13.597610269461473],[100.50417102342577,13.597509883428247],[100.503916261844,13.597319331351477],[100.50354940419118,13.59703002195177],[100.50325747215715,13.596806925236587],[100.5031337392932,13.596694678055192],[100.50300665518908,13.596600530035134],[100.50284942409985,13.59648848389511],[100.50258090944297,13.596406488212317],[100.50237550556598,13.59634897026523],[100.50226722426837,13.59630555566612],[100.50206903592743,13.596201665537048],[100.50194534662337,13.596096197045542],[100.50184084500117,13.59601095170873],[100.50173587267462,13.595942658244127],[100.50152278313377,13.595856936478755],[100.50125414853615,13.595755731000661],[100.50096331574629,13.595706636170165],[100.5008401820685,13.595689298988649],[100.50067551538226,13.595588595500791],[100.50051452187824,13.595429113805167],[100.50035779757103,13.595397289467284],[100.50013456018003,13.595442701458554],[100.49998238268633,13.595491075237524],[100.49985208214859,13.595528017820532],[100.49975520883298,13.595553459705801],[100.49966973025535,13.59555397337623],[100.49960248474108,13.595514830264314],[100.49956063226506,13.595380619313302],[100.49946987411933,13.595184555997413],[100.49939038110355,13.595034752383807],[100.49927784666394,13.594865937686265],[100.49922052326967,13.59465950356041],[100.49919701284406,13.594411058149877],[100.49918733830141,13.594066483633922],[100.49925605900604,13.593789234716963],[100.49922555213475,13.593622187100378],[100.49909615288968,13.59325121434767],[100.4990161656793,13.592930791545992],[100.49898466956866,13.592698213256325],[100.4990172520422,13.592552254901968],[100.49907984487258,13.59240272618041],[100.49912004816183,13.592274801021627],[100.49913448901148,13.592183188952617],[100.49912745394587,13.592074756073309],[100.49907352373394,13.591948527166137],[100.49889482609271,13.591636608536078],[100.49878983038172,13.591472267802462],[100.4986793315245,13.59125937354983],[100.49860996421648,13.59115809603194],[100.49846332873287,13.590984965989653],[100.49790634499166,13.590492269396306],[100.49778240505275,13.59034612193873],[100.49745843014567,13.589892701478169],[100.49705037522106,13.589294023027229],[100.4967638836327,13.588922861971431],[100.49647840298906,13.588620621793828],[100.49606908366644,13.588188050346407],[100.49575629736023,13.588044164094745],[100.49516331595645,13.587795744608925],[100.49493569719539,13.587694284163957],[100.4946417969738,13.587614690767056],[100.49440990904591,13.587661278861653],[100.49420094763401,13.587772136081025],[100.49403885691646,13.587804746113912],[100.49251722548308,13.58812120597164],[100.49221043057268,13.588103833821226],[100.49160161047364,13.588185443202123],[100.4910627219052,13.588274543314597],[100.49093724848707,13.588344220521464],[100.49089594793627,13.588389665357065],[100.49081690931176,13.588403697459565],[100.49045888821263,13.58841487819111],[100.490012390886,13.588408507318023],[100.4898725680399,13.588400303587397],[100.48975004418415,13.5883874766007],[100.48964467725548,13.588347428325898],[100.48952611265963,13.588413673737747],[100.4893691842143,13.588533255780755],[100.4891241877336,13.588793477170118],[100.48886539405171,13.58906395029668],[100.48862060102158,13.589356938496111],[100.4882315399549,13.589577341553316],[100.48801296003842,13.589628364305772],[100.48792087013116,13.589614991430787],[100.48792087013116,13.653818984956938]]]}},{"type":"Feature","properties":{"valid_date":"2026-10-01","precip_mm":1.4,"probability_pct":65,"rain_class":"light","model":"ECMWF IFS HRES","resolution_km":9.0,"source":"Open-Meteo ECMWF API","forecast_run":"2026-10-01T15:00:00+07:00","precision_note":"Approximate model-grid context; not street-level rainfall."},"geometry":{"type":"MultiPolygon","coordinates":[[[[100.64792087013117,13.653818984956938],[100.64792087013117,13.652840392389916],[100.64163218155389,13.653763704703179],[100.64077263390736,13.653818984956938],[100.64792087013117,13.653818984956938]]],[[[100.63959625668032,13.653818984956938],[100.6344130261406,13.647417411842428],[100.63008519715939,13.649199429262131],[100.63081014943435,13.65121262174709],[100.62606655466136,13.652696764110539],[100.62370569699675,13.653479407461603],[100.62272214185296,13.653818984956938],[100.63959625668032,13.653818984956938]]]]}},{"type":"Feature","properties":{"valid_date":"2026-10-01","precip_mm":2.3,"probability_pct":63,"rain_class":"light","model":"ECMWF IFS HRES","resolution_km":9.0,"source":"Open-Meteo ECMWF API","forecast_run":"2026-10-01T15:00:00+07:00","precision_note":"Approximate model-grid context; not street-level rainfall."},"geometry":{"type":"Polygon","coordinates":[[[100.40792087013118,13.733818984956939],[100.40792087013118,13.65381898495694],[100.33930825898153,13.65381898495694],[100.33935400448918,13.653981418229398],[100.33937909863678,13.654128183465257],[100.33938622922443,13.654163175139422],[100.33940404613836,13.654248959366535],[100.33942270230257,13.654381070176596],[100.33944421530654,13.654507514631602],[100.33946276947246,13.654621544996864],[100.33947342291968,13.654871218619988],[100.339480339376,13.654970621732666],[100.33946147336283,13.655108585099336],[100.33945720222741,13.655170758435302],[100.33945185214509,13.655246497656384],[100.33945454581973,13.655314283420093],[100.33945605849709,13.655377555538307],[100.33946105039561,13.655443068884535],[100.33946602954155,13.65550632228884],[100.33946874236604,13.655577497962211],[100.33946802700112,13.655655472171892],[100.3394660540913,13.655715373089333],[100.33946180209739,13.65578093633511],[100.33946400097909,13.655863415735588],[100.33946672019611,13.65593572137725],[100.33947696285964,13.656010246412906],[100.33948370078728,13.656078010337827],[100.33949507344127,13.656148009250613],[100.33950760159493,13.656218001923694],[100.33952142559123,13.656312847708268],[100.33953050004904,13.656385119033738],[100.33955346593802,13.656461835378243],[100.33956606431381,13.656544258622787],[100.33957565820644,13.656606357094695],[100.3395887641673,13.656676346637397],[100.33960536213765,13.656750837343472],[100.33963063270487,13.656826411224893],[100.33964599226803,13.65688621854893],[100.33966892635645,13.65695728501987],[100.33968391236323,13.65705325451107],[100.33970625597505,13.65712206415408],[100.33971756496798,13.6571807633368],[100.33974707129161,13.65729021537144],[100.33977370804303,13.657403072005946],[100.33978742378154,13.657478708255823],[100.33980169175527,13.657549821502506],[100.33981831540358,13.657628832058517],[100.33985352913832,13.65772582228901],[100.33989679310547,13.65781598900498],[100.33992897776204,13.657888136379553],[100.33997676805724,13.65796132855889],[100.34005574410745,13.658032092265737],[100.34011954551616,13.658075817805646],[100.34018275643122,13.65811728650782],[100.34026626522301,13.658172205587347],[100.34032894312494,13.658221587158346],[100.34039626220772,13.65827433364779],[100.34044616580795,13.658312484160293],[100.34051985297192,13.658367457115332],[100.34058940651565,13.658406631418224],[100.34066542389478,13.658464980840805],[100.3407286997866,13.658517749076852],[100.34077694048499,13.658568338546877],[100.34081765766761,13.658616708660967],[100.34086370874869,13.65868878002486],[100.34090693497198,13.658772166688376],[100.34093336810884,13.658848864090865],[100.34094875918974,13.65891432203955],[100.34096767519775,13.658989930065003],[100.34097902934313,13.659056538931853],[100.3409845868118,13.659119789120382],[100.34098900155543,13.659185305493772],[100.3409993982337,13.659286949660233],[100.34099078656938,13.659398866618835],[100.34099998304589,13.65949260724239],[100.34101722975274,13.659579524320138],[100.34103629278533,13.65968112253229],[100.34105342453881,13.659747700152817],[100.34107348979103,13.659822171939595],[100.34108481847454,13.659884260912978],[100.3410974815509,13.659977982782538],[100.34113040438059,13.660078375136553],[100.34114085230514,13.660189059036133],[100.34116380002072,13.660262385218644],[100.34121990981257,13.660376213132498],[100.34125788560533,13.660450588045476],[100.34128719509006,13.660525009813183],[100.34132475931196,13.660628767036751],[100.34134434923254,13.660721321414488],[100.34135343731761,13.660795852520199],[100.34135578403816,13.660904320195547],[100.3413523458887,13.661011690054172],[100.34133678854333,13.661121384555381],[100.34132569349259,13.66120280482953],[100.34131138749783,13.66132944261936],[100.34129617784009,13.661398455102153],[100.34126471427511,13.66145399543615],[100.34125320118613,13.661563668064021],[100.3412370468544,13.66166997577846],[100.34121322829306,13.66174920484669],[100.34118433130028,13.661849932351585],[100.34116003079534,13.661946114079864],[100.34113390661685,13.662026485614886],[100.34111749024561,13.662086464586187],[100.34109361410914,13.66215552392455],[100.34105323211242,13.662268742660661],[100.34102480414502,13.662350256649285],[100.34098826834901,13.662428424463265],[100.34095799206067,13.662489608371645],[100.34092215537436,13.662589242471832],[100.34086467679165,13.66274436376686],[100.3408225731825,13.662859852698302],[100.34079167791316,13.663015960263918],[100.34075574246339,13.66320034517264],[100.34074192446809,13.663311160254914],[100.34071825255614,13.663416378590162],[100.34070139240588,13.663500090025178],[100.3406642629914,13.663677701358036],[100.3406414974184,13.663738845542914],[100.34061933514579,13.663804505576453],[100.3405869127227,13.663895081159188],[100.340543012572,13.663999278831623],[100.3405025917485,13.664105717698673],[100.3404770522496,13.664187216034472],[100.34044676925492,13.66424726993544],[100.34042128082463,13.664337808022744],[100.34039346215495,13.66442496869243],[100.34037315441911,13.664512088761848],[100.34035271892802,13.664576609442735],[100.34033823993019,13.664672738940268],[100.3403212828658,13.664739500826032],[100.34030720916206,13.664805117122416],[100.34028296558829,13.66491146852756],[100.34026435915192,13.664992929376789],[100.34024449498146,13.665056316960639],[100.34021463336263,13.665190948824808],[100.34019528649428,13.665345863927078],[100.34018818426864,13.665418222563282],[100.34018291753328,13.665508651341106],[100.34019448272272,13.665612550094485],[100.34020599043845,13.665706278217426],[100.34021403794183,13.665801155044964],[100.34022028735251,13.665884741551453],[100.34022088774819,13.665990958667603],[100.34022386948669,13.666109592953287],[100.34021864748618,13.666207931512215],[100.34022027568844,13.666291542993898],[100.34021842450456,13.666372914178483],[100.34021590612295,13.666438468011838],[100.34020488087066,13.66653231792228],[100.34019273839613,13.666632953894007],[100.3401546984183,13.666751809908014],[100.34009464561437,13.666860614864003],[100.33998223176414,13.667008122934554],[100.33984498088962,13.667156895190963],[100.33957711506943,13.667504124739763],[100.33943729308545,13.667709410904559],[100.33941310001538,13.667824802019826],[100.33938525513544,13.668111973472165],[100.33937117786485,13.668279290117365],[100.33932461974736,13.66852701342731],[100.33929740363105,13.668618690784248],[100.33920500409111,13.668831630703135],[100.33908715979068,13.66914301839654],[100.33899002493617,13.66943847504002],[100.33894168614155,13.66957546662736],[100.33889969009606,13.669710163942176],[100.3388229950348,13.670043929379661],[100.33878665203724,13.670258827343822],[100.33877220325236,13.670360605746355],[100.33873055432669,13.670863682490701],[100.33867128976223,13.671521665817968],[100.33865488811367,13.671686734986078],[100.3386046904545,13.67210849849035],[100.33857924843863,13.67230977660711],[100.33855838400191,13.672503119971429],[100.33847222095233,13.673513809750851],[100.33841301686186,13.673875731655874],[100.33840437856992,13.673983128680053],[100.33838385862477,13.67423749037964],[100.33838359021722,13.674394563272754],[100.3383807136968,13.674601369515942],[100.33838916019447,13.674664604112943],[100.338309295768,13.675051496765073],[100.33826288696228,13.675223507990312],[100.33821756348601,13.67538308421067],[100.33819549547408,13.675465693670244],[100.33813763277999,13.67565584679923],[100.33803610857902,13.675993136198842],[100.33797211328131,13.676222873460185],[100.3379149876034,13.676441272675135],[100.33781705816757,13.676801142688188],[100.33779315351983,13.676865681980768],[100.33774428615678,13.677011716332832],[100.33768702615612,13.677206387063574],[100.33766488127964,13.677275436862947],[100.3375684146569,13.677280477680199],[100.33750995505405,13.677262713208364],[100.33742893584426,13.67724054957972],[100.33736354269254,13.67722282249867],[100.33729355906527,13.677210770196758],[100.33721657809399,13.677187455598963],[100.3371523523936,13.677171982166827],[100.33708521312838,13.677152004423913],[100.3369937681331,13.677125377796429],[100.33690812663266,13.67710323983563],[100.33682191372503,13.677082234931088],[100.33676114939995,13.6770656127125],[100.33669864531551,13.677047869859884],[100.33661703568907,13.677023450032804],[100.33653834693636,13.677004664443269],[100.33645730875382,13.67697911056975],[100.33624837992053,13.676919217195689],[100.33609389485969,13.677087290983543],[100.33606880954349,13.67714731649969],[100.33604265146646,13.677222037858611],[100.33600916044347,13.677328439790072],[100.33598869109612,13.677387310405607],[100.33596711075113,13.677454097043],[100.33594725741793,13.677519744362364],[100.33591822939619,13.677597871201858],[100.33587472453041,13.677670426073917],[100.33582602489741,13.677744138953617],[100.33578997402006,13.677806483582811],[100.33574123702991,13.67787341662319],[100.33569369384034,13.677947123247987],[100.33565129347708,13.678010632098122],[100.33560831529233,13.678074144057657],[100.33556941990997,13.678144414030049],[100.33553164825211,13.678209027916688],[100.33548697482539,13.678279329027022],[100.33545552070713,13.67833712882156],[100.3354228781972,13.678389284995243],[100.33533638198172,13.678523092690366],[100.33521328036929,13.678620936594367],[100.33517720373341,13.67867876127508],[100.33514115255745,13.678741105833923],[100.33510858091118,13.678805691646678],[100.33506735495989,13.678872584104786],[100.33503645936476,13.678926990834558],[100.33499807143555,13.678984827951043],[100.33495975261695,13.679055094744227],[100.33492886971268,13.679111761405387],[100.33488820236074,13.679175260816274],[100.33484234749962,13.679241048183709],[100.3348011086692,13.6793056806678],[100.33476679708613,13.679369145817605],[100.33472099946432,13.679445102903843],[100.33467744935498,13.679509747825147],[100.33464602036344,13.679572067426983],[100.33461337844528,13.67962422351583],[100.33458363190468,13.679677494911852],[100.33454295071398,13.679738734344179],[100.33447367307939,13.67985210805275],[100.33443016103226,13.679923532765905],[100.33439002666141,13.679979119208163],[100.33404033629301,13.68067821582556],[100.33400424635948,13.680733780439239],[100.33396988346527,13.680788205743072],[100.33393382532721,13.680849421107402],[100.33389774807353,13.680907245651255],[100.33385939775931,13.680971862462437],[100.33381928854736,13.681031968719767],[100.3337906972822,13.681085232920406],[100.33374719026573,13.681157787522116],[100.33371400196306,13.681215596489986],[100.33367515647049,13.681294906013811],[100.33363979052965,13.68137645680916],[100.3336136440484,13.681453437941546],[100.33359383435736,13.681526994938823],[100.33358782843497,13.681589177562737],[100.33358994365135,13.681656966487678],[100.33358797602807,13.681717997363386],[100.33357798907156,13.681791501473272],[100.33358474586251,13.681862656326036],[100.33358640418118,13.681951917808238],[100.33359714837673,13.68201288023939],[100.33360910547043,13.682084006185256],[100.33362160856551,13.682149479163822],[100.33362774846829,13.682213856398114],[100.33363620690588,13.682279351152618],[100.33365284379128,13.682360621940392],[100.33366646435817,13.682419308865091],[100.33368242163279,13.682482503226007],[100.33370415066878,13.682544537403537],[100.3337275876888,13.682602041456057],[100.33375167254154,13.682671972072216],[100.33376415026382,13.682732925150994],[100.33377550419381,13.682799534305463],[100.33379269353264,13.6828762820781],[100.33380576818757,13.682940621952348],[100.33382285571142,13.682999290188517],[100.33383887673126,13.683073784236267],[100.3338496656253,13.683142656435447],[100.33386966133794,13.683204699017521],[100.33387930736065,13.683275838282663],[100.33389527750126,13.683341292556483],[100.33390720932623,13.68340789858361],[100.33389952097096,13.68347913030435],[100.33389355332235,13.683548092747248],[100.33388411879048,13.683617073862608],[100.33387926220645,13.683678120286396],[100.33386401770194,13.683741482669097],[100.33384250635197,13.683820698873005],[100.33382551565826,13.683881810649266],[100.3337999459304,13.683958788698911],[100.33379047317425,13.684020989988555],[100.33377296193476,13.684092275514649],[100.33376524170998,13.684157857379864],[100.33374717173183,13.68423253502494],[100.3337215392243,13.684298213358598],[100.33369588760904,13.684360501778565],[100.33366966453087,13.684423923279265],[100.33363372677253,13.684506607179115],[100.3336093007595,13.68458131904734],[100.33359349742385,13.684648074444567],[100.33357243645244,13.684704688109704],[100.33354973112563,13.684777130698214],[100.33352023744311,13.684875599955085],[100.33350280244903,13.684960444214939],[100.33348887253953,13.685052050533315],[100.33346169100199,13.685150507335438],[100.33339693987494,13.685349736880692],[100.33332147738201,13.68559648429994],[100.33330446737543,13.685654206143685],[100.33326757004873,13.68577192533136],[100.33324710583227,13.685831925781143],[100.33322840051872,13.68589643677962],[100.33320911101868,13.685959821821577],[100.33319500279127,13.686019788047183],[100.33317627836313,13.686080909131181],[100.33315987156978,13.686143147741197],[100.33314402986285,13.686203123298148],[100.3331264737781,13.686266498099592],[100.33310889223287,13.686325353017304],[100.33309303777871,13.686383068630912],[100.33307720877029,13.686445304126993],[100.33305962720343,13.686504159042714],[100.33304437600196,13.686566391426807],[100.33302565786697,13.68662864247506],[100.33299940803344,13.686687544054715],[100.33296625070558,13.686751002838713],[100.33294518943997,13.686807616471944],[100.33292702363676,13.686865344521877],[100.33290077468665,13.68692424699363],[100.33286293746673,13.68697756091522],[100.33283957123399,13.687035316955305],[100.33281677008907,13.687090809941926],[100.33279977896967,13.687151921677751],[100.3327845340349,13.687215284023546],[100.33277331476715,13.687275234684073],[100.33273582100874,13.687389567017608],[100.33272116659414,13.687455186192668],[100.33270071392907,13.687517446561944],[100.33267965890876,13.687575190152048],[100.33266612831082,13.687635153250765],[100.33264102850708,13.687692918609947],[100.33262171965521,13.687752912808401],[100.33261281162964,13.687812851024823],[100.33260392269052,13.68787618005758],[100.33259850068994,13.687939489525771],[100.33259074830512,13.687999421521532],[100.33257026468878,13.688056032025582],[100.332557915142,13.688120508784465],[100.33254150173057,13.688181617400444],[100.33252396446804,13.688248382090011],[100.33250870033146,13.688308354513996],[100.33248997559645,13.688369475567818],[100.33247472416843,13.688431707932356],[100.3324675677324,13.68849502673392],[100.33246739702004,13.688567347978413],[100.33245451413315,13.68863973764041],[100.33245022866355,13.688699650974458],[100.33244191749621,13.688762976894095],[100.33243654634343,13.688835326126863],[100.33242937173627,13.688895255009875],[100.33242106691745,13.688959709995839],[100.33241391138893,13.68902302879102],[100.33240388580498,13.689089753047895],[100.33239961304746,13.689151926322522],[100.33238789214114,13.689225439733566],[100.33238477503595,13.689287606788122],[100.33236547874778,13.689349860918533],[100.33235312911034,13.689414337671911],[100.33234726279969,13.689501379633382],[100.33233673569315,13.689581666648262],[100.33233023974164,13.689659672861405],[100.33231326109421,13.68972304452145],[100.33229403473234,13.68979772832812],[100.33228803482402,13.689861040901334],[100.33228028870406,13.689922102862074],[100.33226352630098,13.69002389352797],[100.33224951945861,13.690101939257538],[100.33223660466102,13.690168679059132],[100.33222204541866,13.690251247780827],[100.33220967663553,13.69031233461792],[100.33219501560765,13.690376823805805],[100.33218617740519,13.690449191692307],[100.33216451879416,13.690502419390974],[100.3321585951789,13.69057929161206],[100.33214111493811,13.690656226025306],[100.33213692388576,13.690733088922086],[100.33212398359596,13.690795308837322],[100.33210243943061,13.690868875103861],[100.33209890345162,13.690959294535283],[100.3320890749249,13.69106104787962],[100.3320877167021,13.691127725485245],[100.33208007228896,13.69120686697477],[100.33208512111189,13.691282550140457],[100.3320762510699,13.69134926907414],[100.33206541952231,13.691478147934564],[100.3320630137664,13.691564041260948],[100.33206950450396,13.691690566889163],[100.33208112579162,13.691804634849786],[100.33209262623684,13.691897233364166],[100.3321094162603,13.692005623477943],[100.33212023619512,13.692080145571476],[100.33213004770865,13.692180664107893],[100.33213678557372,13.692248428138903],[100.3321441076412,13.692317319029694],[100.33214453385854,13.692393027063511],[100.3321391371918,13.69246085640245],[100.33212860361644,13.692540013437652],[100.33213709409371,13.69261115804771],[100.33213637736914,13.6926891322413],[100.33211939852852,13.69275250389755],[100.3320931234051,13.692806885547853],[100.33202484430969,13.692893133395653],[100.3319928353098,13.69295545593118],[100.33196146774536,13.693029075964843],[100.33194276169029,13.693093586913646],[100.3319189177734,13.693169425560313],[100.33189787490593,13.693229429062972],[100.3318814865339,13.693295057541325],[100.33185997394055,13.69337427365343],[100.3318487479308,13.693433094320408],[100.33183235953611,13.69349872279699],[100.33181941908278,13.6935609427039],[100.33181400324597,13.693625382128394],[100.33180686025227,13.693690960851914],[100.331796840783,13.693758815064111],[100.33178335427561,13.693826687932951],[100.33177795115569,13.693893388202106],[100.3317703129973,13.693973659653167],[100.3317580266779,13.69404943609705],[100.3317521474738,13.694134218101873],[100.33173922513681,13.69419982792357],[100.33172690700054,13.694269954513182],[100.33172090057946,13.694332137103954],[100.3317068807149,13.69440792287468],[100.33169462616723,13.694489349170073],[100.3316840224522,13.694556076518236],[100.33167924166521,13.694630682566721],[100.33166527902124,13.694716638072084],[100.33165645334506,13.694791266789881],[100.33164871974071,13.69485458867813],[100.33163927804974,13.69492243977697],[100.33163040147653,13.694988027824902],[100.3316243950296,13.695050210413804],[100.33161106107944,13.69514520257312],[100.33160042552755,13.69520628006587],[100.33158468386658,13.695284335107099],[100.33157752172185,13.695346523913896],[100.33156352086192,13.695425699592063],[100.33155294889328,13.695498076790102],[100.33154419949227,13.695586264248876],[100.33153413540236,13.695646209564059],[100.33152642719924,13.6957140513323],[100.33151813478955,13.695780766239007],[100.3315098805376,13.695854260969284],[100.33149932762595,13.695930028077719],[100.33149121964962,13.696029512131812],[100.33148120005346,13.696097366336058],[100.33147754946654,13.696167446279249],[100.33147095877361,13.69622850200375],[100.33146563825106,13.696309890980462],[100.3314636703171,13.696370921830269],[100.33145709234017,13.696434237495465],[100.33144414441968,13.69649532833042],[100.33143188974067,13.696576754617563],[100.33142124139249,13.69663557216464],[100.33140429397318,13.69670459364848],[100.33140177998366,13.696771277459863],[100.33139183667066,13.696852691308843],[100.33138126462661,13.696925068502043],[100.33136722549693,13.696997464350263],[100.3313560501561,13.697065324769714],[100.33134543357804,13.697129792167933],[100.33133775075218,13.697202153814073],[100.3313329190018,13.697267720090565],[100.33131949585903,13.697346893555576],[100.33130381219203,13.69743511831749],[100.33129212893445,13.697515411520792],[100.33127286276034,13.697583315471087],[100.33125474683867,13.697650083226792],[100.33122920791128,13.697732710987717],[100.33120940929987,13.69780852783338],[100.33118493064947,13.69787419981474],[100.33114272944218,13.697973867289175],[100.33110207097452,13.69803962631393],[100.3310603330947,13.698118951198754],[100.3310358225827,13.698178973317287],[100.33101197257501,13.698253681943896],[100.33098346160494,13.698321636518177],[100.33094517074456,13.69839755283119],[100.33091201149749,13.69846101148154],[100.33088055399399,13.698518810950128],[100.33085086182004,13.698582250944211],[100.33082634485788,13.69864114307833],[100.33080125639162,13.698701168289823],[100.33075630551951,13.698825710616964],[100.33061752144397,13.699116868351796],[100.33045604792115,13.699483859290673],[100.33040863913469,13.69958242467948],[100.3303521060095,13.699805339677436],[100.3303640577921,13.699978166165963],[100.33038334977876,13.700223274395805],[100.33037945224254,13.700454946366232],[100.3303732884294,13.700797371000872],[100.33036882643633,13.701134137354996],[100.33033615921111,13.701901587234204],[100.33030188581789,13.702588814478926],[100.33032077223797,13.702761604530137],[100.33032892564945,13.702875691154658],[100.33032394247688,13.703119798976733],[100.33029637181022,13.703354988248881],[100.33030044935687,13.703463447671789],[100.3303731209481,13.70354102710296],[100.33046302674371,13.703600433724953],[100.33069402027333,13.703674901308812],[100.33089963338894,13.703757415274136],[100.33105091380779,13.703837962369015],[100.33124340080585,13.703949926778536],[100.33150444505709,13.704127062172955],[100.33158728967234,13.70416390627395],[100.33166817292879,13.7042629120333],[100.33178094842512,13.704483785549257],[100.33190806255966,13.704685371702576],[100.33196240887614,13.704792429376464],[100.3322095460708,13.705270220696828],[100.33265032474043,13.70596166886945],[100.33292106815387,13.706423511942388],[100.33307973558408,13.706788778579886],[100.33320218036089,13.707084179269168],[100.33331073962248,13.707479095918222],[100.33338839153832,13.707824458117582],[100.3334502339304,13.708030916062844],[100.33346854327648,13.708100877503558],[100.33342581753,13.708619779299436],[100.33339724941752,13.708984925232057],[100.33338005528148,13.709420069092591],[100.33333997242896,13.709997717657902],[100.33362886291846,13.710089949623576],[100.33359940873767,13.710298029021953],[100.33352468225547,13.710471323453122],[100.33346500604785,13.71064905579344],[100.33329048835239,13.711060188126687],[100.3326360272928,13.71234288145966],[100.33324966525504,13.712633373952137],[100.33421580461606,13.713022532441736],[100.33484193200565,13.713170572974931],[100.33523148237762,13.71164409449492],[100.33723069147825,13.711893189499646],[100.33845768937931,13.71262783082261],[100.33825133102661,13.713129538447058],[100.33800574391817,13.714051819465228],[100.33809584850053,13.714757582892226],[100.33854360644315,13.715348409232645],[100.3386693753717,13.71571836896225],[100.33891330029468,13.716848178446595],[100.33876373588794,13.717174429721476],[100.33849810806423,13.717721658789593],[100.33816956303168,13.717568628286301],[100.33786724794373,13.718169165521493],[100.3379838415124,13.718245375100647],[100.33757389976815,13.718924464902887],[100.33733853887448,13.719306549128653],[100.33706525333487,13.719727259355803],[100.33686533150617,13.720040221408937],[100.33648443470102,13.720644572629604],[100.33626466752621,13.721025442619155],[100.33612439817364,13.721258981486255],[100.33622686280896,13.722004228621264],[100.33624910320277,13.722360058512486],[100.33634976976487,13.722583254938806],[100.33641342478039,13.722802130650331],[100.33644887112293,13.723040368969691],[100.33642014178288,13.72337613545889],[100.33631909560047,13.724004963337029],[100.33634106246383,13.724312204599771],[100.33636256242707,13.724536958346995],[100.33644115861911,13.724842764055127],[100.33647738814271,13.725117158075657],[100.33649940663871,13.725433438994202],[100.33644455093649,13.725952406873597],[100.33717473377955,13.726098745132186],[100.33680574254451,13.726969713777],[100.33664215529036,13.72747457933019],[100.33647164366127,13.727777212285224],[100.33651781777496,13.727868492366166],[100.33654876758538,13.727924825746218],[100.33650906824208,13.728058380633595],[100.33622307120446,13.728787648569915],[100.33610855837038,13.729079809203771],[100.3365048322365,13.729249424434846],[100.33654334007461,13.729313625976435],[100.33655363202497,13.729396060254183],[100.33588102980592,13.73054100143972],[100.33506412171457,13.731821191766638],[100.33509907654658,13.731972423658782],[100.33514800411318,13.732141659065771],[100.33515419034767,13.732315645639364],[100.33512318426217,13.732453673369978],[100.334875327353,13.732979334877477],[100.33443684022393,13.733521845996744],[100.33428939121632,13.733818984956939],[100.40792087013118,13.733818984956939]]]}},{"type":"Feature","properties":{"valid_date":"2026-10-01","precip_mm":1.4,"probability_pct":65,"rain_class":"light","model":"ECMWF IFS HRES","resolution_km":9.0,"source":"Open-Meteo ECMWF API","forecast_run":"2026-10-01T15:00:00+07:00","precision_note":"Approximate model-grid context; not street-level rainfall."},"geometry":{"type":"Polygon","coordinates":[[[100.40792087013116,13.733818984956939],[100.48792087013118,13.733818984956939],[100.48792087013118,13.65381898495694],[100.40792087013116,13.65381898495694],[100.40792087013116,13.733818984956939]],[[100.44563865786894,13.68146571220543],[100.4468325487085,13.682531071823364],[100.44689221009904,13.682460665971059],[100.44692598262749,13.682408491565907],[100.44689221102901,13.682460666869591],[100.44683254871403,13.682531072727295],[100.44563865786894,13.68146571220543]],[[100.44722477477225,13.681663233475689],[100.44727015107593,13.68161890002814],[100.4472247756967,13.681663233470285],[100.4472073153432,13.681689889232917],[100.44722477477225,13.681663233475689]],[[100.44785095729497,13.681543188351773],[100.44790717378868,13.681571108635925],[100.44785095637052,13.681543188357178],[100.44778557737241,13.681528881092753],[100.44785095729497,13.681543188351773]],[[100.44820926673815,13.681649569364808],[100.4482700580959,13.681669554021564],[100.44820926674369,13.681649570268737],[100.44815020873668,13.681629575461507],[100.44820926673815,13.681649569364808]],[[100.4484949445825,13.67904391146549],[100.4484893498735,13.679073888919792],[100.44848934972894,13.679073888760694],[100.4484949445825,13.67904391146549]],[[100.44860382655278,13.678896946202174],[100.4485338399068,13.678884925924477],[100.44860382652641,13.678896946033463],[100.44860382655278,13.678896946202174]],[[100.44876663402206,13.678119713330691],[100.44884009354722,13.677849224208058],[100.4487666340276,13.678119714234624],[100.44871016293405,13.678333606191158],[100.44876663402206,13.678119713330691]],[[100.44889125988693,13.675634207987544],[100.44889125988472,13.675634208347414],[100.44889024678801,13.675563026660766],[100.44889125988693,13.675634207987544]],[[100.45175602183711,13.6747066970107],[100.45177816088088,13.674642159861614],[100.45175602276707,13.674706697909219],[100.45169245470017,13.674893512927396],[100.45175602183711,13.6747066970107]],[[100.4532958677947,13.66953264342823],[100.45331514503144,13.66947264279895],[100.45329586871911,13.66953264342281],[100.4532773978419,13.669629927835844],[100.4532958677947,13.66953264342823]],[[100.45343246246277,13.669006412643958],[100.45345554738641,13.668907971217399],[100.4534324624683,13.669006413547887],[100.4534042332162,13.669113924774148],[100.45343246246277,13.669006412643958]],[[100.45347308345008,13.66884685083547],[100.45347308327533,13.668846851444535],[100.45341939023643,13.668759029162581],[100.45347308345008,13.66884685083547]],[[100.45316512888182,13.668186502594923],[100.45313414813758,13.668127925624919],[100.45316512887628,13.668186501690977],[100.45320790700782,13.668284557927171],[100.45316512888182,13.668186502594923]],[[100.45254217382713,13.666280526002915],[100.45220872260225,13.665229358756765],[100.45254217382158,13.666280525098987],[100.45262459462447,13.666530893245003],[100.45254217382713,13.666280526002915]],[[100.45213822774656,13.664945022751631],[100.45211015028347,13.664888688484895],[100.45213822774103,13.664945021847702],[100.45215427649909,13.665018375892089],[100.45213822774656,13.664945022751631]],[[100.4516326147073,13.66370615970711],[100.45160791403386,13.663635116156044],[100.45163261470175,13.663706158803175],[100.45165909010278,13.663783971697692],[100.4516326147073,13.66370615970711]],[[100.45078358172272,13.661861385728926],[100.45076127634158,13.661803888414566],[100.45078358264709,13.661861385723515],[100.45082738946788,13.66193909737959],[100.45078358172272,13.661861385728926]],[[100.44998163830743,13.659305589886173],[100.44991589498075,13.659325183446716],[100.44998163830192,13.65930558898224],[100.45004390835507,13.659284885751514],[100.45011022248066,13.659264159768918],[100.4500439083606,13.659284886655447],[100.44998163830743,13.659305589886173]],[[100.45127608922844,13.65888219587369],[100.45134009312467,13.658861482193872],[100.45127609015282,13.658882195868285],[100.45118214134351,13.65891890410891],[100.45127608922844,13.65888219587369]],[[100.45276187025766,13.658380838098845],[100.4528281630661,13.658356721690145],[100.45276187026319,13.658380839002772],[100.45269845222111,13.65840267955209],[100.45276187025766,13.658380838098845]],[[100.45295843773097,13.658308499646578],[100.45311984014606,13.658248797454815],[100.45295843773651,13.658308500550511],[100.45289445585394,13.658332604361092],[100.45295843773097,13.658308499646578]],[[100.45456957099748,13.657711482144462],[100.45463820983296,13.657693000402476],[100.45456957192184,13.657711482139039],[100.454463561333,13.657759561810622],[100.45456957099748,13.657711482144462]],[[100.4552388916332,13.657477046008372],[100.45530748874472,13.65745178460651],[100.45523889255756,13.657477046002949],[100.45517088701065,13.657504563827459],[100.4552388916332,13.657477046008372]],[[100.45606381448074,13.657179547479139],[100.45613182582522,13.657153160252088],[100.45606381448628,13.657179548383073],[100.45599522541148,13.657205939887383],[100.45606381448074,13.657179547479139]],[[100.45717156955973,13.656652135503142],[100.45714751628083,13.656592389197941],[100.45717157048408,13.656652135497712],[100.4571922139127,13.65672094146079],[100.45717156955973,13.656652135503142]],[[100.45735741836663,13.656434091771914],[100.4574248446676,13.656406577704603],[100.45735741837218,13.656434092675843],[100.45729059059649,13.656464993977306],[100.45735741836663,13.656434091771914]],[[100.4583835256627,13.656065348046015],[100.45845631876234,13.656064920158343],[100.45838352658704,13.656065348040583],[100.45834713810657,13.656066691845158],[100.4583835256627,13.656065348046015]],[[100.45909668671807,13.655915391072263],[100.45920738658334,13.655878581533885],[100.45909668764241,13.655915391066829],[100.45902337247807,13.655924861836146],[100.45909668671807,13.655915391072263]],[[100.45925799618573,13.6558409954195],[100.45925799615763,13.655840995440368],[100.4592552405894,13.65576869460835],[100.45925799618573,13.6558409954195]],[[100.45984306378251,13.655623992553423],[100.45991461692745,13.655610013012469],[100.45984306378807,13.65562399345737],[100.45980422974233,13.655629047723771],[100.45984306378251,13.655623992553423]],[[100.46221820610009,13.65441677801001],[100.46227803131629,13.654374617234955],[100.46221820702442,13.654416778004562],[100.4621577971133,13.6544578122602],[100.46221820610009,13.65441677801001]],[[100.46276482423066,13.65405536152827],[100.4628352500115,13.654045906752987],[100.462764825155,13.654055361522822],[100.46270266837953,13.654094146288244],[100.46276482423066,13.65405536152827]],[[100.46575709949748,13.656707782046661],[100.46581055646512,13.65675718493881],[100.46575709950307,13.656707782950587],[100.465730374494,13.656683646428283],[100.46575709949748,13.656707782046661]],[[100.46632837254634,13.65715751812864],[100.46638640863026,13.657200113204805],[100.466328371622,13.657157518134103],[100.46626974992907,13.65711379564921],[100.46632837254634,13.65715751812864]],[[100.46693915993967,13.657550519726463],[100.46699889536916,13.657587455745158],[100.46693915994526,13.657550520630389],[100.46687709969298,13.657511338442031],[100.46693915993967,13.657550519726463]],[[100.46774872167734,13.6580417810008],[100.46768666817144,13.65800372985496],[100.46774872260168,13.658041780995331],[100.46780962768113,13.658080968868008],[100.46787282967021,13.658117883234066],[100.46780962675679,13.658080968873476],[100.46774872167734,13.6580417810008]],[[100.4681848168428,13.65830586844898],[100.46824744123076,13.658342787030094],[100.46818481684839,13.658305869352903],[100.46812219247887,13.658268950753905],[100.4681848168428,13.65830586844898]],[[100.46986613844786,13.658881227080087],[100.4699338436654,13.65889890596646],[100.46986613845347,13.658881227984017],[100.46983633333404,13.658872929508505],[100.46986613844786,13.658881227080087]],[[100.42837753733158,13.666064959934891],[100.42595467438167,13.663904844108112],[100.42485217046712,13.662921327548936],[100.42595467530606,13.663904844102797],[100.42837753733158,13.666064959934891]],[[100.47127289503266,13.654215238529893],[100.47128977090856,13.654141690937182],[100.47130818375142,13.654036496587485],[100.47132050100643,13.653973146460178],[100.47130818375703,13.654036497491413],[100.47128977091415,13.654141691841108],[100.47127289503266,13.654215238529893]],[[100.47115568038112,13.65487808310559],[100.47114345413236,13.654956122918925],[100.47113297501252,13.655036411365536],[100.47114345412676,13.654956122015003],[100.47115568038112,13.65487808310559]],[[100.4708846799353,13.656362183536023],[100.47088104221417,13.656427742092692],[100.47087331106387,13.656485414822196],[100.47088104128984,13.656427742098176],[100.4708846799353,13.656362183536023]],[[100.47096283253568,13.656574151265891],[100.47088989361922,13.656550854147708],[100.47096283274382,13.656574150430238],[100.47096283253568,13.656574151265891]],[[100.47070631759412,13.657412963629094],[100.4706899981048,13.657483117156705],[100.4706774106021,13.65753272891527],[100.47068999718046,13.657483117162185],[100.47070631759412,13.657412963629094]],[[100.47045721319651,13.658235913480548],[100.4704340100096,13.658314017439903],[100.47042501818872,13.658354748854702],[100.47043400908525,13.658314017445385],[100.47045721319651,13.658235913480548]]]}},{"type":"Feature","properties":{"valid_date":"2026-10-01","precip_mm":1.4,"probability_pct":65,"rain_class":"light","model":"ECMWF IFS HRES","resolution_km":9.0,"source":"Open-Meteo ECMWF API","forecast_run":"2026-10-01T15:00:00+07:00","precision_note":"Approximate model-grid context; not street-level rainfall."},"geometry":{"type":"Polygon","coordinates":[[[100.48792087013116,13.65381898495694],[100.48792087013116,13.733818984956939],[100.56792087013118,13.733818984956939],[100.56792087013118,13.704587290330428],[100.56676073181404,13.704998402310952],[100.56430533366236,13.705755160931167],[100.5612712926687,13.7063923918042],[100.559438216258,13.706627678429413],[100.55721620211506,13.706504962412351],[100.55541116570245,13.7059095632237],[100.5550169531342,13.705714308407252],[100.55489576698209,13.705650665902247],[100.55411723273595,13.705270261636242],[100.5529801125673,13.704399467021398],[100.55243458533093,13.703511395413598],[100.55196175312994,13.702429651069526],[100.55164591700182,13.701144667178836],[100.55149159330904,13.699640597436348],[100.55152216129264,13.698663035277512],[100.55152234714714,13.69631282459472],[100.55166267988619,13.695067914952284],[100.55204665574291,13.692648633642188],[100.55239202833899,13.690863472176213],[100.55253723274777,13.688071686772147],[100.55252830622409,13.687855930430487],[100.5524702077486,13.686397582320378],[100.55235415018306,13.684558818398008],[100.55204748933714,13.682024093429087],[100.55183368162808,13.680255994911777],[100.55136931358467,13.678692848477763],[100.55084618327145,13.677331191144026],[100.55009959164727,13.676077142496199],[100.54985014696962,13.675658375636408],[100.54963926258323,13.675304902946248],[100.5483807000569,13.673683437172889],[100.54644001397024,13.671913681355793],[100.54446985786797,13.67084802737857],[100.54279922502023,13.670084439437218],[100.54084391869092,13.6694322096282],[100.53870849150101,13.669422874359434],[100.53676301324307,13.669660925648992],[100.53673357109089,13.669664497930214],[100.53407160789843,13.670338597999423],[100.53109551214199,13.671756968433865],[100.53055290387098,13.672100425613909],[100.52870181773199,13.673273408215156],[100.52760410233306,13.674175074263585],[100.52499933927673,13.676388816327604],[100.52279309834779,13.678407999192585],[100.52152806486788,13.676835007126888],[100.52101449241522,13.676215571901935],[100.5208314789752,13.676057375224248],[100.52056837401578,13.675843174640935],[100.52037836200417,13.675674851202313],[100.52039166820359,13.67549737153534],[100.52043522655727,13.67535247402357],[100.52046379972744,13.67521331807936],[100.52054815551438,13.675123536469227],[100.52060640630685,13.675107360072927],[100.52082527036283,13.67509019792743],[100.52103447320032,13.675097953212356],[100.52122589558205,13.675126156098894],[100.52143111133016,13.675142974907889],[100.52160538003943,13.675109137948263],[100.5217898530711,13.67504472937373],[100.52185515718472,13.674957324223293],[100.5218798086422,13.674837400071961],[100.52190323927891,13.674707315014128],[100.5219508988567,13.674571431527545],[100.52200826680169,13.674507803479086],[100.5220399608831,13.67440478581226],[100.52203954426214,13.67424998891751],[100.52191327562154,13.673930995312412],[100.5220268746408,13.673716742150678],[100.52203404855291,13.673574327780758],[100.52190301894724,13.67341355350637],[100.52167511045175,13.673281621207863],[100.52164578080996,13.673212875978885],[100.52163183707387,13.67302087463236],[100.52164504714942,13.672828706556468],[100.52155016652009,13.672538897893046],[100.52159549615901,13.672219981189793],[100.52162231613313,13.672167840048932],[100.52158628333342,13.672044899622644],[100.52152169739526,13.671974110959347],[100.52144521838134,13.671940681856581],[100.5212631149421,13.671923720918178],[100.52111243897606,13.671852330623572],[100.52104112101134,13.671722827099467],[100.52106894907993,13.671557687452962],[100.52100636255143,13.671438298728717],[100.52093962553725,13.671392381401166],[100.5208279556193,13.671367078399486],[100.52070169638212,13.671319266381726],[100.52060424518456,13.671258848390131],[100.52048387812798,13.671138684964326],[100.52042932957198,13.671011337272489],[100.52043183407343,13.670951435933985],[100.52043527149242,13.670946895151399],[100.52044718647919,13.67091292433867],[100.52045747066295,13.670894782466386],[100.52050567423771,13.670843640178816],[100.52071132899079,13.670659330803971],[100.52072427614907,13.670606144942601],[100.52063578912033,13.670321946980035],[100.5206240169654,13.670288121480214],[100.52061557348449,13.670232807002058],[100.52063679015217,13.67020781851271],[100.52069422279915,13.670154359736177],[100.52092166717009,13.67003432223275],[100.52093991536583,13.6699969227734],[100.52097166661193,13.669902943358668],[100.52100104890616,13.669799939990822],[100.52100502777816,13.669789746260756],[100.52108279454426,13.669663847509247],[100.52109657800617,13.6695609398561],[100.52110573093402,13.669366536783945],[100.52110878167846,13.669211718491441],[100.52107595018707,13.669137344977345],[100.52097600272404,13.669137958254797],[100.52088302334725,13.669144177455959],[100.52075784923058,13.669085059445388],[100.52071876812818,13.668846885217318],[100.52064974909442,13.668805501421456],[100.52053457267725,13.668863834059923],[100.52049212502824,13.668911551242587],[100.52038054330113,13.668899806465086],[100.52038378297416,13.668774365002363],[100.5204604305889,13.668654122018305],[100.52051960221637,13.668511388629717],[100.5205033077494,13.668403015847828],[100.52040056410024,13.668327941085863],[100.52019803912174,13.668279466443742],[100.52000380620265,13.66826257867072],[100.51990081643457,13.6681490868498],[100.51975463475519,13.668057329235081],[100.51957443962901,13.66797707926247],[100.519449585075,13.667967675224038],[100.51932993571668,13.667868975159184],[100.51921920581088,13.667809766833832],[100.51903792704238,13.667740822323594],[100.51899835192911,13.66769586781276],[100.51887947607547,13.667627670733761],[100.51877880664073,13.66760568898354],[100.51870560168624,13.6676321257263],[100.51861746988027,13.667673342913734],[100.51853884819536,13.66766591503538],[100.51846905762878,13.667594027300847],[100.51841371753032,13.66752318005784],[100.5183503616528,13.667463682048854],[100.51828305578779,13.667418897240575],[100.51819853389935,13.66739229664692],[100.5180791674934,13.667337661254336],[100.51799850886674,13.66728278879339],[100.51792897086081,13.667250446725063],[100.51783194885392,13.667256690372492],[100.51774602663116,13.667282074765568],[100.51766364308584,13.667318736724607],[100.51762137494235,13.667304305535106],[100.51760591280848,13.667235474718902],[100.51765046920606,13.667156107169587],[100.5176853407102,13.667007873436479],[100.51767539545521,13.666898331525994],[100.51763799421259,13.666831894859827],[100.51758826459937,13.666554236630247],[100.51760853384603,13.666381233919246],[100.51763156874549,13.666189005540367],[100.51763640575103,13.666042085581903],[100.51768096829528,13.665873453869503],[100.5176515515591,13.665429572185937],[100.51764434234896,13.665205890996283],[100.51760383420394,13.66492478648447],[100.51759521818265,13.66484235462765],[100.51758881181239,13.664744090282905],[100.5175869838302,13.66463901836032],[100.51754487152928,13.6641070800616],[100.51752721378774,13.663965947373867],[100.51752610597735,13.663612287308181],[100.51752105470402,13.663184075339776],[100.51753733801151,13.662929742327364],[100.51756455505206,13.66284935102341],[100.51764593928537,13.662656765555624],[100.51762935107966,13.662592460379436],[100.51758106336545,13.661817625645575],[100.51757998678306,13.661739667327684],[100.5175707716031,13.661653849325905],[100.51756168656912,13.661588369197712],[100.51754681717857,13.661521794535622],[100.51753602793883,13.661460844537219],[100.51752636521444,13.661395367939843],[100.51751787238203,13.661332144035597],[100.51750705424614,13.661266674505313],[100.51750143553168,13.661201173161073],[100.51749350597247,13.661135685954847],[100.51748328002284,13.661072471746396],[100.51747245468697,13.661005872328998],[100.51746164381706,13.660941532674286],[100.51745083295486,13.660877193018168],[100.51744001487162,13.66081172347856],[100.51743093715955,13.66074737321627],[100.51742589620524,13.660681868329771],[100.51742085525568,13.660616363442541],[100.51741581431088,13.660550858554592],[100.51741077337081,13.660485353665912],[100.51740573243548,13.660419848776506],[100.51740069242346,13.660354342976817],[100.51739565872592,13.660289967968124],[100.51738820576887,13.660208658863064],[100.51738255823132,13.660138637975999],[100.51737288841429,13.660072031473701],[100.51736366621105,13.659985083556359],[100.51736094338037,13.65992069440689],[100.51735416935958,13.659855200113068],[100.51734739534447,13.659789705818334],[100.51734062133505,13.659724211522693],[100.51733384733134,13.659658717226145],[100.51732480585791,13.659600015454007],[100.51731338851452,13.659531159779771],[100.51730718501062,13.65946453206402],[100.51730445498923,13.659399013026825],[100.5173011472632,13.6593334975229],[100.51729841724892,13.659267978484639],[100.51729568723812,13.659202459445858],[100.51729295723081,13.65913694040656],[100.51729080493443,13.659071417833038],[100.51728634181194,13.659005909393748],[100.5172818796182,13.658940400948136],[100.5172774237257,13.658876021485954],[100.51727296061641,13.65881051304466],[100.51726965292495,13.658744997535562],[100.51726513923684,13.658671579916364],[100.51726179542007,13.65860041499411],[100.51725785222152,13.658525863957525],[100.5172538295355,13.65843888421377],[100.51725052186568,13.658373368701435],[100.51724835515793,13.658305586356885],[100.5172427366736,13.658240084976978],[100.51724059887896,13.658176822161032],[100.51723786892369,13.658111302209187],[100.51723456127267,13.65804578669404],[100.51723057475354,13.657964456357215],[100.51722606111862,13.657891038730048],[100.5172239233417,13.657827775911453],[100.51721995129012,13.657748705337287],[100.5172137199338,13.657677558066768],[100.51720924244879,13.657609789849051],[100.51720420171635,13.657544284928763],[100.51719916098867,13.657478780007748],[100.51719296485878,13.65741328215212],[100.51718553383962,13.657335361749869],[100.5171787094393,13.657261958247533],[100.51717309103014,13.657196456856159],[100.51716805032885,13.657130951931084],[100.51716416503756,13.657065439939483],[100.51716201285781,13.656999917348642],[100.51715986068123,13.656934394757329],[100.51715655310348,13.656868879231206],[100.51715613403954,13.65680334604046],[100.51715799688438,13.656733279187742],[100.51715991030652,13.656671121513027],[100.51716172257173,13.656593144577556],[100.51715821993156,13.656497122218337],[100.51715491959854,13.656432736571917],[100.51715102804268,13.6563660946867],[100.51714772049239,13.656300579156484],[100.5171380654639,13.656236232367343],[100.51713532839857,13.656169583420462],[100.51712845351359,13.656088270726222],[100.51712279183353,13.656015990027257],[100.51711713738385,13.655944839210097],[100.51684530674319,13.654542000096516],[100.51715485602209,13.65381898495694],[100.48792087013116,13.65381898495694]]]}},{"type":"Feature","properties":{"valid_date":"2026-10-01","precip_mm":1.4,"probability_pct":65,"rain_class":"light","model":"ECMWF IFS HRES","resolution_km":9.0,"source":"Open-Meteo ECMWF API","forecast_run":"2026-10-01T15:00:00+07:00","precision_note":"Approximate model-grid context; not street-level rainfall."},"geometry":{"type":"Polygon","coordinates":[[[100.62272214185295,13.65381898495694],[100.62254150901883,13.653881349376235],[100.61864394816511,13.655001654885659],[100.61909946830482,13.656399732851789],[100.61761765124261,13.656990155655627],[100.61650370047579,13.653916232229346],[100.61204507693382,13.655194885504544],[100.60715266088391,13.65666157486599],[100.60778131198329,13.658553448144117],[100.60537708645154,13.65926502731423],[100.60485042920068,13.658271875447356],[100.60308281624302,13.658895701831813],[100.6028679155241,13.658554735291824],[100.60182530412757,13.658919643102296],[100.60151028997585,13.658210977875989],[100.60058321147689,13.658403391829674],[100.6011199161489,13.659775002517785],[100.60145996519499,13.660597624903458],[100.60062398058518,13.660935207981181],[100.59999398512797,13.660378847367591],[100.59914333429744,13.660083782496116],[100.59902488957273,13.659824672057162],[100.59855916849695,13.65998359848552],[100.59818876611841,13.660141909930458],[100.5977731358888,13.660361525267938],[100.59737832385305,13.660498524985927],[100.5971667685238,13.660567680686334],[100.59664604218952,13.660708879784112],[100.5963886207554,13.66074443346876],[100.59621906130643,13.660787330661714],[100.59400241015753,13.6625133695199],[100.59320146886739,13.662996459828488],[100.59195056138103,13.663750220999836],[100.59146889372212,13.663945394210723],[100.58909535888581,13.664857749504451],[100.58744224921145,13.66551350629346],[100.58645635113133,13.665901720354306],[100.58567842802351,13.666202728860268],[100.58505552817756,13.666446248475859],[100.58498293351144,13.666476089815703],[100.58474147094847,13.666566894967893],[100.58464176834204,13.666603688852033],[100.58323060524056,13.667158443519272],[100.58197324622138,13.667646674551923],[100.58170661053119,13.667774924152123],[100.58145062599944,13.66785452005336],[100.58123425065538,13.667982448560455],[100.5811910277925,13.667998542788405],[100.57904993538757,13.668779388856025],[100.58047943106004,13.670884316872804],[100.58177156823305,13.672574308366954],[100.5828387334844,13.673881564220057],[100.58412778517507,13.675277787115958],[100.58554759667898,13.677044899423542],[100.58587688652607,13.677488490904615],[100.58587776991999,13.677489682031537],[100.58660694101201,13.678471952989078],[100.58744925082344,13.67984163632564],[100.58754996244394,13.680040982517939],[100.58821864390374,13.681364319396092],[100.58870626739296,13.682482045184345],[100.58873888354886,13.683037742016431],[100.5890959562496,13.684244435271005],[100.58920078759185,13.685573644818954],[100.58923792168959,13.68671572601879],[100.58908157055681,13.688126833872703],[100.58869001624291,13.689531542069249],[100.58818488421252,13.691231879142752],[100.58696445959782,13.693194419407908],[100.58560790647067,13.6947634940402],[100.58347923832501,13.69700075283485],[100.58116401668192,13.698910390712511],[100.58023437379042,13.699351339671336],[100.57741718417788,13.700685645855168],[100.57426054659187,13.702071799227927],[100.57300620628244,13.70260970128621],[100.57065019730165,13.70362011332922],[100.56792087013116,13.704587290330434],[100.56792087013116,13.733818984956939],[100.64792087013117,13.733818984956939],[100.64792087013117,13.65381898495694],[100.64077263390735,13.65381898495694],[100.63965448235878,13.653890896853385],[100.63959625668032,13.65381898495694],[100.62272214185295,13.65381898495694]]]}},{"type":"Feature","properties":{"valid_date":"2026-10-01","precip_mm":1.6,"probability_pct":61,"rain_class":"light","model":"ECMWF IFS HRES","resolution_km":9.0,"source":"Open-Meteo ECMWF API","forecast_run":"2026-10-01T15:00:00+07:00","precision_note":"Approximate model-grid context; not street-level rainfall."},"geometry":{"type":"Polygon","coordinates":[[[100.64792087013116,13.65381898495694],[100.64792087013116,13.733818984956939],[100.72792087013117,13.733818984956939],[100.72792087013117,13.718452905254692],[100.72605005993451,13.7183974226531],[100.72320513809201,13.718356269962198],[100.72250663463872,13.718367920063042],[100.72031792562524,13.718379779513523],[100.71996489251103,13.718382236695058],[100.71968059308959,13.71838082637523],[100.71912246753037,13.718388099357627],[100.71812004235031,13.7184018517676],[100.71772484620585,13.718406858616158],[100.71760573005994,13.718395258759987],[100.7165239078824,13.718376790938821],[100.71643974981552,13.71832540383021],[100.71630334090392,13.718319572591344],[100.71585565543927,13.71833736913302],[100.71509651341829,13.718353938730607],[100.71449673692305,13.718354711466205],[100.71395357512608,13.71835396105557],[100.71322638713185,13.718314940941681],[100.71306284626206,13.718312685525465],[100.71290361220628,13.718346554518376],[100.71212936420558,13.718351920596323],[100.71149948315349,13.718344985901835],[100.71069811088039,13.718355055605391],[100.71030520894854,13.71835777503931],[100.70988249780905,13.718393466021418],[100.7096907100196,13.718400442481872],[100.70971736970819,13.718172033128141],[100.70977207754709,13.71782705668196],[100.7098259611702,13.717448192059516],[100.70986353856384,13.717131579810207],[100.70993623353296,13.71663734274007],[100.71000068288478,13.716121695130397],[100.71018344823837,13.715347629236781],[100.71024550197731,13.714740482283345],[100.71029843669209,13.714470087499024],[100.71056798779007,13.712754273982148],[100.71069507945299,13.712191869882302],[100.71076062836485,13.711509000359085],[100.71080708391631,13.711221703000566],[100.71086608998213,13.710991939895807],[100.71086081020117,13.710821372710766],[100.71087863941548,13.7105704270184],[100.71088924293008,13.710359076153328],[100.71095747072906,13.709966554265646],[100.71097404104616,13.709781147194303],[100.71102259771602,13.709544677454433],[100.71110210254902,13.70911366341325],[100.71116074899065,13.70883418953153],[100.71120565367873,13.708651976709335],[100.71123718463667,13.708378340549627],[100.7112563185599,13.708227941240168],[100.71130074332537,13.707819765622663],[100.71133349008137,13.707634247474937],[100.71142381121872,13.707260779661294],[100.71149271277956,13.707041116450421],[100.71152669356778,13.706786669461572],[100.71151337804437,13.706304325915307],[100.7115254291403,13.706053420203238],[100.71160598492067,13.705687928757138],[100.71175940592522,13.704932142000471],[100.71193355202168,13.704166043303434],[100.71195127820096,13.703821323647485],[100.71201772850637,13.703582470325902],[100.71204473781853,13.703402641002464],[100.71209620804798,13.703010234136999],[100.71216052888636,13.702636946249074],[100.71219870865298,13.702403936859447],[100.71225455520303,13.701977605809981],[100.7123315995003,13.70152627092289],[100.71234204683182,13.701293454429164],[100.71229309816361,13.7012361721766],[100.71182972259189,13.701237120034168],[100.71152522037508,13.701235836958398],[100.71133745005959,13.70123713623571],[100.71108781906807,13.701233214203924],[100.71101071604078,13.70119759314314],[100.71097599899147,13.701110836643831],[100.71092914925981,13.700784639872445],[100.71080763910864,13.700201358937813],[100.71067124046402,13.699396734710074],[100.71058380219573,13.699050482446857],[100.71052723825463,13.69873904037174],[100.71047209817445,13.698384655882661],[100.71042810857901,13.698134138373737],[100.71040917942275,13.698073257669565],[100.7103816447017,13.697861040497425],[100.71034633207597,13.697691810526848],[100.71029960700288,13.69738255993373],[100.71026795479168,13.697160202735436],[100.71019654904916,13.69679350239704],[100.7100948467853,13.69639198585031],[100.71005674182267,13.696156115240505],[100.70997399347641,13.695818867751994],[100.70993741059941,13.695553611048807],[100.70989220373336,13.695374280837521],[100.7098682916799,13.695183504271519],[100.70993041814968,13.695145790628938],[100.71014785054744,13.695092315870635],[100.71020406068465,13.695035435986071],[100.71012861191001,13.69466876343254],[100.7100844562604,13.694235213815723],[100.71006045843103,13.693872704919102],[100.71002456601737,13.693543042302435],[100.70999365198402,13.693182840810282],[100.7099962691504,13.69306532061795],[100.70997056711889,13.69286664848932],[100.70995876142405,13.692592180951921],[100.70993005548502,13.692297494173252],[100.70990822830835,13.692155286643981],[100.70986493329362,13.691920580617834],[100.70985544076788,13.691726315759473],[100.70983959131166,13.691451877012874],[100.70981364483072,13.691219310749082],[100.70977332957318,13.69099701309146],[100.7097128727356,13.690705935021066],[100.70961411456359,13.690391394168106],[100.70953958223926,13.690151255502562],[100.70948165085716,13.689969752320186],[100.70943779552361,13.689737310521506],[100.70936342038631,13.689598855236447],[100.7092699959674,13.689382573282623],[100.70919422897191,13.689211361594664],[100.70912416593006,13.689029942931414],[100.70907248415541,13.688833709552364],[100.70899778171554,13.688569844445897],[100.7089111008039,13.688247311783952],[100.7087743146515,13.688026808626576],[100.7085655228034,13.687675743053061],[100.70849817947038,13.687550796779266],[100.70841571631446,13.687332178085642],[100.70837306842029,13.687186724408537],[100.70828098091027,13.68699528885888],[100.70813002921678,13.686733079232363],[100.70799899753689,13.686509147158217],[100.70790500536981,13.686293997210262],[100.70780337879157,13.68590151750513],[100.70771112026277,13.685686356373626],[100.70751626189937,13.685264013163655],[100.70729752239973,13.684814718454362],[100.70705877052366,13.683672974557734],[100.70685196512673,13.682314083346629],[100.70673113900317,13.6815816551079],[100.70668104723552,13.681204635953558],[100.70664420263685,13.680902095212364],[100.70661238691747,13.68065601043244],[100.70658225649218,13.680403135943687],[100.70655612032498,13.680143454934043],[100.70651403647494,13.679915518146577],[100.7064848983028,13.679720258151006],[100.70645044663107,13.679428999118821],[100.70642233469958,13.67921565382689],[100.70641099970416,13.679005583346191],[100.7064042212455,13.678786442822428],[100.7064011618019,13.678762737446279],[100.70636789073694,13.67863529482495],[100.70612033361579,13.67867541426564],[100.70595131031324,13.678710473302019],[100.7057096764671,13.678770888520157],[100.70548642317145,13.6788164891554],[100.70528214801399,13.677646258263003],[100.70513835996115,13.677013411455622],[100.70501713647273,13.676384928489759],[100.70488867891213,13.6758751284163],[100.70485476692022,13.675658433104132],[100.70477576284443,13.675357311533167],[100.70473818120409,13.675192614611811],[100.7046988015092,13.675018890485996],[100.70466843015303,13.674812340136834],[100.70470484967635,13.674735260978053],[100.7048353760605,13.67464962550721],[100.70490386123589,13.674612999656986],[100.70502232870908,13.674617833644643],[100.70513684215813,13.674554904862356],[100.70520332676301,13.674481008247545],[100.70519605331297,13.674353387282633],[100.70514476967537,13.674211381360172],[100.70508332346847,13.674102210481415],[100.70496476820396,13.673844293783498],[100.70487427562225,13.673632507948566],[100.70474262211107,13.673240231149272],[100.70438735230773,13.672360274799239],[100.7041381784926,13.671933780868873],[100.70408105431653,13.671782776072133],[100.70399015730001,13.67151449994005],[100.70368334784365,13.671026261694413],[100.70341967800073,13.670591957516839],[100.70308271922339,13.670007888685415],[100.70282580535181,13.669548680835327],[100.70257994149522,13.66909956519814],[100.70229681514523,13.668610031075533],[100.70209562851024,13.668267943046837],[100.7019898520901,13.668099193295657],[100.70189621515331,13.667931490875416],[100.70173651603166,13.667574428830024],[100.70151752969805,13.667166931901448],[100.701446104626,13.667035230572923],[100.7013060458241,13.666758252459521],[100.70112593543053,13.666374213838681],[100.70097817104323,13.666150390556329],[100.70082492421172,13.665887059632473],[100.70041165070609,13.665131774063711],[100.70031269568149,13.664947159697984],[100.7001895354202,13.664770619197743],[100.70011583458385,13.664643453152935],[100.70003337877047,13.664503918912965],[100.69995015908886,13.664338403651293],[100.69990466356687,13.664277704438948],[100.69983080823812,13.6641290715481],[100.699788079641,13.664051405801379],[100.6997654641473,13.66395891430306],[100.69971849756685,13.663854161530386],[100.69966032860559,13.66371785012791],[100.69960840067186,13.663565677319587],[100.69957341138937,13.663439375523156],[100.69950347344565,13.663192420801007],[100.69929699949381,13.662595021789171],[100.69920701777008,13.662291711544173],[100.69916299456224,13.662033280696512],[100.69912506379829,13.661818871697696],[100.69900919012038,13.661368859974782],[100.69890959363568,13.661013643798073],[100.69878695489922,13.660506056533606],[100.69876298891712,13.660224890478004],[100.69868959179011,13.659655955517028],[100.69849375598736,13.658526328205804],[100.69842839671391,13.658030776428678],[100.69839936231261,13.657767723210613],[100.69839321233933,13.657554226126747],[100.6983752943568,13.657230084674234],[100.69835095854687,13.656896949351781],[100.69829242272016,13.656466881239274],[100.69826934790586,13.656309991835485],[100.69732722560937,13.656481394731598],[100.6968434490226,13.656606726641488],[100.69607303971823,13.656798418268144],[100.6957294531952,13.656897932285913],[100.6953922052833,13.656995143765386],[100.69498937822891,13.657131217421334],[100.69476224328788,13.657197170068129],[100.69454601096774,13.657252879494266],[100.69423690458682,13.65732730048799],[100.69392243866328,13.65737916002358],[100.6936624565703,13.657456634408183],[100.69355742238086,13.657309342521392],[100.6935277090094,13.657193171896308],[100.69343526842765,13.657191543270997],[100.69318686448868,13.657272327633843],[100.69303585801002,13.657320811545453],[100.69280045669295,13.65736196150652],[100.69189227650617,13.657515036445652],[100.69149718759435,13.657602468811612],[100.6911049131762,13.657679711920727],[100.69061454175073,13.657772311852039],[100.68994829879031,13.6579101719768],[100.68904609110926,13.658091442262473],[100.68874147459762,13.658147748658761],[100.68856217632539,13.658198682291577],[100.68829628662526,13.658258113164694],[100.68820113403204,13.658281357615694],[100.68813946140929,13.658300984657833],[100.68811122053062,13.65831021558935],[100.68801893205762,13.65833005095586],[100.6878073810827,13.65839476166386],[100.68768688377695,13.658428346961736],[100.68735546197382,13.658533417346241],[100.68700330748653,13.658647667067704],[100.68663274878514,13.658773339898374],[100.68625469519559,13.658901321950946],[100.68598210482442,13.658993562399608],[100.68559769617451,13.659121587624481],[100.68489386510963,13.659336520596955],[100.68426899565112,13.659526058051837],[100.68361602008234,13.659744031837638],[100.68318140001787,13.659879173476718],[100.68298538759146,13.659935865989873],[100.68269085119589,13.660029381837312],[100.68260841278041,13.66005366786107],[100.6824308531836,13.660105714495012],[100.68217436195019,13.660187673243353],[100.68191639297213,13.660305796817017],[100.68166046293133,13.660385491578221],[100.68142017768571,13.660471859104295],[100.681219726154,13.660554566862189],[100.68106754299042,13.660600792245459],[100.68091472604172,13.660639112916144],[100.68054169633682,13.660743326978661],[100.6803826369216,13.660797507484336],[100.68018909356043,13.660876777226884],[100.67998392378975,13.660945957875086],[100.67984438468818,13.660983058138282],[100.67970204522139,13.661032605604449],[100.67945482640685,13.66111901832802],[100.67923625781714,13.66117247128273],[100.67901382233033,13.661250806863158],[100.67874923295817,13.661331687298773],[100.67851751352812,13.661404436074871],[100.6783452386699,13.661468873435808],[100.67807480602787,13.661622102063662],[100.67755802499094,13.661903540788206],[100.67719739963809,13.662128559966733],[100.67697719075328,13.662276929383484],[100.67676971337401,13.6624286020915],[100.67656238841019,13.662601740732823],[100.67625901169309,13.662916759535163],[100.67605491766894,13.663138460365387],[100.67585207350042,13.663373709893039],[100.67577562622436,13.66342845925152],[100.67560035683155,13.663478227142246],[100.6753380013833,13.663548919680007],[100.67510460220853,13.663629585888101],[100.67488115897999,13.66372939207313],[100.67461898648382,13.663826070092146],[100.67443921474286,13.663892815358125],[100.67432844477565,13.663913900626328],[100.67418655212813,13.663945364625615],[100.6738570337143,13.663995042929379],[100.67365219823351,13.664030321072936],[100.6733955552575,13.6640919343255],[100.67324400833553,13.664147189802712],[100.67311499162032,13.664202293170005],[100.67293820309024,13.664282575487144],[100.6727452633993,13.664366356199505],[100.67252635905831,13.66445483131773],[100.67237485241674,13.664515735286397],[100.67231157888433,13.664554576943415],[100.6722678069417,13.66465542880893],[100.67227080294352,13.664752575699046],[100.67228438043237,13.664875637769317],[100.67225375067208,13.664956063699016],[100.6721756645493,13.665024381337794],[100.67202423712108,13.66509658310473],[100.67151242853227,13.665266122024994],[100.67071089812798,13.665558506446981],[100.67032190243233,13.66569444981329],[100.66964046277353,13.665976982260316],[100.66906369017457,13.66619214804797],[100.66861498792413,13.666381593922678],[100.66825476218281,13.666501522743433],[100.66736179984979,13.666855523548287],[100.66711403035605,13.666947578022832],[100.66661377576698,13.667118159758116],[100.66648896522531,13.667196958631516],[100.66657730986492,13.667437024262624],[100.66674877449553,13.66783131988813],[100.66682620492527,13.667998017433977],[100.66686047347885,13.668106253750684],[100.66688300557696,13.668188581468295],[100.66680467046614,13.668221873926175],[100.66670329137486,13.668264360121334],[100.666591576486,13.668315954588945],[100.66645984196185,13.66839592991334],[100.66628774857948,13.668487475000383],[100.66614909746453,13.668569756378941],[100.66593454771912,13.66870339117131],[100.66569731980968,13.668898190257737],[100.66552715727198,13.669017968235172],[100.66531612050608,13.66915835808283],[100.66497159982949,13.669376474460496],[100.66464619692992,13.669602371005201],[100.66445634417845,13.669715501468438],[100.6642117602674,13.669850465605531],[100.66392058217316,13.670013989576791],[100.66349939913347,13.670257475594317],[100.66328832122157,13.670392214953747],[100.66311305918148,13.670526713830805],[100.6628875394287,13.67074402916452],[100.66252025487242,13.671094489197205],[100.66244585185804,13.671194415474497],[100.66238224273148,13.671268282682094],[100.6622924470219,13.671315209008354],[100.66221974350934,13.671328125033533],[100.66213647595677,13.671317384036152],[100.66195555392713,13.671303909222019],[100.66188975990234,13.67131338925378],[100.66179451126366,13.67132419662346],[100.66161773667109,13.671407861270527],[100.66143373611025,13.671532249024033],[100.66127847066684,13.671634976798156],[100.66118935521735,13.671696586317172],[100.66104925934562,13.671655720686154],[100.66100047141236,13.67161876245307],[100.66091305658883,13.671510882200106],[100.66078715752714,13.671352415406114],[100.66067744998642,13.671196100650317],[100.66057763468422,13.671049888248318],[100.66040544903736,13.67079908316954],[100.66017661793263,13.670461659378132],[100.66007810111077,13.670335774502522],[100.65994395729837,13.670154766147418],[100.65987973827099,13.670141637954849],[100.65979963656578,13.670170420773358],[100.65967426790203,13.670252609914593],[100.65948097731172,13.670370279311577],[100.65929632030796,13.670483371353424],[100.65899663713039,13.670670673893346],[100.65875083872847,13.6707977331029],[100.65851429807748,13.670926989857993],[100.65836664435504,13.671044353102284],[100.65826891020397,13.671112798439058],[100.65813200324313,13.671197323818165],[100.65792385594919,13.671338818544147],[100.6577616801713,13.671444980060853],[100.65759130582508,13.671535378323918],[100.65741208319113,13.671599848946158],[100.65695467018536,13.67178594348887],[100.65659234687593,13.671938636694714],[100.65647646616475,13.671973306989821],[100.65628853085774,13.672031055954644],[100.65615648930627,13.672068093831395],[100.65598700075319,13.672120070018622],[100.65578700451032,13.67218806793947],[100.6556238625774,13.672238871633564],[100.65551886220113,13.672259910527087],[100.65542631168174,13.67224358090199],[100.65537178681788,13.672212309091833],[100.65528697056142,13.672062603596752],[100.65524300379838,13.67197137875342],[100.65520774202938,13.671885745049504],[100.65510219454492,13.671662738044997],[100.6550642337637,13.671604238929808],[100.65500045353248,13.671405808900538],[100.65493487721841,13.67119835287125],[100.65482753322888,13.670966318807025],[100.65461893654698,13.67062988290297],[100.65450132872056,13.670417124741894],[100.6543230886787,13.670125680184114],[100.65403016216747,13.669625976899601],[100.6539259470698,13.669345337432365],[100.65388984051937,13.66922129386257],[100.65385367094022,13.669088210926809],[100.6538095634905,13.668976649166641],[100.65376127034548,13.668844777855115],[100.65370861115572,13.668666611430286],[100.6536663991765,13.668412673821067],[100.65358699439511,13.66812734913711],[100.6534930585068,13.667912172602605],[100.65342280569291,13.667779316880946],[100.65325578423574,13.667439213267128],[100.65317791396457,13.66720811046385],[100.65314518771736,13.667071615692741],[100.65293006779963,13.666295705719477],[100.65287896618392,13.666175151421054],[100.65283737541932,13.666092948933123],[100.6528036359921,13.665976797395562],[100.65275361385841,13.665762457489862],[100.65270036199965,13.665582034887045],[100.65265030858079,13.665363175704124],[100.65259840916379,13.665210989637178],[100.65247487730454,13.664673124625907],[100.65237558463603,13.664240794105577],[100.65226858654184,13.663808769733436],[100.65193846417743,13.663109324976356],[100.65169867651832,13.662605873641988],[100.65083366208977,13.660420829998491],[100.65079087526395,13.660249374961799],[100.65076641529669,13.659889111991387],[100.65074141710524,13.659534500986181],[100.65068553564338,13.659307770735627],[100.65060586014289,13.659231470375861],[100.65049074648357,13.659209639150037],[100.6500231870171,13.659263593676034],[100.65002271545495,13.65919580420148],[100.64998487256759,13.6584062816012],[100.64993897758389,13.658203211732044],[100.64992401093347,13.657629340504988],[100.64997562418327,13.657242584421999],[100.6503950299572,13.654252436078036],[100.65041917472101,13.65381898495694],[100.64792087013116,13.65381898495694]]]}},{"type":"Feature","properties":{"valid_date":"2026-10-01","precip_mm":1.6,"probability_pct":61,"rain_class":"light","model":"ECMWF IFS HRES","resolution_km":9.0,"source":"Open-Meteo ECMWF API","forecast_run":"2026-10-01T15:00:00+07:00","precision_note":"Approximate model-grid context; not street-level rainfall."},"geometry":{"type":"Polygon","coordinates":[[[100.72792087013116,13.733818984956939],[100.80792087013117,13.733818984956939],[100.80792087013117,13.709407600746795],[100.80761472993846,13.70952161544245],[100.80696669228918,13.70977829313773],[100.80640575460477,13.71001625547853],[100.80487711572836,13.71064314964364],[100.80319641484347,13.711333281477614],[100.80274197444628,13.711520750069528],[100.80236412339181,13.711674894964645],[100.80211056742513,13.711762606920688],[100.80182644112571,13.711857320170799],[100.80142941186968,13.711996917383194],[100.80115343376805,13.712099478969385],[100.80054840177563,13.712315155077993],[100.80015717413735,13.7124580974804],[100.79966790739726,13.71262547859762],[100.79903858934316,13.712839069510316],[100.79836262648396,13.713073333495709],[100.79740835213362,13.713407911853054],[100.79732246391843,13.71343452144933],[100.7953752454129,13.714186421396521],[100.7946001994425,13.71446093811179],[100.79420419469366,13.714584700300115],[100.7939964121264,13.714690148743431],[100.79342369399514,13.71490218581585],[100.79319440484076,13.714990843026545],[100.79254731643327,13.715224882876745],[100.79220961170924,13.715341440489638],[100.79215136721486,13.71520402955274],[100.79070831856866,13.715699167457164],[100.7894931599167,13.716074020849833],[100.78864857844695,13.716324168703864],[100.78855455178496,13.716420880987526],[100.78840542317504,13.716489747501207],[100.78797012622498,13.716690610155984],[100.78586890584214,13.716722752039749],[100.78552501237131,13.716709419624706],[100.78521241331856,13.716708289154846],[100.78479809163838,13.716703373993763],[100.784580255295,13.71670268793926],[100.78426411265532,13.716691412882692],[100.78394751078399,13.71669595864489],[100.78386026748778,13.716696588559621],[100.78322405615626,13.716689882435967],[100.77996779608985,13.716721268688882],[100.77978990114109,13.716730458749396],[100.7797291499872,13.716719598480907],[100.77967901040792,13.716660080850733],[100.77965600056433,13.716596978428505],[100.77960127917245,13.716389490560191],[100.77954742620727,13.716297235763612],[100.7794939648625,13.716256948411596],[100.77913811874681,13.716344245177066],[100.77864918062235,13.71648221032144],[100.77854418478582,13.716197128560138],[100.77509855698128,13.716325845135625],[100.77277594185503,13.716423863985638],[100.77147796413435,13.716470455845682],[100.77117395263036,13.716459077833052],[100.77116301983737,13.716387978324608],[100.77116497833468,13.716186861079946],[100.77116660642238,13.715941684261924],[100.77113487295944,13.715870734753377],[100.77106069953187,13.715765065846375],[100.77088405552391,13.715709841344081],[100.77039792821257,13.715683950303648],[100.76974465636773,13.715636658713432],[100.76919035193708,13.715611253560535],[100.76858272321509,13.715563632030689],[100.76770106134725,13.715495373661891],[100.7665770932189,13.715399469861074],[100.76665366872164,13.715517550939653],[100.76670031842356,13.71565166309751],[100.76671666734936,13.715828925038787],[100.76672584330176,13.716051429188076],[100.76670808426131,13.716689891648107],[100.76618393097546,13.716678950830902],[100.76606999932675,13.716665077889026],[100.76540938106059,13.716640423472223],[100.76465769451833,13.71664579333794],[100.76379184727142,13.71660678311171],[100.76296735940427,13.716612666612587],[100.76216702818682,13.71660368769942],[100.76184030522096,13.71656873436871],[100.76171113231312,13.716525593301919],[100.76146009911751,13.716490098846785],[100.76109593125511,13.716470098833156],[100.76085263574814,13.716465054063988],[100.76070876930808,13.716466079320655],[100.76050556868952,13.71649125305685],[100.75981248775872,13.71653008360541],[100.75939079350027,13.716544384783791],[100.75779412597483,13.716597550077589],[100.75736159617092,13.71663113151608],[100.75720212934243,13.716632265701115],[100.75704885215055,13.71668871601117],[100.7553195833515,13.716704395151181],[100.75453784705365,13.7167099468132],[100.75374072849579,13.716744980960895],[100.75338412838403,13.716732823534677],[100.75315598829468,13.716667784074957],[100.75285881580413,13.716565949736074],[100.75258447804357,13.716426670431622],[100.7523437927194,13.71622840233546],[100.75209947441049,13.716007562741254],[100.75128285618159,13.716451716066734],[100.75048595440818,13.716516112131039],[100.74831525450352,13.716612825724809],[100.74724462486685,13.716620398313552],[100.74723881886308,13.71685092073993],[100.74377436403535,13.716866354264697],[100.73943697305218,13.71682348719344],[100.73845817095619,13.716825856048251],[100.7352081978642,13.716779780903858],[100.73255084958699,13.716783739865042],[100.7307216818213,13.716811245502765],[100.73033934469089,13.718491700750919],[100.72802317373997,13.718455939271921],[100.72792087013116,13.718452905254692],[100.72792087013116,13.733818984956939]]]}},{"type":"Feature","properties":{"valid_date":"2026-10-01","precip_mm":1.6,"probability_pct":61,"rain_class":"light","model":"ECMWF IFS HRES","resolution_km":9.0,"source":"Open-Meteo ECMWF API","forecast_run":"2026-10-01T15:00:00+07:00","precision_note":"Approximate model-grid context; not street-level rainfall."},"geometry":{"type":"Polygon","coordinates":[[[100.80792087013116,13.733818984956939],[100.8763616503231,13.733818984956939],[100.87583353528294,13.733080153798817],[100.87527513225497,13.732106046453138],[100.87465499874558,13.73121600639685],[100.87445154806024,13.730844739278636],[100.87367203197209,13.729528865516146],[100.87330943933038,13.728908002834288],[100.87313506240288,13.728704843983973],[100.87289303545695,13.728277379990955],[100.87250772584918,13.727632963483444],[100.87193566102194,13.72675384641883],[100.87172000538358,13.726372499953367],[100.87148612623996,13.725951751467134],[100.87063103392845,13.724573171201818],[100.8702004036157,13.723895200636713],[100.86959657705908,13.722942883366482],[100.86929234081963,13.722465046908448],[100.86911508002004,13.722188472991727],[100.86887529326741,13.721823121818604],[100.86860521020712,13.721352933863466],[100.86804494245585,13.720427395260964],[100.86761681878484,13.719771994004015],[100.86695283849522,13.718808824839138],[100.86669734089472,13.718355470588602],[100.86640945483161,13.717897840774157],[100.86550628812151,13.71627670382489],[100.86489986956188,13.71528371881441],[100.864516742547,13.71476353910965],[100.86422721454585,13.714389518851558],[100.86382982206864,13.713745173728963],[100.86367093784584,13.713452639184615],[100.8633990280679,13.712967769982493],[100.86313045133221,13.712465929069328],[100.86258380199365,13.7115764214658],[100.86215347880636,13.710857757539925],[100.86168117917292,13.710090828816655],[100.86096460771482,13.708825261457763],[100.86059100159369,13.70819089730354],[100.85997494859224,13.707289476454305],[100.85960580085911,13.706707044843805],[100.85908269820757,13.706016184860179],[100.85885410869204,13.705674460147476],[100.85867916746052,13.705395598492013],[100.85852854410768,13.705123331439717],[100.8584324752598,13.70488228799665],[100.85831111184925,13.704583816661453],[100.8580119820581,13.7041612801605],[100.8576567986045,13.703590035973003],[100.85711942958267,13.702625878699116],[100.85656920180283,13.701789476682336],[100.85599952486167,13.700830076428794],[100.85514158086502,13.69935767148074],[100.85552892236575,13.6991694875104],[100.85709636952,13.698512639903923],[100.85728872755904,13.698435502679152],[100.85843212982083,13.697928697124048],[100.85946839443613,13.697463363910753],[100.86020043782108,13.69717655386502],[100.86074253246281,13.69697929070662],[100.86056567881393,13.6958689508792],[100.86045943714574,13.695362493357035],[100.8603479081801,13.694771344577896],[100.86026730873735,13.694439805453857],[100.86022281886382,13.694071842048043],[100.86014676089854,13.69365666751451],[100.86009494870252,13.693385917180427],[100.86006433187582,13.693239280408402],[100.86004215801431,13.69313776998563],[100.860026889785,13.6930328184147],[100.86001465212283,13.692945919990516],[100.85991563906289,13.692476689104302],[100.8599006729228,13.692410146591563],[100.85988911962525,13.692336799952722],[100.85986627948043,13.69222399703875],[100.8598530020336,13.692151793098365],[100.85983264232162,13.692060435799723],[100.85981692095531,13.691971304034354],[100.85977500002454,13.691782951525294],[100.85975155569763,13.691666763886131],[100.85972969350131,13.691531358672458],[100.85970857773204,13.691417413015166],[100.859690056853,13.691339598818637],[100.85966116487594,13.6911918192063],[100.85961728039267,13.690974107987717],[100.85959685786462,13.690874843792745],[100.85957991125622,13.690776683222666],[100.85956235054084,13.69067400737526],[100.85948671284088,13.690311927175758],[100.85946418456692,13.690165229435234],[100.85943132022128,13.690026517561966],[100.85941795433976,13.689943015855057],[100.85939445722575,13.689820050043188],[100.85937860313236,13.689713973001988],[100.85935496497792,13.689572932299077],[100.85934718956726,13.689465664816174],[100.85832710504103,13.690000916441122],[100.85667777916929,13.690817674680199],[100.85587915384953,13.691158069124306],[100.84893201527102,13.693665015324454],[100.84794206117206,13.694143516124866],[100.84733528750218,13.694419187560056],[100.84382538859018,13.695803330561535],[100.84082662697142,13.697024330877207],[100.84071183817072,13.696750653312664],[100.84020551276436,13.69694421910782],[100.83988202962287,13.697099142233306],[100.83887949428507,13.697524605458266],[100.83876419908209,13.697557095657217],[100.83848783119035,13.697678903987498],[100.83828054096702,13.697768565523662],[100.83805482633811,13.697866272103624],[100.83788787959134,13.697943206250754],[100.83779168252248,13.697980073176005],[100.83759933402226,13.69805945537499],[100.83749630183858,13.698108800307187],[100.83736613489924,13.698160606261618],[100.83725274775445,13.698215676804562],[100.83681568797678,13.69840194333121],[100.83523585307528,13.69910959990281],[100.83415958921327,13.69956609643784],[100.83327922563589,13.699954481900283],[100.83273734755521,13.700184449717844],[100.83207420943897,13.700497786330045],[100.83121056664041,13.700882652062576],[100.83005588942034,13.701362309237739],[100.82931784129158,13.701702178059035],[100.8288009187243,13.70194777021927],[100.8279248702143,13.702224260160257],[100.82500662740178,13.703271637036988],[100.82130400649994,13.704576698946216],[100.81969546469834,13.705170371039891],[100.81917760554147,13.705371891008136],[100.81854910769957,13.70561150610977],[100.81851394427484,13.705621932648015],[100.81846726097204,13.705636962979577],[100.81742657627377,13.705995971875335],[100.81649481149019,13.706319153681196],[100.81550388321915,13.706687958407013],[100.81411456771212,13.707168140168106],[100.81321721698166,13.707535120075844],[100.81252049775624,13.707770701542811],[100.81178650965175,13.708043837708178],[100.81089241514721,13.708309106600275],[100.8098931721229,13.708650836206113],[100.80915848717773,13.708909283264576],[100.80863276208272,13.709142473376623],[100.80792087013116,13.7094076007468],[100.80792087013116,13.733818984956939]]]}},{"type":"Feature","properties":{"valid_date":"2026-10-01","precip_mm":2.3,"probability_pct":63,"rain_class":"light","model":"ECMWF IFS HRES","resolution_km":9.0,"source":"Open-Meteo ECMWF API","forecast_run":"2026-10-01T15:00:00+07:00","precision_note":"Approximate model-grid context; not street-level rainfall."},"geometry":{"type":"Polygon","coordinates":[[[100.40792087013118,13.73381898495694],[100.33428939121632,13.73381898495694],[100.3339825439391,13.734437343007391],[100.33349097807265,13.735201619806833],[100.33320258917408,13.735919599205307],[100.33300731443924,13.736342144327452],[100.33290575623094,13.736575473944193],[100.33285900988844,13.7366898565069],[100.33279784683737,13.736809966931087],[100.33275790480593,13.737003412786585],[100.33282879315831,13.737377061071758],[100.33303780604348,13.738157893380611],[100.33313721421054,13.738770947500395],[100.33317967034128,13.739124408246564],[100.33318822764089,13.739411382114227],[100.33315220703405,13.739685037748176],[100.3327417470512,13.740689566639253],[100.33258650451097,13.74103731538275],[100.33248612805285,13.74137798771377],[100.33222591589171,13.742481145429371],[100.33181844463256,13.744118457506268],[100.33183081394988,13.74508002205475],[100.33183089532884,13.746321893878756],[100.331549202709,13.747204816221652],[100.33128204654864,13.748308009966047],[100.33129836861808,13.748741842897136],[100.33141112997153,13.749774055216243],[100.33144220321611,13.750056387472071],[100.33167707941345,13.75172978173705],[100.33180770162645,13.75305795683516],[100.33183083823432,13.753571982625282],[100.33145424671983,13.754641867831744],[100.33140957304377,13.755123489966065],[100.33139427129467,13.756097633300168],[100.33127655626481,13.757053119841181],[100.33114400168704,13.757735226585611],[100.33084250447158,13.758797925669075],[100.33080631037153,13.759552961829876],[100.3307149602123,13.760367054938186],[100.33060938397583,13.761016245813863],[100.33053661851487,13.76143699954848],[100.33021337796654,13.762233134815201],[100.33003148397133,13.762674817691755],[100.32992555966679,13.7632629894011],[100.32979855934565,13.763803815780962],[100.32936889608007,13.765101115612747],[100.32919669133642,13.766030905695365],[100.32915387971659,13.766945307408763],[100.32911857155386,13.767960239449874],[100.32909427071239,13.768467740419382],[100.32927131154503,13.76962164604634],[100.32944403359937,13.771136044361729],[100.32953158658079,13.772103981728138],[100.3295822013248,13.772570398885273],[100.32961875828576,13.77300412105243],[100.32962683489299,13.773103517337233],[100.32983428001974,13.77564602670111],[100.32996108885926,13.777727931471135],[100.33004051343714,13.77981235177733],[100.33011531764902,13.781896795679911],[100.33026248079639,13.783896098904298],[100.33026813749927,13.783976298154514],[100.33037761875437,13.786058294384631],[100.33040964956184,13.788141838162812],[100.33026072487765,13.790222970584244],[100.33006436466648,13.792298710349993],[100.32968921507202,13.794347166244489],[100.32915606071519,13.79636483636503],[100.32884400195442,13.79842877028408],[100.32856548113276,13.800494783514454],[100.32809247666759,13.80252003708955],[100.32792087013117,13.804171892101023],[100.3279347383898,13.804170687139864],[100.32984121628242,13.804034945642726],[100.3319642688432,13.803860725551068],[100.33408276979081,13.803801772418034],[100.33620045081994,13.803700994883664],[100.33837238298237,13.803685783137523],[100.34052632337378,13.803557652092747],[100.34264417612236,13.803488458198835],[100.34473875830697,13.80339451463598],[100.34687232394711,13.80334440830391],[100.34895104411022,13.803308145417942],[100.35106915193406,13.80328520732572],[100.35333045752886,13.803232083473345],[100.35568652865204,13.803171635149853],[100.35765007337932,13.803114464657144],[100.35955376922138,13.803005629573205],[100.36168372824582,13.80293507534025],[100.36377784957622,13.802865832558256],[100.3659673860905,13.802801690545412],[100.368252471235,13.802765247415211],[100.37042989560369,13.802706783135875],[100.37245303050474,13.802660462266264],[100.37458273430283,13.802549118943087],[100.37683210426884,13.802536525604445],[100.37881932397552,13.802479053104111],[100.3809611305812,13.802461375759435],[100.38315047144589,13.802367702987794],[100.3852327206157,13.802250886125305],[100.38744613661902,13.802221448045435],[100.38948039724778,13.802104866441695],[100.39157505788481,13.80203538392974],[100.39372853877687,13.801941821539721],[100.39584641747676,13.801889120643668],[100.39672502542079,13.801869438870924],[100.39802444729523,13.80184171004887],[100.40017791915743,13.80174809061203],[100.40224820957899,13.80166622683824],[100.40434219926476,13.80158421118091],[100.40648424032335,13.801514331436087],[100.40792087013118,13.801418486245613],[100.40792087013118,13.73381898495694]]]}},{"type":"Feature","properties":{"valid_date":"2026-10-01","precip_mm":1.4,"probability_pct":65,"rain_class":"light","model":"ECMWF IFS HRES","resolution_km":9.0,"source":"Open-Meteo ECMWF API","forecast_run":"2026-10-01T15:00:00+07:00","precision_note":"Approximate model-grid context; not street-level rainfall."},"geometry":{"type":"Polygon","coordinates":[[[100.48792087013118,13.73381898495694],[100.40792087013116,13.73381898495694],[100.40792087013116,13.801418486245613],[100.40857787768776,13.801374653788523],[100.41076473676436,13.80135645830719],[100.41106533432198,13.801353603122614],[100.41151260097055,13.801322785044936],[100.41315792219594,13.801233101249656],[100.41525359508363,13.801145333717301],[100.41546040527746,13.801120413257223],[100.41625455405331,13.801093237895163],[100.41663501351313,13.801104605070828],[100.41693080110231,13.801071260655274],[100.41714243343087,13.801079079820589],[100.41745728978144,13.801044494839712],[100.418518013111,13.80093328812936],[100.41924614166366,13.800887275012352],[100.42050998748898,13.800811045173331],[100.42104630268834,13.800784215844466],[100.4235127388776,13.800636605206714],[100.42426934073914,13.800615272352438],[100.42500200182148,13.80055452665003],[100.42575197718287,13.800489159411862],[100.42684605304034,13.800445521095115],[100.42823794713415,13.800323309226112],[100.42926309790032,13.80025859172833],[100.4311989728873,13.80013545940281],[100.43427331952111,13.799951433592682],[100.43503112717147,13.79993909953176],[100.43727453054449,13.799720338660723],[100.43859652544883,13.79960864732147],[100.43915299414559,13.799570361384232],[100.43971816225186,13.799536542128871],[100.44043124702866,13.799490555986848],[100.44105226537171,13.79942024793197],[100.44173376346201,13.799408341761202],[100.44203848317724,13.799418983207229],[100.44381700100202,13.79928085670396],[100.44545215371245,13.799237346460316],[100.44716275988395,13.799055527562325],[100.44919381495824,13.798904576774026],[100.44948612185411,13.798871214329452],[100.45280359924307,13.79865614565416],[100.45383322405127,13.798570961402385],[100.454238407028,13.798561784358789],[100.45630950106194,13.798437657197795],[100.45705498800088,13.798398210107079],[100.45753542635605,13.798312875345662],[100.45784820817359,13.798318930554762],[100.45862504516255,13.798208106462562],[100.45968202396773,13.79806058894307],[100.4601306667104,13.79797543810315],[100.46039408049607,13.797944494464323],[100.46110806019536,13.79785889584714],[100.4614401021169,13.797801554459515],[100.46268076727648,13.797446152107701],[100.4632731681641,13.797331892529138],[100.46354939641733,13.797316688464644],[100.4637376054002,13.797277149667261],[100.46412597730954,13.797168622026069],[100.46467762325298,13.797008273572725],[100.46504961811156,13.79686933470562],[100.46575357313388,13.796567963642454],[100.4671697606424,13.795903019954332],[100.46786153506685,13.795596066369894],[100.46887243243447,13.795108674090818],[100.46939867036782,13.794954118181382],[100.46968075114025,13.794858647013937],[100.46948683458791,13.794447378474803],[100.46914450418133,13.793782760882426],[100.46881021556953,13.793387019644692],[100.46835399878552,13.7928134759819],[100.46693600233112,13.790501044285348],[100.46674977159338,13.79011571629926],[100.46652966241179,13.78967409232215],[100.46639549193995,13.789294102218767],[100.46650604397797,13.788946551725203],[100.46769564491964,13.789216290166335],[100.46809564902476,13.789306558170598],[100.47009933421491,13.78978837165942],[100.47118071290615,13.790037270637585],[100.47242042266971,13.79036883181192],[100.47323806281828,13.790594441900627],[100.47386427945104,13.790806507502948],[100.47431676626229,13.790968766123543],[100.48114593141513,13.79334013328398],[100.48327441878742,13.794078705593567],[100.48514036063649,13.794708112340391],[100.48614764797719,13.79511896922477],[100.48684129772049,13.795387088148559],[100.48792087013118,13.795844216138518],[100.48792087013118,13.73381898495694]]]}},{"type":"Feature","properties":{"valid_date":"2026-10-01","precip_mm":1.4,"probability_pct":65,"rain_class":"light","model":"ECMWF IFS HRES","resolution_km":9.0,"source":"Open-Meteo ECMWF API","forecast_run":"2026-10-01T15:00:00+07:00","precision_note":"Approximate model-grid context; not street-level rainfall."},"geometry":{"type":"Polygon","coordinates":[[[100.56792087013118,13.813818984956939],[100.56792087013118,13.73381898495694],[100.48792087013116,13.73381898495694],[100.48792087013116,13.795844216138512],[100.48859872912148,13.796131244886793],[100.48872094858737,13.796170052115489],[100.48887456914186,13.796238047192176],[100.48918755359479,13.796276829340515],[100.49433555185314,13.798133694676192],[100.49733979781189,13.799218217822],[100.49903802751444,13.799825933771123],[100.50000048454397,13.800180506613385],[100.50053550539504,13.800407745011105],[100.50112641198547,13.800695656508719],[100.50182001908048,13.801133218301775],[100.50247808642254,13.801617321981816],[100.50372183416019,13.802745285093307],[100.50414452675784,13.803123481607694],[100.50429801208958,13.803259262181808],[100.50541920429558,13.80429418201468],[100.50752550362739,13.806143374473239],[100.50845301840747,13.806991899857184],[100.50979471858372,13.808240125722634],[100.51043445000231,13.808833919890155],[100.51305157632162,13.811174817670816],[100.51369880977784,13.811764034830931],[100.51523275077462,13.813140980881517],[100.51421842512067,13.813818984956939],[100.56792087013118,13.813818984956939]]]}},{"type":"Feature","properties":{"valid_date":"2026-10-01","precip_mm":1.4,"probability_pct":65,"rain_class":"light","model":"ECMWF IFS HRES","resolution_km":9.0,"source":"Open-Meteo ECMWF API","forecast_run":"2026-10-01T15:00:00+07:00","precision_note":"Approximate model-grid context; not street-level rainfall."},"geometry":{"type":"Polygon","coordinates":[[[100.56792087013116,13.813818984956939],[100.64792087013117,13.813818984956939],[100.64792087013117,13.73381898495694],[100.56792087013116,13.73381898495694],[100.56792087013116,13.813818984956939]]]}},{"type":"Feature","properties":{"valid_date":"2026-10-01","precip_mm":1.6,"probability_pct":61,"rain_class":"light","model":"ECMWF IFS HRES","resolution_km":9.0,"source":"Open-Meteo ECMWF API","forecast_run":"2026-10-01T15:00:00+07:00","precision_note":"Approximate model-grid context; not street-level rainfall."},"geometry":{"type":"Polygon","coordinates":[[[100.64792087013116,13.813818984956939],[100.72792087013117,13.813818984956939],[100.72792087013117,13.73381898495694],[100.64792087013116,13.73381898495694],[100.64792087013116,13.813818984956939]]]}},{"type":"Feature","properties":{"valid_date":"2026-10-01","precip_mm":1.6,"probability_pct":61,"rain_class":"light","model":"ECMWF IFS HRES","resolution_km":9.0,"source":"Open-Meteo ECMWF API","forecast_run":"2026-10-01T15:00:00+07:00","precision_note":"Approximate model-grid context; not street-level rainfall."},"geometry":{"type":"Polygon","coordinates":[[[100.72792087013116,13.813818984956939],[100.80792087013117,13.813818984956939],[100.80792087013117,13.73381898495694],[100.72792087013116,13.73381898495694],[100.72792087013116,13.813818984956939]]]}},{"type":"Feature","properties":{"valid_date":"2026-10-01","precip_mm":1.6,"probability_pct":61,"rain_class":"light","model":"ECMWF IFS HRES","resolution_km":9.0,"source":"Open-Meteo ECMWF API","forecast_run":"2026-10-01T15:00:00+07:00","precision_note":"Approximate model-grid context; not street-level rainfall."},"geometry":{"type":"Polygon","coordinates":[[[100.80792087013116,13.73381898495694],[100.80792087013116,13.813818984956939],[100.88792087013117,13.813818984956939],[100.88792087013117,13.752080997646262],[100.88728363668535,13.751067370944822],[100.886729959699,13.750118119471512],[100.8861306843254,13.749174863651001],[100.8858566668741,13.748727328985511],[100.88554309694209,13.74824733340969],[100.88527300088901,13.747783950733307],[100.88499628701283,13.747287856136404],[100.88472385403082,13.746821101247603],[100.88412951677255,13.74591508160441],[100.88356937432002,13.74502122663341],[100.8832424627994,13.744533420648123],[100.88309921221385,13.744323254528],[100.8826411047997,13.743615022477083],[100.88201653144532,13.742683242619249],[100.88173575914409,13.742256087968038],[100.88143827748524,13.741762405391572],[100.88118217249483,13.741312466169063],[100.8811380982973,13.741220164492919],[100.88091437831571,13.740845669738954],[100.88066119052816,13.740471399357892],[100.88054140834103,13.740305112554559],[100.88041663449383,13.740092544792825],[100.880355552473,13.73996873921047],[100.88025705911332,13.73979099262601],[100.87993875525267,13.739366379657971],[100.8797307454657,13.739077624035408],[100.87953497793842,13.738802330761793],[100.87928585734764,13.738430287761462],[100.87916897522997,13.73826510675964],[100.8789981171635,13.737997532168219],[100.87878921366219,13.737813846334893],[100.87855799964856,13.73736823340884],[100.87820773971575,13.736775529772686],[100.87761334801023,13.735855932200622],[100.87703012128615,13.734886538517886],[100.87648329746814,13.733989168902136],[100.8763616503231,13.73381898495694],[100.80792087013116,13.73381898495694]]]}},{"type":"Feature","properties":{"valid_date":"2026-10-01","precip_mm":1.0,"probability_pct":60,"rain_class":"light","model":"ECMWF IFS HRES","resolution_km":9.0,"source":"Open-Meteo ECMWF API","forecast_run":"2026-10-01T15:00:00+07:00","precision_note":"Approximate model-grid context; not street-level rainfall."},"geometry":{"type":"Polygon","coordinates":[[[100.88792087013115,13.813818984956939],[100.93809397030734,13.813818984956939],[100.93795024891757,13.813673924847519],[100.93780087243151,13.81350339123037],[100.93763875310809,13.813329569011326],[100.9374693531127,13.813114004664122],[100.93732742543014,13.812935504036748],[100.9371945313457,13.812800989948597],[100.93705313535273,13.812616835555096],[100.93691001506666,13.81243382525013],[100.93676573909612,13.81225082304579],[100.93662146336641,13.812067821628146],[100.93647834377725,13.811884810975382],[100.9363352150829,13.81170066968574],[100.93619266458218,13.811516524625896],[100.9360506922664,13.811332374893345],[100.93590929812692,13.811148219585583],[100.93576847285114,13.810962930892934],[100.93562879438393,13.810776503355841],[100.93548969409174,13.8105900702474],[100.93535059496263,13.810403637924805],[100.93521034855546,13.810218343325014],[100.93506723128363,13.810035331530369],[100.93492238971761,13.809853462903508],[100.9347769704279,13.809671597809784],[100.93463212932723,13.809489728947485],[100.93448958161282,13.809305582514982],[100.93434990522474,13.809119153059488],[100.93421138496997,13.808932715290824],[100.93407401152206,13.808745138688048],[100.93393663829666,13.808557561073144],[100.93379926530868,13.80836998425351],[100.93366189254321,13.808182406421754],[100.93352508864679,13.807993695214401],[100.93338771634907,13.807806118069776],[100.93324976632968,13.807618544463116],[100.9331118258595,13.80743210127133],[100.93297387630831,13.807244528350132],[100.9328353583469,13.807058088585562],[100.93269511610396,13.806872792881277],[100.93255199368902,13.806688649426706],[100.93240657834693,13.806506782385707],[100.93225944803373,13.806327189014205],[100.9321123086475,13.806146465901366],[100.93196631606438,13.805964603050075],[100.93182091096648,13.805783866058654],[100.93167435021316,13.80560313713699],[100.93152950491452,13.805420136120235],[100.93138926568393,13.805234839375638],[100.93125707038953,13.805043829889922],[100.9311363689937,13.804844822968143],[100.93101480021049,13.80468084332685],[100.93088478714206,13.804474000667],[100.93073458372798,13.804271836306604],[100.93060463624623,13.804072901689768],[100.93046319534339,13.803881964272422],[100.93032525948146,13.803695518882881],[100.93018744466553,13.803523757575288],[100.93003740050206,13.803340796202209],[100.92990989601911,13.803157657614236],[100.92975070758071,13.802987193602595],[100.92959324389408,13.802815587115967],[100.92944323783345,13.802637143742707],[100.92930874329397,13.80244728055164],[100.92919380580614,13.802245967605835],[100.92908405134321,13.802042354483834],[100.92896393146407,13.801843340562288],[100.92881910007357,13.801661466936247],[100.92864902567469,13.801502385312261],[100.9284634773592,13.801359239865052],[100.92826993108231,13.801227454900094],[100.92807500636957,13.80106856693771],[100.9278895886705,13.800941236606878],[100.92768390651582,13.80080954632914],[100.92747896952532,13.80069818365463],[100.92728554490805,13.800581082886394],[100.92709216685684,13.800469630064482],[100.92687499186462,13.800345936128982],[100.92663290032986,13.800214530387295],[100.92642818685363,13.800130278612377],[100.926230986561,13.80004596683858],[100.92602135322417,13.799925602909862],[100.92578025853823,13.799845024832996],[100.92560430293447,13.799743600490844],[100.92540106441032,13.799627704632252],[100.92519838546409,13.79950954479691],[100.92499741175658,13.799387981406479],[100.92479758576337,13.799265280037979],[100.9245988972899,13.799140310170792],[100.9244002182711,13.799016468837216],[100.92419981494128,13.79889377142307],[100.92399885240418,13.798773337596767],[100.92379730286672,13.798651777571836],[100.92359577204955,13.798532477511792],[100.92339309483127,13.798414315934043],[100.92318871179167,13.798299555711282],[100.92298146616429,13.798188207700619],[100.92277479956599,13.798076854958804],[100.92256927973447,13.797964362440807],[100.92236774079021,13.797843931579642],[100.92217247592696,13.797713283235147],[100.92198179766172,13.797578080931881],[100.92179167903073,13.797440614672993],[100.92159757063783,13.797309956742032],[100.92139603269186,13.797189524938931],[100.9211887989329,13.79707930478894],[100.9209787117903,13.796973624647903],[100.92076977235077,13.796866806533972],[100.92056424515567,13.796753183337882],[100.9203649920944,13.796629342691881],[100.92017030716157,13.796498688853461],[100.91997676903647,13.796366896170507],[100.9197803784631,13.79623964349649],[100.9195782735588,13.79612034409541],[100.91936989485419,13.796011260826052],[100.91915924989259,13.795907842663526],[100.9189491654809,13.795802161417432],[100.91874363996314,13.795688536452024],[100.91854553524914,13.795563555421397],[100.9183531360809,13.79542949294438],[100.91816303033724,13.795293152981209],[100.91797063158224,13.795159089240734],[100.91777252768806,13.795034108373407],[100.9175692780929,13.79491594569095],[100.91736318522211,13.794803452611937],[100.91715710176548,13.794692089869148],[100.91695157702524,13.794578462258386],[100.91674946556553,13.794458030508284],[100.91655022544067,13.794335316765862],[100.91635097628249,13.794211472297107],[100.9161505899357,13.794089896818711],[100.91594734185756,13.793971732572832],[100.91574182838663,13.793859233411174],[100.91553345317436,13.793750146374482],[100.9153250873545,13.793642188768366],[100.9151161428614,13.793534234566097],[100.91490777739067,13.793426276554303],[100.91469827468892,13.793320586611495],[100.91448819423562,13.793214900062253],[100.91428039798951,13.793105807305714],[100.9140754454466,13.79299104367413],[100.91387676726607,13.792866062732658],[100.91368209786229,13.792736532471922],[100.91348798816372,13.79260473825937],[100.9132921624097,13.79247521573199],[100.91309177891385,13.792353637343375],[100.91288739623475,13.79223773842013],[100.91268130760179,13.79212524079219],[100.91247465044576,13.792013878000159],[100.91226857138209,13.791902510512152],[100.91206248329156,13.791790012285427],[100.91185581747763,13.791677519257568],[100.91164916104222,13.791566155665246],[100.91144364128695,13.79145252271644],[100.9112387005585,13.791338885972296],[100.9110314759476,13.791228655910366],[100.91082425150734,13.791118424743745],[100.91062043037908,13.79100025987285],[100.91042634201361,13.790870721184165],[100.91024367422808,13.79072414884908],[100.9100718950732,13.790566194662631],[100.90990928919659,13.790399130486882],[100.9097558566174,13.790222958147236],[100.90961219361118,13.790039931543422],[100.90948347378641,13.789846620480365],[100.9093668351572,13.789646438145281],[100.90925537036013,13.78944282642183],[100.90914218122778,13.789240356816359],[100.90902324079468,13.789041321819921],[100.90890314476592,13.788842295710374],[100.90878362685423,13.788643264122511],[100.90866410916759,13.788444233350916],[100.90854574750112,13.788245192616593],[100.90842853361274,13.788045014083291],[100.9083113190152,13.78784483547228],[100.90819525125556,13.787643517264387],[100.90807919289502,13.7874433295153],[100.9079631255722,13.787242012043768],[100.90784763635929,13.787040689101039],[100.90773214736788,13.786839366978972],[100.90761723649189,13.786638040290763],[100.90750174792097,13.786436717099246],[100.90739918441223,13.786118934292702],[100.9070108014368,13.785405708891274],[100.9068562831788,13.785166277715923],[100.90654485393677,13.784606095195098],[100.90633721657824,13.784301552979688],[100.9061249479639,13.783924743971921],[100.90602320340783,13.78370749815327],[100.90600162025129,13.78361163902589],[100.9059668555249,13.78352943948392],[100.90584432640537,13.783314614030807],[100.9057797685271,13.783193105390922],[100.90569366442938,13.782980256104592],[100.90561507240643,13.78283852131743],[100.90542577483416,13.782514630767423],[100.90529006431109,13.782313462646542],[100.90495580236859,13.781787345300389],[100.90476883655191,13.781465695373344],[100.90445277662087,13.780903285276294],[100.90421268541841,13.78051539204029],[100.90400427722383,13.780114826410975],[100.90395824114843,13.779996562831867],[100.9038818805226,13.779844642523498],[100.90372000493062,13.779552168859704],[100.90367351935409,13.779449724655532],[100.90347048799762,13.779070582170496],[100.90338490934683,13.778922121175967],[100.9032738415071,13.778694778272687],[100.90316323124715,13.778523917431826],[100.90305248395788,13.77833611096984],[100.90293227218821,13.778121265405748],[100.90285340938598,13.777945639962946],[100.90278147213735,13.777768830303323],[100.90250055998109,13.777334931970636],[100.90236403977306,13.777104396083484],[100.90209813787837,13.776596949597396],[100.90187674784235,13.776233763018839],[100.90175890381322,13.776025675671095],[100.90156767505846,13.775675812157926],[100.90147720193919,13.775493496540344],[100.90140567780962,13.77536752111272],[100.90126490475835,13.775111033725835],[100.90107563866299,13.774789396439385],[100.90080576809078,13.774362188259833],[100.90050608922711,13.773893410358681],[100.9001410383012,13.773201452898256],[100.89999084059654,13.772922442855775],[100.89974099908189,13.772470224584838],[100.89968576679173,13.772357679255279],[100.89962763609165,13.772244026558578],[100.89957000118768,13.772120201664055],[100.89945938801354,13.771948208677363],[100.89923038843786,13.771500347642942],[100.8989009903273,13.771000164087189],[100.89841073162071,13.770044814771005],[100.89793465495283,13.769127764086678],[100.89771945362311,13.768741928966316],[100.89748912847536,13.768343784127689],[100.89746757011585,13.768250183697917],[100.89743073668515,13.768197369920497],[100.8973276810789,13.768102138086045],[100.89710867370826,13.76774570506973],[100.89708645871949,13.76757076903165],[100.89707036461293,13.767509888257313],[100.89701052641765,13.767470809155391],[100.89690526919554,13.76738915066019],[100.89684068467804,13.767263119770567],[100.89655914704127,13.766820178530747],[100.89631671347644,13.766353211592154],[100.89606896192714,13.765871598885267],[100.89572356877797,13.765320694892464],[100.89525642739262,13.764434070822755],[100.89498020642255,13.764004642631779],[100.89469621070796,13.763542511932757],[100.89434502786976,13.762845915757971],[100.89421310361931,13.762609689160588],[100.8940973311415,13.762369948184402],[100.89379898541465,13.761775748999703],[100.8934479757978,13.761171786580672],[100.89306842128993,13.760610972180777],[100.89285043603545,13.760164147100104],[100.89251411723545,13.759661744738645],[100.89217665578101,13.759017005576187],[100.89194399431776,13.758613222306055],[100.89187018808015,13.758489518772837],[100.89179657258026,13.758389538806183],[100.89175223618977,13.75826560983287],[100.89167806707874,13.758096721023655],[100.8913940678854,13.757632325246327],[100.89119636461704,13.757335595262917],[100.89065419522316,13.756456312132624],[100.89048194758671,13.756235077429146],[100.89021406003472,13.755761518276435],[100.89002247040258,13.755434238421037],[100.88978931142894,13.755039492830885],[100.88957269511091,13.754689809010433],[100.88928941947715,13.754242350899979],[100.88873646783539,13.753385737855748],[100.88859764774593,13.75315294878014],[100.88825409837904,13.752611053078743],[100.88792087013115,13.752080997646239],[100.88792087013115,13.813818984956939]]]}},{"type":"Feature","properties":{"valid_date":"2026-10-01","precip_mm":1.4,"probability_pct":65,"rain_class":"light","model":"ECMWF IFS HRES","resolution_km":9.0,"source":"Open-Meteo ECMWF API","forecast_run":"2026-10-01T15:00:00+07:00","precision_note":"Approximate model-grid context; not street-level rainfall."},"geometry":{"type":"Polygon","coordinates":[[[100.56792087013118,13.893818984956939],[100.56792087013118,13.81381898495694],[100.51421842512067,13.81381898495694],[100.51395313643617,13.813996311448246],[100.51290622646312,13.814541734308463],[100.51182358137761,13.815015059526523],[100.5107192371909,13.81544105743197],[100.50958889121776,13.81578020615273],[100.50842308602432,13.815999797550768],[100.507374182229,13.81641866027198],[100.50691520949013,13.817506200623306],[100.50651795904307,13.818573023027934],[100.50650599230053,13.81860021451864],[100.50639316953696,13.818856268538863],[100.50635222447708,13.819051996587728],[100.50634961282272,13.819185342943527],[100.506395346867,13.819374888434435],[100.50645532296237,13.819531578858795],[100.50652914458875,13.819683664588249],[100.50680123216517,13.820190457938741],[100.5069256859093,13.820484603113075],[100.50700654313572,13.820741727757104],[100.50712031960323,13.821083394877625],[100.5072086312653,13.821241040882645],[100.50746043857272,13.821380733680902],[100.5075867457966,13.821513287898581],[100.50764946123621,13.821646233688114],[100.50763895321859,13.821810136246889],[100.50763036854953,13.822003404832913],[100.50757957081373,13.822285066336038],[100.50760142968947,13.822447640997533],[100.50768043695172,13.822686697939014],[100.5076961149444,13.822787164216233],[100.5077543696154,13.822855731164719],[100.50784713015074,13.822895838106163],[100.50799837360252,13.822950274473815],[100.50814966076089,13.823011490877478],[100.50828185574558,13.823070563815408],[100.50837953138362,13.823155836990388],[100.50859922907091,13.823336402744502],[100.50876871459806,13.823440443648941],[100.50891691518497,13.823471169860825],[100.50921102675782,13.823536025838044],[100.50940778162953,13.823565323131254],[100.50950753734476,13.82361442567946],[100.50977781897458,13.823749483262823],[100.50987611720831,13.82384153142177],[100.50995996996328,13.823934798359476],[100.51003362065794,13.824059765702039],[100.51011061631075,13.824165504758332],[100.51015556810299,13.82423302299908],[100.51015331119976,13.82433133956721],[100.51009670423329,13.824428860783362],[100.51000175227813,13.82449724020485],[100.50985749206463,13.824539935010902],[100.50967542222286,13.824546705106892],[100.50955316032775,13.824593784028556],[100.50940760333472,13.824704281529852],[100.50930153279413,13.824841654006036],[100.5092456990898,13.824969678046765],[100.50922345525433,13.825106534754973],[100.50922928131854,13.825292935076734],[100.50927503691942,13.825395475931165],[100.50931969457648,13.825507063760574],[100.50937667043952,13.825556429494162],[100.50947276903045,13.8255761766549],[100.50960918296039,13.825571947439744],[100.5097823060316,13.825522295579455],[100.51014314406801,13.825355106739114],[100.51026176266228,13.825280931953515],[100.51040076188698,13.825229229943174],[100.51048622114347,13.825212884921529],[100.51060758918238,13.825206487986534],[100.51071648639656,13.825238584919312],[100.51080483378466,13.825311486223955],[100.51084636592651,13.82547619807627],[100.51087129306173,13.825665870327102],[100.51087544682098,13.825772056785627],[100.51088100369005,13.825916651721785],[100.51090600617442,13.826028359335426],[100.51094426898236,13.82613433659051],[100.51099490787345,13.826187130678036],[100.51109099950841,13.826205747292835],[100.5112239313111,13.826199278767463],[100.51135045183523,13.826184940267963],[100.51154846947337,13.82614078334157],[100.51169340950794,13.826113902099499],[100.51182736525196,13.826087088475207],[100.51190752042113,13.826054956821535],[100.51199456829839,13.826016003168197],[100.51205323001287,13.825968185148986],[100.51212203524305,13.825879627657281],[100.51216535219359,13.825783317874246],[100.51222470321471,13.825663181030466],[100.51231970776449,13.825513446588486],[100.5124312012855,13.825320673700027],[100.51252080555938,13.825140464802224],[100.51257028452409,13.825013609282811],[100.51260560239065,13.824932037660256],[100.51266572810538,13.824842402757746],[100.51272714956467,13.824774229134901],[100.51280311048914,13.824719524813098],[100.51290699600393,13.824691766204465],[100.51299602565736,13.824691218029498],[100.51306785052293,13.824712243409309],[100.51312835394506,13.824770625773667],[100.51314058037963,13.824873372567204],[100.5131303974537,13.825086989192465],[100.51312956810489,13.825227103687533],[100.51312621218813,13.825423730386504],[100.51310753422435,13.825575254119027],[100.51310397487441,13.82574024356501],[100.51311775905833,13.825905126025567],[100.51313313894909,13.826048530266865],[100.51320033053115,13.826157717455978],[100.51331642135264,13.826229316676784],[100.51341770016825,13.826334903744467],[100.51354121906323,13.826392897139218],[100.51367486668703,13.826407891229392],[100.51390710850778,13.826470863040253],[100.51407648248393,13.826556821871828],[100.51426092326322,13.826648336223695],[100.51443669969247,13.826741033831992],[100.51463739383938,13.826842616739368],[100.51482740431362,13.826901329641167],[100.51506182044459,13.826942818497029],[100.51527161232728,13.827020616467092],[100.51537884226218,13.827062890699006],[100.51544275710441,13.827112211985922],[100.5155885811899,13.827311306475082],[100.51576934870853,13.827549730950102],[100.51585037988852,13.82774244526208],[100.51587157946449,13.827891463638137],[100.51581614386218,13.828080501704454],[100.5158100400708,13.828209349493278],[100.5158289930167,13.828368550062985],[100.51588007955871,13.82849026489272],[100.51596533396136,13.828620808712813],[100.51620906020464,13.8287605411289],[100.5163442605161,13.828836539291625],[100.51649765347341,13.828954231637061],[100.51676700170437,13.829122053703761],[100.51727670351833,13.829533579424817],[100.51743983061515,13.829725785048192],[100.51760324320927,13.82987279229293],[100.51796680544673,13.830125903072195],[100.51802777243559,13.830166202494294],[100.51818396979755,13.83027031730714],[100.51841468044783,13.830453065336545],[100.51864795965179,13.830586080202337],[100.51883395080681,13.830737466297977],[100.51902251767012,13.830929513975832],[100.51909065714854,13.831005925815987],[100.51926942556841,13.831202552700645],[100.519491700653,13.831421508945253],[100.51976826168881,13.83163108829439],[100.51996411834959,13.831788062679047],[100.5201291582812,13.831918109178053],[100.52028611923448,13.832050465460075],[100.52050445187292,13.832285263790862],[100.52079735829624,13.832607731428006],[100.52111313391211,13.832890510803214],[100.521292613881,13.833018206962949],[100.52147211699315,13.833149292556703],[100.52160937157598,13.833273861651437],[100.52170985134771,13.833344422339215],[100.52183850025911,13.83347921297549],[100.52193511688321,13.833578045272354],[100.52215364871711,13.833754085282129],[100.5223220571543,13.833868290387738],[100.52240922558597,13.833936673576519],[100.52253487431754,13.834054533762904],[100.52266272794496,13.83424469526569],[100.5227056594507,13.83435628961917],[100.52279885209084,13.834461922219496],[100.52288085441043,13.834535986837219],[100.52304685563807,13.83463551748641],[100.52321514749487,13.834731644953546],[100.52329824013387,13.834795533454395],[100.52340582781173,13.834892037059413],[100.52347477598485,13.835003469550808],[100.52354544393148,13.83511263151001],[100.52364845824654,13.83521707366922],[100.52383632947756,13.835389911819856],[100.52401765018931,13.835533412903816],[100.52414702476115,13.835601532957545],[100.52431010711963,13.835696562036256],[100.52445601468446,13.835817684785193],[100.5245750556913,13.835897167928078],[100.52466819826749,13.835994890618556],[100.52476146605082,13.836111820922369],[100.52486157592034,13.836214020718778],[100.52496446614798,13.836299253645807],[100.52508192038746,13.836401344526813],[100.52519895120774,13.83652716603813],[100.52533565367507,13.836655125786903],[100.52544844630371,13.836751595926817],[100.5255563929517,13.836814198938857],[100.52566540755299,13.836863236360157],[100.52580893029871,13.836973073923263],[100.52592350926395,13.837077442943864],[100.52608939212891,13.837247026199021],[100.52626082823717,13.837381547614221],[100.5263781518513,13.837463300242815],[100.52653968615488,13.837586584925727],[100.52668498101865,13.837702060384139],[100.5268687283434,13.83786249247641],[100.52696815851212,13.837948875871213],[100.52709269961642,13.838073520496541],[100.52725091330534,13.838219422545597],[100.52782388171882,13.838751428055911],[100.52872725096852,13.839500573850843],[100.52959676534053,13.840288342901047],[100.52966556302505,13.840376046090658],[100.52976549216982,13.84044999696009],[100.5298469870856,13.840534231108114],[100.52990616325981,13.840653631623532],[100.53003126334251,13.840774880327393],[100.53015036037989,13.840862269286447],[100.5303216462056,13.840973061175083],[100.53047421703512,13.841051201669348],[100.53058151321231,13.84119063971312],[100.53086075389994,13.841541426546392],[100.53128970727,13.841886757797788],[100.5315759354213,13.842068013398999],[100.53175987553385,13.842168554980727],[100.53191029032598,13.842270435914712],[100.53202621583885,13.842403040703033],[100.53209268025674,13.842487367924202],[100.53217323500611,13.842604374227731],[100.53225648079938,13.842690856261585],[100.53241814010997,13.842832214044204],[100.53257163882742,13.842963452706504],[100.53264919958137,13.843064658885684],[100.53270687365257,13.843130962423887],[100.5327738204455,13.843200597646726],[100.53286334494173,13.84327461120933],[100.53305479512862,13.84337397567712],[100.5331813587501,13.843453406861782],[100.53327898504905,13.843528499453427],[100.53337695950435,13.84365669527597],[100.5334832134354,13.843813087710986],[100.53359627946058,13.843950228185495],[100.5337766859325,13.844128753440012],[100.53394827954102,13.844285865554664],[100.53404781133655,13.844386934517566],[100.53415416346252,13.844469881371662],[100.53431097010987,13.84457624015125],[100.53447873966248,13.84467914044171],[100.53461585214278,13.844779973741268],[100.53481220380522,13.84492111141609],[100.53503231953385,13.84507113922565],[100.5350929671417,13.845149852371444],[100.53514091753976,13.84523203567509],[100.53522421727527,13.845326425462229],[100.53536983260295,13.845489348697512],[100.53550079385326,13.845621856319951],[100.5356452824449,13.845701174565248],[100.53574071650587,13.845794358168096],[100.53602175633145,13.846064902487045],[100.53612127492492,13.846163709807058],[100.53621934784834,13.846218460879776],[100.5364353295793,13.8462668219838],[100.53664072538155,13.846288131657104],[100.53677145019994,13.846384483113724],[100.53687426000545,13.846456151799183],[100.53702910445921,13.846527494843857],[100.53720170863883,13.8465738676006],[100.53737207449858,13.846631553288368],[100.53750254723403,13.846689489248513],[100.53763561588944,13.846790345076448],[100.53783807947192,13.84698115813699],[100.53804103980248,13.847159538063073],[100.53821177783067,13.847273715800686],[100.53836210934647,13.8473620347547],[100.53851284073039,13.847423232575714],[100.53862821497937,13.847471093591997],[100.53878753716835,13.8475198083606],[100.5389132143696,13.847551785900599],[100.53907092858024,13.847619719784504],[100.539397943764,13.847758902290959],[100.53966654886368,13.847896191694748],[100.53981106985016,13.84798002658713],[100.5400465786211,13.84809605549155],[100.54025813724247,13.848174948069593],[100.54048655210285,13.848267293227897],[100.54068646672714,13.84833383065006],[100.54085401069038,13.848401700541398],[100.54193115163703,13.848923715353369],[100.54342043706795,13.849516572221502],[100.54351876646102,13.849609734061746],[100.54380501544671,13.849879106208517],[100.54443025274884,13.852362071057533],[100.54553419806466,13.857021584958302],[100.54666831563321,13.861950941330798],[100.54754884125852,13.865600588844785],[100.54807741163904,13.86779150233115],[100.54950924625066,13.873908726326603],[100.55083995825892,13.879588173505221],[100.55095831808795,13.880082316037669],[100.55247870043017,13.886442995441094],[100.55419423149259,13.893818984956939],[100.56792087013118,13.893818984956939]]]}},{"type":"Feature","properties":{"valid_date":"2026-10-01","precip_mm":1.4,"probability_pct":65,"rain_class":"light","model":"ECMWF IFS HRES","resolution_km":9.0,"source":"Open-Meteo ECMWF API","forecast_run":"2026-10-01T15:00:00+07:00","precision_note":"Approximate model-grid context; not street-level rainfall."},"geometry":{"type":"Polygon","coordinates":[[[100.56792087013116,13.893818984956939],[100.64792087013117,13.893818984956939],[100.64792087013117,13.81381898495694],[100.56792087013116,13.81381898495694],[100.56792087013116,13.893818984956939]]]}},{"type":"Feature","properties":{"valid_date":"2026-10-01","precip_mm":1.6,"probability_pct":61,"rain_class":"light","model":"ECMWF IFS HRES","resolution_km":9.0,"source":"Open-Meteo ECMWF API","forecast_run":"2026-10-01T15:00:00+07:00","precision_note":"Approximate model-grid context; not street-level rainfall."},"geometry":{"type":"Polygon","coordinates":[[[100.64792087013116,13.893818984956939],[100.72792087013117,13.893818984956939],[100.72792087013117,13.81381898495694],[100.64792087013116,13.81381898495694],[100.64792087013116,13.893818984956939]]]}},{"type":"Feature","properties":{"valid_date":"2026-10-01","precip_mm":1.6,"probability_pct":61,"rain_class":"light","model":"ECMWF IFS HRES","resolution_km":9.0,"source":"Open-Meteo ECMWF API","forecast_run":"2026-10-01T15:00:00+07:00","precision_note":"Approximate model-grid context; not street-level rainfall."},"geometry":{"type":"Polygon","coordinates":[[[100.72792087013116,13.893818984956939],[100.80792087013117,13.893818984956939],[100.80792087013117,13.81381898495694],[100.72792087013116,13.81381898495694],[100.72792087013116,13.893818984956939]]]}},{"type":"Feature","properties":{"valid_date":"2026-10-01","precip_mm":1.6,"probability_pct":61,"rain_class":"light","model":"ECMWF IFS HRES","resolution_km":9.0,"source":"Open-Meteo ECMWF API","forecast_run":"2026-10-01T15:00:00+07:00","precision_note":"Approximate model-grid context; not street-level rainfall."},"geometry":{"type":"Polygon","coordinates":[[[100.80792087013116,13.893818984956939],[100.88792087013117,13.893818984956939],[100.88792087013117,13.81381898495694],[100.80792087013116,13.81381898495694],[100.80792087013116,13.893818984956939]]]}},{"type":"Feature","properties":{"valid_date":"2026-10-01","precip_mm":1.0,"probability_pct":60,"rain_class":"light","model":"ECMWF IFS HRES","resolution_km":9.0,"source":"Open-Meteo ECMWF API","forecast_run":"2026-10-01T15:00:00+07:00","precision_note":"Approximate model-grid context; not street-level rainfall."},"geometry":{"type":"Polygon","coordinates":[[[100.88792087013115,13.81381898495694],[100.88792087013115,13.893818984956939],[100.90769663482004,13.893818984956939],[100.90768840553113,13.893778911769296],[100.90768726321825,13.89371000889886],[100.90768832259198,13.893627532406791],[100.90768024230212,13.893558683743121],[100.9076755662741,13.893481900569261],[100.90767147766547,13.893406242506583],[100.90765760650139,13.893336309381992],[100.9076482681799,13.89325504292069],[100.90764071060767,13.893179411957101],[100.90761124753627,13.893111860044717],[100.90759790834633,13.89303627424644],[100.90759906025419,13.892965094041193],[100.90759451375281,13.892904125669572],[100.90759388493971,13.892827310866885],[100.90758737370363,13.8927381153006],[100.90758399279109,13.89267826752263],[100.90758286905228,13.89261162390016],[100.907576569592,13.892548409816358],[100.9075656078411,13.892480712443442],[100.907558179809,13.892420896279342],[100.90754894332217,13.892352056627848],[100.90753336555237,13.892285525916094],[100.90752350468917,13.892211042630018],[100.90751832460845,13.892143300988073],[100.90751494374273,13.89208345320301],[100.90751098471922,13.892023609933812],[100.90750582314601,13.891958127548804],[100.90752546703402,13.891885673181488],[100.90749554624595,13.89183281092441],[100.90748806279875,13.891766216972488],[100.90748403999473,13.891698465381461],[100.90747885995684,13.891630723733062],[100.90747715813299,13.891564084616395],[100.90747486890669,13.891496320385746],[100.90747138638152,13.891424046668144],[100.90750213549097,13.891366191683446],[100.9074629364967,13.891310012780368],[100.9074560220098,13.891242284675686],[100.90744855710616,13.89117794997504],[100.90744457965565,13.891115847436993],[100.90741732791979,13.89103585145876],[100.90739996037816,13.890962556484626],[100.90739536781336,13.890895939939343],[100.90739198703284,13.890836091236737],[100.90738566000218,13.890769488237183],[100.90738227923772,13.890709640437004],[100.90737710945953,13.890643028397227],[100.9073690387271,13.890575309312107],[100.90735982093074,13.890508728886726],[100.90735290652854,13.890441000768032],[100.9073471576924,13.890374393247127],[100.90734082146044,13.89030666061093],[100.90732871290696,13.890240102757767],[100.90733490201742,13.89014854855339],[100.90731704888766,13.890086554370791],[100.90731071267606,13.890018820826477],[100.9073017957818,13.88991834697837],[100.9072902376995,13.889848395712269],[100.90727981745185,13.889776176154172],[100.9072752434772,13.889711818853023],[100.90726607199173,13.889650886561657],[100.90725745093872,13.889586560864087],[100.90724823417587,13.88951998041307],[100.90724067701623,13.889444349383064],[100.90723784677958,13.889381108162565],[100.90723386023686,13.889317875971308],[100.90722558629078,13.889225304098938],[100.90720515263355,13.88913056867873],[100.90715603310397,13.889063170108756],[100.90717806353862,13.888999734752847],[100.90720120405824,13.888930642216428],[100.9071960335142,13.88886403015918],[100.90718911927215,13.88879630201487],[100.9071793235116,13.888729726072492],[100.90717185885714,13.888665391330761],[100.90716120769311,13.888564930996198],[100.90715551448226,13.888505101229018],[100.90714803228342,13.888438506312426],[100.90713996177917,13.888370787189858],[100.90713190052406,13.888304197696243],[100.90712446363729,13.888243251838084],[100.90711579651865,13.888173277965818],[100.90711125040481,13.888112309534405],[100.90710323538437,13.888051368187412],[100.90709522037022,13.887990426839332],[100.90708352390195,13.887903531079116],[100.90707549042064,13.887840330467865],[100.90707320149299,13.88777256619428],[100.90706807726112,13.887711602271745],[100.9070612185814,13.887650651890329],[100.90704708017668,13.887547958450028],[100.90703848706154,13.887487021607473],[100.90703047210334,13.887426080249945],[100.90702188824193,13.88736627303544],[100.90701445237147,13.887305327154754],[100.90700817188174,13.88724437225289],[100.90700131324769,13.887183421863819],[100.90697242949328,13.88711586520825],[100.90696728684466,13.887052642014465],[100.90695581227943,13.886992857359646],[100.9069466410786,13.886931925019029],[100.90694093877858,13.886870965596676],[100.9069358146251,13.886810000756428],[100.90692837788909,13.88674905487256],[100.90692094115909,13.886688108987679],[100.90691293552634,13.886628297245535],[100.90689609136496,13.886548219851848],[100.90688627738871,13.88647938460226],[100.90687941883553,13.88641843419918],[100.9068714039926,13.886357492821347],[100.90686050765719,13.886297703638215],[100.9068496020903,13.886236784823046],[100.90684210166717,13.886167931507433],[100.90683929017537,13.886106949508472],[100.90683762573487,13.886044827948899],[100.90683828313097,13.885983818871626],[100.90683836238219,13.885922814306985],[100.90688309750105,13.885878406706627],[100.90683416364209,13.885833600567004],[100.9068226799737,13.885772686257596],[100.90681633495902,13.885703823917469],[100.90680774203605,13.885642887041644],[100.90680261799469,13.885581923088587],[100.90679056544818,13.885522142917155],[100.90677851290984,13.885462362744057],[100.90677223259556,13.885401407813156],[100.90676768672243,13.885340439343821],[100.90675723545873,13.885193658648713],[100.90675419017859,13.885033264616503],[100.90676609259948,13.884862586591177],[100.90676850836937,13.884733781612555],[100.9067702204998,13.884660337564553],[100.90675949602235,13.884550840089537],[100.90675842067417,13.88434863166785],[100.90674765548194,13.884163443507076],[100.90668304470344,13.88403968042791],[100.90668369843688,13.88390750008011],[100.90669463317779,13.883830594942987],[100.90668121756511,13.883674800628517],[100.90665992044026,13.883545050080558],[100.90663978514148,13.883345249775992],[100.90659988231636,13.883132047279506],[100.90659159070579,13.8830372169226],[100.90657839231307,13.882978575351633],[100.90658654352167,13.88284407707719],[100.9065883074912,13.882706238629376],[100.90655927870642,13.882479394809673],[100.90654027959634,13.882418539084952],[100.90652861159509,13.882335032091705],[100.90652783587457,13.882240143076713],[100.90654949032691,13.881989180007322],[100.90651089926384,13.881936385061278],[100.90652023815692,13.88187643702117],[100.90653188036653,13.881815342210215],[100.90652662733402,13.881738563376757],[100.9065057019915,13.881512785991381],[100.90648857795081,13.881327648256581],[100.90648815882821,13.881205643570878],[100.90647965146697,13.881013659477551],[100.9064744825323,13.880947047308089],[100.90645302901363,13.880798093839335],[100.90643793144974,13.880577919465841],[100.9064366480501,13.880420900707394],[100.90643169628653,13.880310228404172],[100.90642355272382,13.880233472101486],[100.90642869697753,13.880155481531022],[100.90644020992698,13.880078571884795],[100.90645059430636,13.880005060152875],[100.90644716906972,13.87993956407495],[100.906449478067,13.879868374746357],[100.90645404419612,13.879790389589017],[100.906448213193,13.879713615242718],[100.90644289570069,13.879628928965372],[100.90644587516483,13.879569031439784],[100.90644356835946,13.879499007820247],[100.9064406095687,13.87941995165838],[100.90643944056882,13.879347659754997],[100.90644742009533,13.87926286884412],[100.90645441878046,13.879199550854379],[100.9064543968143,13.879126120299166],[100.90644580445817,13.879065183336403],[100.90644524129917,13.878996275815775],[100.90644589995149,13.878935266688547],[100.90645041994549,13.87885163337036],[100.90645538882166,13.878752180701223],[100.90645877102372,13.878670815664936],[100.90645560917538,13.878566907604064],[100.90644554672323,13.87846757218307],[100.90643386067295,13.878381804963286],[100.90642699352807,13.878319724832082],[100.90641542751509,13.878248643722829],[100.90640368611702,13.878156099611468],[100.90640022314057,13.878086084999172],[100.90640775381743,13.878017114340569],[100.90641701979872,13.87794813014671],[100.90642917548658,13.877879123413331],[100.90643948601497,13.877796574628729],[100.90643342437632,13.877691559472867],[100.90642638188676,13.87760801633478],[100.90641601833784,13.877542573453137],[100.90640670028614,13.877463566875486],[100.90639749301329,13.877398115876211],[100.90637832838541,13.877316926686083],[100.906367835654,13.877235669857415],[100.90636206946903,13.877166802904075],[100.90635785305815,13.877075329788557],[100.90636236390738,13.876990566828859],[100.90637378548531,13.876902360859757],[100.90638022454239,13.8768413066395],[100.9063759804569,13.876746444626932],[100.90636835993057,13.876662905079906],[100.90636261224245,13.87659629738527],[100.90635502866012,13.876517277266425],[100.90635441948596,13.876442721568896],[100.90635024927842,13.87635689660505],[100.90634261034066,13.876271098691982],[100.90633281582525,13.876204522552682],[100.9063251307588,13.876113076477424],[100.90631459200922,13.876026171470347],[100.9062920142291,13.87595178708863],[100.90628105427304,13.875884089423224],[100.9062816576946,13.875816302486074],[100.9062790927144,13.875714649140432],[100.90626169632687,13.875566793591005],[100.90626274775873,13.875483187303589],[100.90626514001022,13.875422164638158],[100.90626285192491,13.875354400246176],[100.90629287399022,13.875278475973047],[100.90625875832296,13.875136399311016],[100.90625344121968,13.87505171207371],[100.9062539699276,13.874974888082853],[100.90625043334514,13.87489583638346],[100.90624230965173,13.87482133926754],[100.90623883767957,13.874750194990357],[100.90624582722347,13.874685747362673],[100.9062509255313,13.874602109514276],[100.90625563951062,13.874542198446116],[100.90625974768686,13.874478902989685],[100.90626041483716,13.87441902347636],[100.90625578664567,13.8743478882128],[100.90625119537145,13.874281271476605],[100.90624547555015,13.874218052651326],[100.90624208665322,13.874157074154773],[100.90624389159794,13.874094926359993],[100.90624743089616,13.87403276504195],[100.90624748303588,13.873968371505702],[100.90625946432557,13.873877901763022],[100.90626232400344,13.873803318999366],[100.9062600729084,13.87374007312514],[100.90625945466384,13.87366438777448],[100.90626068150145,13.873602244485884],[100.90626190834062,13.87354010119707],[100.9062521232948,13.873474654654949],[100.90624459535684,13.873402412288636],[100.9062400318223,13.87333918444101],[100.90624467199792,13.873270235409256],[100.9062429344579,13.87319907759848],[100.90624648300196,13.873138045910032],[100.90624408430966,13.873056725916348],[100.9062418148001,13.872991220772402],[100.90624171104751,13.872907623476486],[100.9062388818849,13.872844382103171],[100.90623702441923,13.872758539070777],[100.9062310002141,13.872658042369434],[100.90622755604623,13.872590286972317],[100.90622244212774,13.872530452521636],[100.90621840140274,13.872460442365814],[100.90621727892163,13.872393797666792],[100.90621621180931,13.872333931664574],[100.90621976037775,13.87227289997324],[100.90622443749332,13.872208470370905],[100.90622220493465,13.872147483749796],[100.90622108247338,13.872080839952835],[100.90621416966496,13.87201311159296],[100.90621071631062,13.871944226558092],[100.90620557567982,13.871881003197586],[100.9062068118124,13.871819989532389],[100.90621319559678,13.871752157511173],[100.90621440405343,13.87168775494873],[100.90621387817745,13.8716233659066],[100.90621048942513,13.871562388295214],[100.90620414553341,13.871493524887136],[100.90619324134727,13.87143260586215],[100.90619043072061,13.871371623741819],[100.90618531688035,13.871311789280085],[100.90618649768238,13.871243997817777],[100.90618887160885,13.871180715871422],[100.90619240175674,13.871117424911633],[100.9061947387834,13.871049624435427],[100.90619135006456,13.870988646819367],[100.9061983774752,13.870928717709528],[100.90620019174771,13.870867699533722],[100.90619672923475,13.87079768485746],[100.90619447829613,13.870734438961968],[100.90619508099869,13.870666651100114],[100.90619342662563,13.870605659962132],[100.90619058836297,13.870541288939336],[100.90619931227667,13.87047682778728],[100.906206889196,13.870413505280547],[100.90621378653034,13.87033776132341],[100.90622009653045,13.870260892240202],[100.90621757808843,13.870164887001364],[100.9062199797094,13.870104993949312],[100.90622005967623,13.870043989290108],[100.90622183799321,13.869978452574514],[100.90622423039287,13.869917429889478],[100.90622196103809,13.86985192472486],[100.90622026978656,13.869786414149726],[100.90621803733742,13.869725427514076],[100.90621986086234,13.869665538966828],[100.90622340948323,13.869604507268232],[100.9062263892226,13.869544609708255],[100.9062264692073,13.869483605046655],[100.90622713652449,13.869423725511114],[100.90622947359033,13.869355925029208],[100.90622955358079,13.869294920366832],[100.90622789925676,13.869233929222544],[100.90622273018238,13.869167316951705],[100.90621582679788,13.869100718198188],[100.90621302549961,13.869040865696867],[100.90621426264013,13.868979852013256],[100.90621141522058,13.868914350444555],[100.90621091712657,13.868853350285484],[100.90620985015443,13.868793484264616],[100.90620877396104,13.868732488610805],[100.90620366026512,13.868672654130455],[100.90619564683016,13.868611712546029],[100.90619111124825,13.868551873558259],[100.90618656644713,13.868490904937204],[100.90618603148133,13.868425386244603],[100.90617917427487,13.868364435645299],[100.90618041051954,13.86830342196521],[100.9061804997829,13.868243546928959],[100.90618347956303,13.868183649364042],[100.90618583512432,13.868118108141367],[100.90619331059328,13.86804235876991],[100.90619860370923,13.867982443174851],[100.9062021523694,13.867921411471224],[100.90620335172844,13.867855879259311],[100.90620228479725,13.867796013232972],[100.90620253713418,13.867685300218527],[100.9062031952915,13.867624291041928],[100.9062009260516,13.867558785861913],[100.90619869370721,13.867497799212229],[100.90619758067675,13.867432285020268],[100.90619998236922,13.867372391958758],[100.90620410914201,13.86731135574803],[100.9062059327351,13.867251467191712],[100.90621236268757,13.867189283326333],[100.90622051770961,13.867125955408198],[100.90622750823874,13.867061507764678],[100.9062339012959,13.866994805368295],[100.9062426620878,13.866934862746604],[100.90624734851122,13.86687156276464],[100.90626181651231,13.866802538026832],[100.90628152429268,13.866737991270794],[100.90628969774937,13.866676923521752],[100.90629788042672,13.866616985405422],[100.90630836627457,13.866555899634532],[100.9063165028329,13.866490313354552],[100.90631655523218,13.866425919783538],[100.90631836959723,13.86636490159416],[100.9063155591775,13.866303919447814],[100.906320227146,13.866238360200052],[100.90632667644631,13.866178435592609],[100.90633250060206,13.86611286643027],[100.90633258990125,13.866052991388983],[100.90633209188245,13.865991991220001],[100.90633215351836,13.865928727279845],[100.90633912465495,13.865862020377431],[100.90634035171011,13.865799877059082],[100.90633986292114,13.865740006521895],[100.90634342081137,13.865680104447591],[100.90633764615623,13.865610107761924],[100.90633363346316,13.865543486458126],[100.9063325573669,13.865482490791821],[100.90633205014727,13.865420360987184],[100.90633090950159,13.86535145789042],[100.9063298334137,13.865290462222994],[100.90633177494152,13.865174086604855],[100.90632951500409,13.865109711048092],[100.90632841126055,13.865045326480782],[100.9063261697737,13.86498321018879],[100.9063227813224,13.864922232539142],[100.90632340265084,13.864856704822788],[100.90632346433027,13.86479344087684],[100.90632991271481,13.86473351627509],[100.90633113980698,13.86467137295183],[100.90633065106174,13.864611502408813],[100.9063248672585,13.864540376080289],[100.90633299459661,13.864473660166308],[100.90633249663668,13.864412659989485],[100.9063325859866,13.864352784036734],[100.90632977565824,13.864291801878466],[100.90632347925717,13.864228587475173],[100.90632239399467,13.864166462168589],[100.90632590581377,13.86410091192509],[100.90632538020611,13.86403652284732],[100.9063283508194,13.863975495639966],[100.9063295410508,13.863908833781725],[100.90632615265201,13.863847856125185],[100.90632450775419,13.86378799458721],[100.90632285363834,13.863727003415864],[100.90632000645856,13.863661502721309],[100.90631893044078,13.863600507044529],[100.90631897371802,13.863534982922648],[100.9063195950963,13.86346945519964],[100.906318528307,13.86340958915484],[100.9063203427543,13.863348570954352],[100.90632381863504,13.863278502168985],[100.90632618351337,13.86321409056465],[100.9063274198736,13.863153076868064],[100.9063257196813,13.863086437528105],[100.9063257998652,13.86302543283975],[100.90632580628784,13.86295539108675],[100.90632357411707,13.862894404415119],[100.90632076385994,13.862833422247332],[100.90631622855813,13.862773583224936],[100.90631161949926,13.86270470713726],[100.90630759774777,13.862636955273953],[100.90630765951195,13.862573691316717],[100.90630890511623,13.862513807250124],[100.90631071959066,13.862452789046072],[100.90631250640641,13.862388381942523],[100.90631256817827,13.862325117984252],[100.90631033696408,13.862264131301112],[100.90630748986092,13.862198630596286],[100.90630056848715,13.862129772519742],[100.90628496658418,13.862059852368713],[100.90627519166667,13.861995535341743],[100.90627175727987,13.861928909504186],[100.90626659785512,13.861863426810782],[100.90626490695108,13.861797916189829],[100.90626268406722,13.861738059141935],[100.9062627274377,13.861672535912383],[100.9062633488973,13.861607008178726],[100.90626227297611,13.861546012488924],[100.90626177514396,13.861485012295024],[100.90625955227469,13.861425155245172],[100.90625500784546,13.861364186576374],[100.90624758221014,13.861304370058386],[100.90623900133409,13.861244562539415],[100.90622686805744,13.86117461534841],[100.90621824017781,13.861109159667592],[100.90621365890232,13.861043672461182],[100.90621196805,13.860978161833055],[100.90621492032498,13.860914875347284],[100.90622126736177,13.860842524774295],[100.90622539424353,13.860781488548076],[100.90622779609029,13.86072159546533],[100.90622903255087,13.860660581755921],[100.90622912206297,13.860600706686384],[100.90621872310068,13.860530745976751],[100.90619795551075,13.860465384857815],[100.90617090275737,13.860409110337365],[100.90612490230725,13.860368799281295],[100.90607024905437,13.860330815025195],[100.90600554718347,13.860265795193655],[100.90596240955563,13.860222072684994],[100.90591755612739,13.860180622941169],[100.90587036273358,13.86013580229566],[100.90582090310566,13.860096647815785],[100.9057737005313,13.860050697513085],[100.90573917893627,13.860000129619564],[100.90570868550543,13.859947270938038],[100.90568222945254,13.859893251103973],[100.90565576419816,13.85983810163147],[100.90563275823686,13.859781795510239],[100.90560447582337,13.85971649192558],[100.90558838844524,13.859657872509516],[100.90556819921709,13.859592506798476],[100.9055440288551,13.859535080023882],[100.90551809569446,13.859474277854646],[100.90549278670028,13.859419119348987],[100.9054714229372,13.859351503357258],[100.90545187635533,13.859294040564002],[100.90542655818764,13.85923775241222],[100.90538165898771,13.859190654360336],[100.90532121610582,13.859151584353691],[100.90526087458917,13.859124941208213],[100.90519358690285,13.859097222417418],[100.90513390639994,13.85908074144406],[100.9050726104882,13.859078959207705],[100.90501080189915,13.859085088888575],[100.90494379057698,13.859091259053047],[100.90488193592309,13.859091740530436],[100.90482000758313,13.859083184917049],[100.90475626211166,13.859064476075686],[100.90469872818011,13.85902764357281],[100.90463888194277,13.858990829050413],[100.9045945518078,13.858942596692941],[100.90455830560215,13.858893170802299],[100.90452891350465,13.858833525110795],[100.90449837447198,13.858775018045609],[100.90447134077077,13.85872100252128],[100.90444767427118,13.858654534019339],[100.9044155003035,13.858537294929574],[100.90439826638345,13.85847981401264],[100.9043832895439,13.858415537291386],[100.90436778067448,13.858356913239906],[100.90435457492345,13.858297141558541],[100.90434311354315,13.858238485104694],[100.90433101792931,13.858173056249525],[100.9043269878034,13.858104175514962],[100.90432413225423,13.858037545053175],[100.90431955168161,13.857972057719733],[100.90430634597759,13.857912286029611],[100.9042937275674,13.857853639474556],[100.90428282498516,13.857792720154368],[100.90427247286775,13.857728407430189],[100.90426157030114,13.857667488107007],[100.9042495023808,13.857605448142913],[100.90423687480485,13.85754567194465],[100.90423175302627,13.857484706736395],[100.9042306870052,13.857424840582548],[100.90421749057946,13.857366198513155],[100.90420139457247,13.857306449294695],[100.90418930828699,13.857242150051492],[100.90417609347577,13.85718124870639],[100.90416520018445,13.857121459004835],[100.90415078413398,13.857054918468554],[100.90413639478638,13.856991766842343],[100.9041174176647,13.856933169732033],[100.90409840373253,13.85687005407846],[100.90407827968826,13.856812595591439],[100.9040593025938,13.85675399756836],[100.90404258258869,13.856688604647374],[100.90402355029495,13.85662322971134],[100.9039976179341,13.856562427274776],[100.90397461278083,13.85650612089047],[100.90396484813044,13.85644293326713],[100.90395914841793,13.85638197343615],[100.90394825524571,13.856322183709324],[100.90393501296727,13.856257893426395],[100.90392122944087,13.85619812617904],[100.90391204290266,13.856134934052076],[100.9038999844108,13.856074023676582],[100.90388381497796,13.856005236423316],[100.90386888454468,13.855946607796275],[100.90385107295778,13.855889131283755],[100.9038268381525,13.85582379677926],[100.90381069730994,13.855758399317457],[100.90378645333077,13.85569193516972],[100.90376518255792,13.85563561525628],[100.90374381976852,13.855567998985142],[100.90372484290506,13.855509401810421],[100.90370181954692,13.855450836103177],[100.9036816313483,13.855385470100588],[100.90366323258542,13.85532686751696],[100.9036378877766,13.85526719014553],[100.90361603901859,13.855210874703252],[100.90359879644167,13.855152264022859],[100.90358213194666,13.855093648844502],[100.90356720167574,13.855035020177707],[100.90355629030775,13.854972971135041],[100.9035418277091,13.8549007823416],[100.9035280536085,13.854842144678257],[100.90350439710804,13.854776805615826],[100.90347552878727,13.854710377368475],[100.90346572759898,13.85464267024298],[100.9034553575569,13.854576098150334],[100.90344042736734,13.854517469465126],[100.90341854194706,13.854456635443846],[100.90340645612505,13.854392336101197],[100.90341923743034,13.854328973112434],[100.90339271828368,13.854267045406992],[100.90336161139857,13.854209672196427],[100.90333793663062,13.854142073828847],[100.9033276218644,13.854082279535728],[100.90331615096774,13.854022494230039],[100.90330353314104,13.85396384754737],[100.90329264032151,13.853904056840447],[100.90327882037708,13.853839770963507],[100.90326389030234,13.853781142252457],[100.90324182103826,13.853697715478537],[100.90322511998654,13.853634581700653],[100.90321191494944,13.853574809863966],[100.90319987525517,13.853516158673457],[100.90318721150791,13.853451863795287],[100.903173960504,13.853386443773111],[100.9031554885082,13.853318804921198],[100.9031474861206,13.853258992630865],[100.90313599693383,13.853196947126],[100.90312219549564,13.853134920497922],[100.90311130372093,13.853075130664694],[100.90310387942766,13.85301531387568],[100.90309183060968,13.852955533034038],[100.90307747873291,13.852896899800806],[100.90307177026267,13.852834810255501],[100.9030590790192,13.852767126449635],[100.90304646136553,13.852708479731032],[100.9030245670787,13.852646515994895],[100.90300493908119,13.852578886101202],[100.90298822901494,13.852514622646996],[100.90297618945849,13.852455970522747],[100.90296472798232,13.852397314807508],[100.90295083469651,13.85232399179154],[100.90294223597077,13.852261924699263],[100.90292669128117,13.852198781884537],[100.90291230273084,13.852135630081731],[100.90289909790789,13.852075858200088],[100.9028875905009,13.852011554293036],[100.90287260552302,13.85194614770421],[100.90285070218293,13.851883054297415],[100.90283045948088,13.851810910318145],[100.9028137780564,13.851750035736988],[100.90279708651478,13.851688030620362],[100.90278043177327,13.851630544950575],[100.90276146478965,13.851573077247645],[100.90274249781709,13.851515609541789],[100.90272291601255,13.851453627779279],[100.90270624292322,13.851393882825922],[100.90270455349338,13.851328372893127],[100.90270212049792,13.851242533994721],[100.90270736782067,13.85117697015614],[100.90269351151652,13.851108165645089],[100.9026635982178,13.851055301817933],[100.9026028281704,13.851046735466086],[100.90258087904674,13.850977993827488],[100.90257459276103,13.850915908730112],[100.90255903911233,13.850851636224569],[100.90254295338198,13.850793016391473],[100.90252683088707,13.850729878009314],[100.90250954308785,13.850665618970856],[100.902496246565,13.850594550669713],[100.90247150835447,13.85053825747025],[100.90244275131353,13.85048538461536],[100.9024266656489,13.850426764765981],[100.90240712175098,13.850369301490481],[100.90240250537262,13.850299294543193],[100.90239681562137,13.850239464212136],[100.9023852993154,13.850174030606164],[100.90239461154603,13.850110694597388],[100.90240451102578,13.850048483734426],[100.90241327276914,13.849988541127075],[100.90242319062814,13.849928589537713],[100.90242615339207,13.849866432566637],[100.90242561103422,13.849799783993939],[100.90242161871261,13.849735421640164],[100.90241418562202,13.84967447514167],[100.90240733978797,13.849614653788164],[100.90239298839573,13.849556020451258],[100.90237459979116,13.849498547280774],[100.90235504589705,13.849439954355665],[100.90233891440208,13.849375686299107],[100.90232282060971,13.849315936780604],[100.90230782686827,13.84924940046413],[100.90228482305851,13.849193093744345],[100.90225429532713,13.849135715758393],[100.9022197487859,13.849081758109326],[100.90213879227778,13.849007826193331],[100.90240183264191,13.848795657145361],[100.90415155615602,13.84842055284703],[100.90521016365354,13.848222529648064],[100.90627416372152,13.848048183933301],[100.90732401282044,13.847840052820596],[100.90836073573993,13.84758231178295],[100.90941108306401,13.847365130662322],[100.91047241512999,13.847219030911988],[100.91152766833943,13.847036823657612],[100.91259236730272,13.846808220479453],[100.91266013436818,13.846753465554018],[100.9126315565089,13.846652015497908],[100.91247256821826,13.846367441335072],[100.91241103788713,13.84619507726472],[100.91234171062577,13.846058924529233],[100.91228486419315,13.845964472420844],[100.91223233201418,13.845902748897032],[100.912168081925,13.845821911889281],[100.91210275891859,13.845751250560722],[100.91202941338351,13.845618518171747],[100.91197218854576,13.845477751993517],[100.91192732436078,13.84536400127996],[100.9118783585132,13.845243505252004],[100.91184458809262,13.845143225261578],[100.91178300696224,13.845035254399312],[100.91171796686605,13.844928440212504],[100.91164889899008,13.844823915936566],[100.91157695943785,13.844721674353236],[100.9115021389701,13.844620584924819],[100.91142502486389,13.844521772769207],[100.91134675474036,13.844422969600735],[100.91126733783224,13.8443253050496],[100.91118676582597,13.844227648572204],[100.91110678024378,13.844131118091756],[100.91102564787636,13.844035726226448],[100.91094163459942,13.84394148650272],[100.9108559057261,13.843849519531235],[100.91076959887268,13.84375755612539],[100.91068329209533,13.8436655935834],[100.9105975634273,13.843573626493303],[100.91051412853479,13.843479382067546],[100.9104324186047,13.843383994448416],[100.91035415852282,13.84328631957905],[100.91027761418346,13.843186372792534],[100.91020222599114,13.84308641695852],[100.91012855353394,13.842984188306556],[100.91005603722236,13.842881950609769],[100.90998466782352,13.842778573333197],[100.90991445457578,13.842675187917827],[100.90984481020868,13.84257066833472],[100.90977631276087,13.842465010078325],[100.90970954949252,13.842359338276577],[100.9096433643262,13.842253661942385],[100.90957947292259,13.842145707390774],[100.90951558158984,13.84203775371768],[100.90945284639443,13.84192979100933],[100.9093912581143,13.841820689633845],[100.90932909186002,13.841711592739216],[100.90926750369731,13.841602490412196],[100.90920591560423,13.841493388965056],[100.90914375875688,13.841385421631397],[100.90908101471737,13.841276329144389],[100.90901884877633,13.84116723212906],[100.90895726092562,13.84105812968225],[100.90889797606566,13.840947880468281],[100.9088398473356,13.840837622225331],[100.90878459040258,13.84072508217825],[100.90873221540623,13.840611389955564],[100.9086833077438,13.84049767070473],[100.90864461783623,13.840290105394958],[100.90860775683605,13.840164995221361],[100.90857060352903,13.840074908182046],[100.90852956737805,13.839934014629499],[100.90847216208937,13.839770653541088],[100.90842309813233,13.839637730417271],[100.90836572066485,13.839477759086481],[100.90831421573414,13.839329039054068],[100.90826512434919,13.839192726968701],[100.90824030440373,13.839126266709702],[100.90821538221402,13.839047381382986],[100.90817884416701,13.838961808269016],[100.90814648133482,13.838892018515526],[100.90808836045127,13.838711718149536],[100.90805195148427,13.83864195987965],[100.90801942293382,13.838551836681994],[100.9079905560203,13.838485407887744],[100.90792951068141,13.838371782873173],[100.90782445235395,13.838248333131979],[100.90779115251715,13.838134492061357],[100.90785024506614,13.838008634652788],[100.9079656641284,13.837913970479383],[100.90807770797143,13.837830629600692],[100.90820115474264,13.837727994892717],[100.90829241615721,13.837648204871476],[100.90841586273407,13.837545570078412],[100.90850549219444,13.837478219465083],[100.90860887352271,13.837396075553688],[100.90871282358793,13.837312797471856],[100.90882824194067,13.837218132976224],[100.90891557655321,13.837153059525427],[100.90901844406926,13.837078827414015],[100.909121908899,13.837006850024677],[100.90922594154553,13.836933738470226],[100.90932940531656,13.836861761016163],[100.9094334470452,13.83678977902286],[100.9095369106828,13.836717801496807],[100.90964036596041,13.836644694294389],[100.9097432422221,13.836571591567433],[100.90984553117424,13.836497363676239],[100.90994723281614,13.836422010621643],[100.91004835636714,13.836346662037506],[100.91014889353232,13.836270188284292],[100.9102500077272,13.836193709999968],[100.91035054383143,13.8361172361873],[100.91045050184566,13.836040766846923],[100.9105510378142,13.835964292968015],[100.91065157463962,13.835887819048676],[100.91075153245089,13.835811349609477],[100.91085148097123,13.83573375050492],[100.91095142942319,13.835656151367683],[100.91105079978611,13.83557855670455],[100.91115074810158,13.83550095750217],[100.91125069727353,13.835423358259902],[100.91135123269787,13.835346884117016],[100.91145177728026,13.835271539573116],[100.91155405585434,13.835196181472348],[100.91165635281378,13.835123082601122],[100.91175980666972,13.835049974671245],[100.91186326876112,13.834977996344795],[100.9119672995764,13.834904883841858],[100.91207133955245,13.834832900934568],[100.91217480144319,13.83476092250014],[100.91227825496256,13.834687814390923],[100.91238112947174,13.83461471076279],[100.91248341666572,13.8345404819776],[100.91258570379956,13.83446625406137],[100.9126879908585,13.8343920252067],[100.91279027877475,13.834317796310073],[100.91289140043285,13.83424244677597],[100.91299310004,13.834167092697204],[100.9130936343134,13.834090617975281],[100.91319300325311,13.834013022611654],[100.91329236289096,13.833934297584676],[100.91338998010355,13.833854456422547],[100.91348643105746,13.833773494629776],[100.91358288194327,13.833692532807161],[100.9136787455104,13.833610445836179],[100.91377403099436,13.83352836334842],[100.9138704733641,13.83344627179902],[100.91396750199114,13.83336530534488],[100.91406511780085,13.833285463978],[100.91416448605902,13.833207868301466],[100.91426443226285,13.833130268079122],[100.91436496657501,13.833053792933592],[100.9144660871465,13.832978442878506],[100.91456662039815,13.832901967673537],[100.91466714434206,13.832824362805074],[100.91476651219227,13.83274676693281],[100.9148647156343,13.8326680504206],[100.91496116556553,13.83258708816922],[100.91505586291045,13.832503880173599],[100.91514938568028,13.832418421920407],[100.91524175235865,13.832332972671052],[100.91533469698007,13.832247518879239],[100.91542764245786,13.832162065053174],[100.91552176145031,13.832078861434507],[100.91561820165995,13.831996769351967],[100.91571699081796,13.831919177692027],[100.9158186976919,13.831844952305042],[100.91592273595245,13.831772968067487],[100.91602793848566,13.831702104395827],[100.9161343154625,13.831633490910738],[100.9162406923734,13.83156487738718],[100.91634648196256,13.831495138713821],[100.91645110714539,13.831424279402478],[100.91655396956797,13.831350044729186],[100.91665508864975,13.83127469394748],[100.91675445514265,13.831197097430406],[100.91685264705386,13.831117250661173],[100.9169502618137,13.831037408372794],[100.91704729757329,13.830957570580344],[100.91714490202173,13.830876598609084],[100.91724251565196,13.830796756235978],[100.91734070722055,13.830716909312075],[100.91744007323649,13.830639312573826],[100.91753944010935,13.83056171579613],[100.91763997125383,13.830485239580632],[100.91774050233036,13.83040876333196],[100.91784103333896,13.830332287050116],[100.91794156427964,13.830255810735103],[100.91804268333647,13.830180459486451],[100.9181432141415,13.830103983104825],[100.91824432288315,13.830027502168068],[100.91834486280767,13.829952155348016],[100.91844597141322,13.829875674344224],[100.91854766813553,13.829800318405004],[100.9186493638651,13.829724962438876],[100.91875048152328,13.829649610961642],[100.91885102111071,13.829574263973944],[100.91895154211473,13.82949665769744],[100.91905090796921,13.829419060427997],[100.91914910756688,13.8293403425537],[100.9192455545709,13.829259378965212],[100.91934140498506,13.829176160616136],[100.91943609932629,13.829092951286839],[100.91953021559762,13.829009746453824],[100.91962491072728,13.828926537060722],[100.91972018286496,13.828843323121419],[100.9198166201975,13.828761229730075],[100.91991423198692,13.828681386512516],[100.92001301823437,13.828603793467165],[100.9201129613396,13.828526191331031],[100.92021349071523,13.828449714270448],[100.92031460728666,13.828374362277359],[100.92041630179013,13.828299005724043],[100.92051858348985,13.828224774236695],[100.92062086604686,13.82815054270742],[100.92072372561049,13.828076306623526],[100.92082601637367,13.828003204658566],[100.92092946306715,13.82793009360357],[100.92103291896024,13.827858112139424],[100.92113753170761,13.827786121576112],[100.92124157474034,13.82771526604176],[100.92134560843111,13.827643279940984],[100.92144963278601,13.827570164177688],[100.92155250107862,13.827497057436174],[100.92165420404051,13.827422830091598],[100.92175531132295,13.82734634798272],[100.92185583961573,13.827269870377116],[100.92195520257694,13.82719227217199],[100.92205456547028,13.827114673934684],[100.92215334102798,13.827035950569558],[100.9222515394466,13.82695723169596],[100.92235030559526,13.826877378642013],[100.9224485029528,13.826798659713058],[100.92277404755707,13.826530628517519],[100.92295316672296,13.826381233694438],[100.92313344164238,13.826231829703957],[100.92331604777738,13.826084666721625],[100.92350157982594,13.82594199947379],[100.92368828618243,13.825801582296416],[100.92387615849475,13.825662285554385],[100.92406402037025,13.825521859078503],[100.92424955241107,13.825379191368478],[100.92443508329362,13.82523652355316],[100.92462002667006,13.825092730536305],[100.92480439274723,13.824948941936443],[100.92498817039287,13.824804028145083],[100.92517078254168,13.82465799369302],[100.92535164284457,13.824509713488602],[100.92553366725066,13.82436255373538],[100.92571686597162,13.824217644047234],[100.92590356117134,13.82407609588519],[100.9260943475644,13.823940163964208],[100.92628747354097,13.823807602636746],[100.92648001293652,13.823673916093078],[100.92667079863766,13.82353798380561],[100.9268580790279,13.823397560145708],[100.92704477283246,13.823256011280824],[100.92722971293816,13.823112216686006],[100.9274134977664,13.822968431055047],[100.92759610687973,13.822822395159568],[100.9277775412008,13.822674108995258],[100.92795723296634,13.822524706722614],[100.92813750155509,13.822375299810933],[100.92831836648703,13.822228147496194],[100.92850155333565,13.822082106516557],[100.92868591358642,13.821938315591522],[100.9288714388657,13.821795645088981],[100.92905754281652,13.821652969921985],[100.92924306762853,13.821510299194184],[100.92942917948949,13.82136875342995],[100.92961529205002,13.821227208448711],[100.9298019814242,13.821085657911311],[100.92998925877325,13.820945232326904],[100.93017653496482,13.820804806634563],[100.9303638109237,13.820664380827006],[100.93055167485936,13.820525079969922],[100.93073952832974,13.820384649383149],[100.93092621630494,13.82024309815715],[100.93111232699577,13.820101551358782],[100.93129727126762,13.81995888393285],[100.9314827839699,13.819815082225166],[100.93166830667457,13.81967241001823],[100.93185383753449,13.819530867326284],[100.93203993682198,13.819388190350745],[100.9322266240882,13.819246638323202],[100.93241331951201,13.819106215808533],[100.93260059267634,13.818965788627274],[100.93278961908348,13.81882760690474],[100.93298039688517,13.818691670651214],[100.93317058809035,13.818554609203696],[100.93335902558682,13.818415302066816],[100.93354280180516,13.818271512770558],[100.93372188970639,13.818119852461368],[100.93389748998531,13.817965960149346],[100.93407309003005,13.81781206773998],[100.93425218654784,13.81766153674779],[100.9344359615979,13.817517746923128],[100.9346232228725,13.81737618888674],[100.93481224671781,13.81723800591249],[100.93500126940651,13.817099822827592],[100.93518912660258,13.816960519122023],[100.9353763971969,13.816820090233167],[100.93556366663383,13.816679661236517],[100.93575093676283,13.816539232117494],[100.93593878369936,13.81639879833144],[100.93612722703031,13.816260619104893],[100.93631682698316,13.81612243063384],[100.93650643511192,13.81598537166866],[100.93669545571969,13.815847188431935],[100.93688331175214,13.815707883671783],[100.93706941406909,13.81556633325393],[100.93725550681688,13.815423653106002],[100.93743985703301,13.815279856908326],[100.9376207009714,13.815131569517904],[100.9378015446754,13.814983282022503],[100.93799172983215,13.814846217561609],[100.93818133587239,13.814709157552311],[100.93835343567697,13.81455190125675],[100.9385069462147,13.814383494784868],[100.93850886445931,13.814265991888174],[100.93828700769785,13.813997747154444],[100.93811461517906,13.813839822129168],[100.93809397030734,13.81381898495694],[100.88792087013115,13.81381898495694]]]}},{"type":"Feature","properties":{"valid_date":"2026-10-01","precip_mm":2.4,"probability_pct":57,"rain_class":"light","model":"ECMWF IFS HRES","resolution_km":9.0,"source":"Open-Meteo ECMWF API","forecast_run":"2026-10-01T15:00:00+07:00","precision_note":"Approximate model-grid context; not street-level rainfall."},"geometry":{"type":"Polygon","coordinates":[[[100.56792087013118,13.89381898495694],[100.55419423149259,13.89381898495694],[100.55424390269677,13.894032548144054],[100.55502952134971,13.897455632019934],[100.5552907494126,13.898556740708289],[100.55598992417733,13.901500165022913],[100.5568196593399,13.904851772897878],[100.55704851928995,13.905866081779077],[100.55747761755657,13.907764944768768],[100.55748292815474,13.907780729275077],[100.55816192943173,13.910724269570974],[100.55904584017557,13.914467585178471],[100.56152572645549,13.924967555697386],[100.56312544162878,13.931752416756577],[100.56375700907597,13.934411496598328],[100.56465824007326,13.938203240981021],[100.56744501125738,13.949942845511163],[100.567718879889,13.951095817816741],[100.5677653642532,13.951383637071364],[100.56778608202907,13.95145355596797],[100.56783257830568,13.951571893458079],[100.56792087013118,13.951592606928585],[100.56792087013118,13.89381898495694]]]}},{"type":"Feature","properties":{"valid_date":"2026-10-01","precip_mm":2.4,"probability_pct":57,"rain_class":"light","model":"ECMWF IFS HRES","resolution_km":9.0,"source":"Open-Meteo ECMWF API","forecast_run":"2026-10-01T15:00:00+07:00","precision_note":"Approximate model-grid context; not street-level rainfall."},"geometry":{"type":"Polygon","coordinates":[[[100.64792087013117,13.89381898495694],[100.56792087013116,13.89381898495694],[100.56792087013116,13.951592606928582],[100.56793570400457,13.951596086990271],[100.56800388817302,13.951585478597318],[100.56807424092013,13.951553388533096],[100.56815123108233,13.951561931254195],[100.5682255277129,13.951599868129737],[100.5683009735581,13.951636667693528],[100.56837697492928,13.951670074017482],[100.5684564086207,13.951697808797839],[100.56853811779833,13.951719879491097],[100.56861924186171,13.951740824051084],[100.56869751876958,13.951768566206672],[100.56876722641834,13.951812181880014],[100.5688317971181,13.951866000459207],[100.56889922935737,13.95191528014966],[100.56896780317453,13.951962292701042],[100.56904386585244,13.952004737416681],[100.56909741621178,13.952054106585212],[100.56916534292414,13.95209095435351],[100.56922287346471,13.952130128921258],[100.56929431655783,13.952173733226187],[100.56936747199693,13.952213936829084],[100.56944177665453,13.952253004019578],[100.56951607368659,13.952290940453251],[100.56959094151371,13.952327743301769],[100.5696708545911,13.952340786156265],[100.56975104285412,13.952394502768739],[100.56979836082203,13.952463119880841],[100.56986635655174,13.952510135873448],[100.56993837064117,13.952552606402499],[100.57001037711022,13.9525939470801],[100.57008296966531,13.952636413827125],[100.57015554695953,13.952676621799156],[100.57022928110403,13.952716821375002],[100.5703024368559,13.952757024659796],[100.57037674274295,13.952796090618188],[100.57045046166358,13.952834030464654],[100.57052590056088,13.95286969942824],[100.57060419332171,13.95289970055718],[100.57068361998793,13.952926304708114],[100.57076134201576,13.952957439344015],[100.57083563945758,13.952995375325902],[100.57090879539376,13.953035579310926],[100.57098195134755,13.953075782367279],[100.57105682727527,13.953113714537592],[100.57113512017182,13.953143715479085],[100.57120762891333,13.953173753757175],[100.57128143989067,13.953225251241111],[100.5713476472982,13.953264369186332],[100.57141851267735,13.953307976521158],[100.57147911196813,13.953373117800504],[100.57155398041454,13.95340992087572],[100.57163226580832,13.953438791812873],[100.57171113729113,13.953468788811234],[100.57178764153919,13.95349089195015],[100.57186720629551,13.953537832547575],[100.57193564427004,13.953564507266883],[100.57200604625409,13.953625065536762],[100.57207863179656,13.953666401786057],[100.57215121736333,13.953707738010818],[100.57222322453595,13.95374907795001],[100.57229581015737,13.95379041502975],[100.57236781737834,13.953831754920428],[100.57244041069997,13.95387422087319],[100.57251241796966,13.953915560715311],[100.57258443292207,13.953958030358939],[100.57265644789936,13.954000499978314],[100.5727284552422,13.954041839747845],[100.57280047026889,13.95408430931876],[100.57287248532045,13.954126778865417],[100.57294220970716,13.9541726537312],[100.57301193411413,13.95421852767005],[100.57308165088632,13.954263271760459],[100.57315594907146,13.954301206945319],[100.57323253030984,13.954334607837596],[100.57331082384016,13.954364608002486],[100.57339194052224,13.954384421003644],[100.5734742063917,13.954403096666882],[100.57355533168459,13.954424039429696],[100.57363532221623,13.954448379130026],[100.57370618834452,13.954491986614366],[100.57378164352806,13.954529914103448],[100.57385766182419,13.95456557817347],[100.57393592483237,13.954591058820208],[100.57401982640361,13.954595035333476],[100.57408114659428,13.954595768344518],[100.57418682112309,13.954569097273671],[100.57424811063467,13.954565310944398],[100.57432076918877,13.95453207427534],[100.57439165412266,13.954493199696396],[100.5744712613331,13.954461047879608],[100.57454395141583,13.954432330442668],[100.57460401501874,13.954418383096533],[100.57468890463228,13.954397495755888],[100.57477491271868,13.954370951774571],[100.57485113367507,13.954351250382668],[100.57492791769481,13.954329285573928],[100.57500647530755,13.954312958626895],[100.57506771101963,13.954301263329397],[100.57515552331165,13.95428487640222],[100.57522313696218,13.954275400412582],[100.57531273911367,13.954266910955251],[100.57539492062638,13.954273157891466],[100.57549838854398,13.954262318804673],[100.57559078208362,13.95423912280583],[100.57568197272106,13.9542091553246],[100.57575984435714,13.954177014356159],[100.57582445839239,13.954151738504084],[100.57590123454712,13.954128643580413],[100.57596584087479,13.95410223786989],[100.57604323379027,13.95408478827547],[100.57613335281626,13.954067256188479],[100.5762054785291,13.954040801690295],[100.5762701001429,13.9540166555523],[100.57634631313036,13.953995823893123],[100.57641964936703,13.953977270603627],[100.57650048198781,13.95395527908332],[100.57657046285796,13.953953695598596],[100.57663968870612,13.953926129903566],[100.57670496543494,13.953913278142783],[100.57677190829698,13.953890246705184],[100.57685392164026,13.953871637038404],[100.57693535562461,13.953853031101511],[100.57701737569661,13.953835552115438],[100.57709939574718,13.953818072199125],[100.57718141578246,13.953800592256417],[100.57726402190085,13.95378423835951],[100.57734604958752,13.953767888186887],[100.5774280772597,13.95375153798779],[100.57752522826512,13.953747518275115],[100.57758880034986,13.953739196833892],[100.57765002802827,13.953726371092213],[100.57773488719477,13.95370096344492],[100.57781398429886,13.95367898276687],[100.57789372896025,13.953667166717501],[100.57797050468145,13.953644071178152],[100.5780513369854,13.953622079169413],[100.57811197080811,13.953606997424627],[100.57817953793241,13.953590740806025],[100.57826907717953,13.953573211723064],[100.5783407239377,13.953561448079112],[100.57843717340202,13.95353935460508],[100.57853595280845,13.953519505718006],[100.5786242967165,13.953496334905536],[100.5786843366683,13.953478998038438],[100.57875596029825,13.953463844810253],[100.5788304298637,13.953441893855107],[100.57889570627259,13.953429041532836],[100.57898234560729,13.95341040115069],[100.57907415221631,13.953386077831839],[100.57914989390085,13.953381066606507],[100.57921920379347,13.953365928269443],[100.57928441954704,13.953344037264616],[100.57936523619409,13.953319785198653],[100.57943336614272,13.953301264849518],[100.57951021076674,13.953288337249946],[100.57959510703856,13.953268578106552],[100.57966789503868,13.95325454693179],[100.57974757015731,13.95323256190282],[100.57983531998748,13.953207134787245],[100.57992428817587,13.95319073870169],[100.57998846145198,13.95318580236586],[100.5800704972577,13.953170581131566],[100.58015195370949,13.95315536363438],[100.58023498378944,13.953116408584332],[100.58031699553305,13.953097797812484],[100.58039842885229,13.953079191676416],[100.58048044056385,13.953060580852163],[100.58056245995623,13.953043099823015],[100.58064389322176,13.953024492704909],[100.58072590488557,13.953005881801904],[100.58083506350701,13.95298144508382],[100.58091650534347,13.952963967694123],[100.58099851695434,13.952945356703651],[100.58108052854912,13.952926745686883],[100.58116196941373,13.952909268224898],[100.58124398097685,13.952890657155676],[100.58132541411018,13.952872049820527],[100.58140741794033,13.952852308877938],[100.58148885104134,13.952833701490809],[100.58157027642476,13.952813964256881],[100.58165180284367,13.952808914661931],[100.58172859318913,13.952788077645474],[100.58178926497246,13.952778644134769],[100.58186721982065,13.952758929374687],[100.58192842378,13.952742713144879],[100.58200928607292,13.95272523917418],[100.5820859530811,13.952686324921338],[100.58216737064281,13.95266545858136],[100.58224776233794,13.95266380578563],[100.58232742921615,13.952640690137079],[100.58238449174435,13.952610942292385],[100.58246591786758,13.952591204768487],[100.58254734304865,13.952571467224782],[100.582628768213,13.95255172965525],[100.58271020106771,13.952533121880158],[100.58279163390648,13.952514514079148],[100.58287307443716,13.952497036072415],[100.58295573344299,13.952488589072585],[100.58304083713561,13.952499333929635],[100.58312288688141,13.952486371357649],[100.5832043196557,13.952467763423597],[100.58328633175164,13.95244915169269],[100.583367764494,13.952430543706619],[100.58344919722043,13.95241193569463],[100.58353120834282,13.952393323891236],[100.58361264103732,13.952374715827231],[100.58369407371588,13.952356107737304],[100.58377608479019,13.95233749585541],[100.58385750973045,13.952317758797648],[100.58392057973457,13.952320737727984],[100.58399853417603,13.95230102231934],[100.58407417588123,13.952281321948059],[100.5841608141762,13.952262679808333],[100.58424052694669,13.95224634248382],[100.58431951471243,13.952208542332592],[100.58440093953598,13.952188804198494],[100.5844829427539,13.952169062270874],[100.58455346260882,13.952161823686689],[100.58461870731296,13.952144450621244],[100.58470013207798,13.952124712391935],[100.58476014790867,13.952103983746824],[100.58482830006345,13.952088851425092],[100.58490916273358,13.95207137653035],[100.58500043585484,13.95205383377622],[100.58507667800193,13.95203751880448],[100.5851361153564,13.952016793841448],[100.5852117790669,13.9520004825988],[100.58529210092458,13.951988660452889],[100.58537928649807,13.951965494855504],[100.58545725608762,13.951948038642097],[100.58551490410264,13.951919416170606],[100.5855969070974,13.951899674790887],[100.58567833258455,13.951879936245533],[100.58575519162193,13.951869266394839],[100.5858140427242,13.951847415228816],[100.58589546724146,13.951827676620605],[100.58597687629695,13.951805678349466],[100.58604104888663,13.951800740469821],[100.58612416224967,13.951774211564002],[100.58619339376187,13.9517477731516],[100.58627481047473,13.951726904604941],[100.58636154099567,13.951721819541213],[100.58643139814126,13.951702156197294],[100.58651908460918,13.951667688259302],[100.58660052442973,13.951650209064235],[100.58668261990302,13.951644024252197],[100.58676478490538,13.951648007776123],[100.58684641785848,13.951658773953687],[100.58691842537242,13.951615369210339],[100.58699158967572,13.951571956901395],[100.58705515283039,13.951562503264727],[100.58712031982922,13.951533831385467],[100.58720755227678,13.951517444070632],[100.58728897651076,13.951497705020156],[100.58737386345628,13.951476814383643],[100.58744423605933,13.95144810845472],[100.58752975547854,13.951435121812887],[100.58761060123662,13.951415386435297],[100.58768508448742,13.951395692558414],[100.5877555034041,13.951373765451645],[100.58782653936991,13.951357483638327],[100.58791502034555,13.951354646347403],[100.58799703150285,13.95133603310786],[100.58807904945111,13.951318549665512],[100.58816105965118,13.951299936379387],[100.58824307756844,13.951282452884332],[100.58832509547038,13.951264969362903],[100.58840710562299,13.951246355997824],[100.58848912349394,13.95122887242369],[100.58857113361478,13.951210259005993],[100.58865257304727,13.951192779156495],[100.58873458313639,13.951174165686375],[100.5888165941349,13.95115555218392],[100.58889860419184,13.951136938661223],[100.58898003582553,13.951118328890342],[100.58906204585656,13.951099716219113],[100.5891434774583,13.951081106396227],[100.58922490130615,13.951061366730594],[100.58930691128252,13.951042753077079],[100.58938833509725,13.95102301335957],[100.58946917274943,13.951002147578768],[100.58955059653044,13.950982407809853],[100.5896314350737,13.950961541972056],[100.58971166330676,13.950936160628416],[100.58979071922555,13.950908527187002],[100.5898691889757,13.950879767685484],[100.58994706481506,13.950848752308062],[100.59002552677913,13.950818862943752],[100.5901039964626,13.950790103372585],[100.59018305227256,13.950762469813576],[100.59026269420984,13.950735962266052],[100.59034234479496,13.950710584504531],[100.59042258058382,13.950686332759568],[100.59050281635324,13.950662080989874],[100.59058364599733,13.950640085045912],[100.59066448336799,13.950619218892763],[100.59074650076728,13.95060173459805],[100.59082969819833,13.950587632160252],[100.5909117233139,13.950571277628237],[100.5909937406749,13.95055379415771],[100.5910745702176,13.95053179805935],[100.5911548145156,13.950508675896954],[100.5912350423747,13.950483294084224],[100.59131469180872,13.950457916030322],[100.5913943412227,13.950432537952134],[100.59147397511965,13.95040490021835],[100.59155303059048,13.95037726624447],[100.59163150763541,13.950349636031039],[100.59170996916002,13.95031974616314],[100.59178785225767,13.950289860056566],[100.59186514235348,13.950257718074878],[100.59194243150017,13.950225576076887],[100.59201913446815,13.950192308026232],[100.59209525125665,13.950157913923562],[100.59217136026876,13.950122389984074],[100.59224689860389,13.950087999624005],[100.59232242916214,13.950052479427546],[100.59239795194247,13.950015829394808],[100.5924728962936,13.949979183127159],[100.5925478337911,13.949941407017663],[100.59262219193373,13.94990363468006],[100.59269596389312,13.949864736293762],[100.59277032198338,13.949826963915829],[100.59284467229274,13.949788061702673],[100.59291903808565,13.94975141909917],[100.59299398225575,13.949714772688054],[100.59307009096094,13.949679248496228],[100.59314620739696,13.949644854097777],[100.59322349705133,13.949612711725715],[100.59330079351348,13.949581699152079],[100.59337866059745,13.949549552953176],[100.59345594925563,13.949517410519878],[100.59353265948828,13.94948527185271],[100.59360935418701,13.949450874438245],[100.59368547045304,13.94941647988691],[100.59376158669438,13.949382085314067],[100.59383770291106,13.949347690719714],[100.5939132416272,13.949313299887143],[100.59398935003458,13.949277775435569],[100.59406546617703,13.949243380776906],[100.59419174019766,13.94918493027371],[100.59426785627407,13.9491505355579],[100.59434396456409,13.949115011006391],[100.59441950219023,13.949080620038098],[100.59449561042999,13.949045095443864],[100.59457114800675,13.94901070443311],[100.59464725712165,13.94897517979008],[100.59472337304922,13.948940784945695],[100.59479890278826,13.948905264057183],[100.59487501866623,13.94887086916999],[100.59495112675502,13.948835344447414],[100.59502666418359,13.948800953309108],[100.59510277222212,13.948765428543805],[100.59517888800082,13.948731033570844],[100.59525500375486,13.948696638576376],[100.59533112040965,13.948662243554338],[100.59540723611435,13.94862784851686],[100.59548335179437,13.94859345345788],[100.59555946744972,13.948559058377395],[100.59563558308041,13.948524663275405],[100.59571227708517,13.948490264358506],[100.59578839266639,13.948455869213339],[100.59586450822296,13.948421474046668],[100.59594120992236,13.94838820487795],[100.59601732635525,13.94835380966199],[100.59609344183806,13.948319414430598],[100.5961701356943,13.948285015383265],[100.59624625889812,13.948251749921917],[100.59632237430715,13.94821735462581],[100.5963990680893,13.94818295551324],[100.5964751912204,13.948149689987062],[100.59655188495324,13.948115290830934],[100.59662800804219,13.948082026165329],[100.59670470265115,13.948047626959568],[100.59678081791255,13.948013231533853],[100.59685694092255,13.94797996589955],[100.596933634532,13.947945566634631],[100.59700975749361,13.947912300957038],[100.59708645105374,13.947877901648566],[100.59716257396695,13.94784463592768],[100.59723926747778,13.94781023657565],[100.5973153903426,13.947776970811475],[100.59739208472955,13.947742571409814],[100.59746819976988,13.947708175789751],[100.59754490095817,13.947674906163211],[100.5976215943455,13.947640506702227],[100.5976977170891,13.947607240829766],[100.59777383203124,13.947572845123288],[100.59785053312233,13.947539575409483],[100.59792664801535,13.947505179659796],[100.59800334127927,13.947470780090034],[100.59807946482721,13.947437514103388],[100.5981561580418,13.947403114490074],[100.5982322806159,13.94736984846622],[100.5983089737812,13.947335448809357],[100.59838508852658,13.947301052930088],[100.59846178942288,13.9472677830418],[100.59853790411917,13.947233387119331],[100.59861401879078,13.947198991175362],[100.59869071961405,13.94716572122174],[100.598766835162,13.947131325228487],[100.59884294975984,13.947096929219821],[100.59891964272728,13.94706252938901],[100.59899576505882,13.947029263148991],[100.59907187958287,13.94699486707563],[100.59914799408227,13.946960470980766],[100.59922468695085,13.946926071063073],[100.59930080140079,13.94689167492505],[100.59937691582606,13.94685727876553],[100.59945303115208,13.94682288257843],[100.59952914553423,13.946788487279772],[100.5996052598855,13.946754091055768],[100.59968137421207,13.946719694810268],[100.59975748072733,13.946684168731853],[100.59983301661123,13.946649776246113],[100.5999091230762,13.946614250124997],[100.59998465112304,13.946578727785516],[100.60006076532542,13.94654433143301],[100.6001362942476,13.946508809045085],[100.60021240061167,13.946473282838607],[100.6002879363471,13.94643889022561],[100.60036404266087,13.946403363976433],[100.60043957055714,13.946367841509923],[100.60051509842827,13.94633231902234],[100.60059121245662,13.94629792252027],[100.60066674027767,13.94626239999033],[100.60074284646527,13.946226873634561],[100.60081837516134,13.946191351056221],[100.60089448909017,13.94615695446864],[100.60097001681073,13.946121431854037],[100.60104613068997,13.946087035223686],[100.6011222367516,13.946051508761116],[100.60119777219012,13.946017115893607],[100.60127388599508,13.945982719198996],[100.60134999198141,13.945947192672286],[100.60142610573668,13.945912795934733],[100.6015022203927,13.9458783991696],[100.60157833409862,13.94584400238907],[100.60165503396563,13.945810731590688],[100.60173114762246,13.94577633476697],[100.60180784744085,13.94574306392498],[100.60188396104857,13.94570866705807],[100.60196066081834,13.945675396172465],[100.60203736056394,13.945642125264952],[100.60211406028536,13.945608854335525],[100.60219076090802,13.945575583378094],[100.60226746058107,13.945542312404843],[100.60234474641794,13.945510167411413],[100.60242144604912,13.945476897297972],[100.60249814564988,13.945443626258776],[100.6025754314152,13.945411481198759],[100.60265213096784,13.945378210115528],[100.60272941668555,13.94534606501105],[100.60280611619008,13.945312793883785],[100.6028834027856,13.94528064872875],[100.60296011004341,13.945248507367236],[100.6030373878645,13.94521523236405],[100.60311467346332,13.945183087148312],[100.60319138065014,13.945150945720522],[100.6032686662017,13.945118800460287],[100.60334595172958,13.945086655177711],[100.60342323723378,13.9450545098728],[100.6035005227143,13.94502236454555],[100.60357780909656,13.944990219189872],[100.60365509452974,13.944958073817952],[100.60373237993922,13.944925928423693],[100.60380966532503,13.944893783007101],[100.60388695068715,13.944861637568177],[100.6039642360256,13.944829492106914],[100.60404152914677,13.944798476432538],[100.60411881443822,13.944766330926567],[100.604196099706,13.94473418539826],[100.60427339368299,13.944703169650623],[100.60435125729055,13.94467102026469],[100.60442855029572,13.944640004478188],[100.60450583546938,13.944607858860287],[100.60458312842827,13.944576843028997],[100.60466099194132,13.944544693552773],[100.60473828485382,13.94451367767652],[100.60481557774337,13.944482661777853],[100.60489344118568,13.944450512233848],[100.60497073495425,13.944419496284116],[100.6050480277807,13.94438848122192],[100.60512589115228,13.94435633161013],[100.6052031839261,13.944325315599128],[100.6052810550625,13.94429429575069],[100.60535834779029,13.94426327969469],[100.60543621888047,13.9442322598009],[100.60551580947688,13.944198968820768],[100.60558385578535,13.944169143556671],[100.60565366848527,13.944143826061314],[100.60573245480973,13.944161384017955],[100.6057364017922,13.944230279430174],[100.60573805775519,13.944302579537242],[100.60573683834772,13.944377158334966],[100.60573447779939,13.944454004381246],[100.60572981933713,13.94453312530845],[100.60572344134495,13.94461451730051],[100.60571591439307,13.944697046732996],[100.60570723848656,13.944780714509763],[100.60569741361164,13.944865518823134],[100.6056870181604,13.944951456760771],[100.60567546593037,13.94503740233053],[100.60566391369532,13.945123347900081],[100.60565236145524,13.945209293469425],[100.60564022989674,13.945295242860809],[100.60562867764638,13.945381188429726],[100.60561769596492,13.94546600037401],[100.6056072770386,13.945548548885396],[100.60559801488574,13.945631089764332],[100.60558816652609,13.945712504650938],[100.60557889655819,13.945793916625082],[100.60556846980184,13.945875335327466],[100.60555804304134,13.94595675402967],[100.60554761627671,13.946038172731692],[100.60553718950793,13.94611959143353],[100.6055261765303,13.946199884143036],[100.60551517043713,13.946281306666727],[100.60550358687418,13.946362733000232],[100.60549258169712,13.946444155517435],[100.60548099812445,13.946525581850548],[100.60546941454677,13.94660700818346],[100.60545782314976,13.94668730470791],[100.60544681795386,13.946768727224345],[100.60543523436776,13.946850154460511],[100.60542365077043,13.946931580792633],[100.60541264556043,13.947013003308491],[100.60540163253155,13.947093296015904],[100.60539062731245,13.947174718531388],[100.6053802004817,13.947256137230628],[100.6053697727214,13.947337555935793],[100.60535934588238,13.94741897463467],[100.60534949743274,13.947500389517321],[100.60533907058563,13.947581808215833],[100.60532864373437,13.947663226914168],[100.60531821687896,13.947744645612321],[100.60530721163127,13.94782606903017],[100.6052962063728,13.94790749154398],[100.6052840365059,13.947987791881406],[100.60527129605295,13.94806922584287],[100.60525796938475,13.948149533811872],[100.60524407212924,13.948230975404856],[100.60523074452304,13.948311283379457],[100.6052168472545,13.94839272497192],[100.60520294216515,13.948473036755871],[100.60518904488339,13.948554478347798],[100.60517456138444,13.94863479394715],[100.60516066408924,13.948716235538528],[100.60514618057648,13.948796551137312],[100.60513169706299,13.948876867639644],[100.6051172213503,13.94895831304608],[100.60510273781655,13.949038628643985],[100.6050882542758,13.949118944241597],[100.60507377854204,13.949200389647157],[100.60505929406185,13.949280705250292],[100.60504423991576,13.94936215447109],[100.6050297563468,13.949442470067519],[100.60501527277084,13.949522785663657],[100.60500079700175,13.949604231067749],[100.60498631341177,13.949684546663303],[100.6049718298148,13.949764862258561],[100.60495735402465,13.949846307661778],[100.60494287041993,13.949926624160298],[100.60492897301562,13.950008065747218],[100.60491448939084,13.950088381341322],[100.60490058323394,13.950168693125546],[100.60488726421012,13.950250130895968],[100.60487683718371,13.95033154958776],[100.6048791349737,13.95041288433416],[100.60488258957079,13.950494211448373],[100.60487158414007,13.950575633955488],[100.6048565220802,13.950655953364247],[100.60483683279894,13.950736303298273],[100.60482003551675,13.950816634153307],[100.60480786544947,13.95089693538648],[100.6047980167937,13.950978350261174],[100.60478874653676,13.951059761320026],[100.60477947627648,13.951141172378708],[100.60476962668443,13.951222587258979],[100.604760364231,13.951305128125524],[100.60475109396053,13.951386539183675],[100.60474182368675,13.951467950241645],[100.60473313181343,13.951549357483774],[100.60472386153319,13.951630768541396],[100.60471516965384,13.951712175783172],[100.60470589936716,13.95179358684044],[100.60469605067875,13.951875002617056],[100.60468562357555,13.951956421305292],[100.60467461806313,13.952037843808998],[100.60466303414091,13.952119270128172],[100.6046502846637,13.952199574276333],[100.60463696551416,13.952281012041992],[100.60462248173306,13.952361327630443],[100.60460799794495,13.9524416432186],[100.60459294355717,13.95252309243026],[100.60457730294189,13.952603415648973],[100.6045616623188,13.952683738867336],[100.60454544328101,13.952764065900894],[100.604529224235,13.952844392934066],[100.60451300518702,13.952924720870701],[100.60449620771705,13.9530050517186],[100.60447941023845,13.953085382566082],[100.60446261182577,13.953165713419246],[100.60444581432992,13.953246044265889],[100.60442959523374,13.953326371296692],[100.60441279772081,13.953406702142516],[100.60439657860799,13.953487029172537],[100.6043803673001,13.953568486010402],[100.60436472657992,13.953648809224308],[100.60434793684632,13.953730269876756],[100.60432354183658,13.953799352237196],[100.60432981034174,13.953869362194258],[100.60441141298891,13.953875603068683],[100.60447794573649,13.953877424794713],[100.60454855860111,13.953883738120076],[100.60463073184609,13.953888845295786],[100.60471290509159,13.953893952443332],[100.60479507052223,13.953897929754747],[100.60487782217795,13.953903033029368],[100.60496057383416,13.953908136275423],[100.60504273926468,13.953912113502128],[100.60512549092145,13.953917216691302],[100.60520823568677,13.95392119003808],[100.60529098734409,13.953926293170179],[100.6053737311837,13.953930266466076],[100.60545706125114,13.953935365723073],[100.60553980509674,13.953939339865629],[100.60562254893576,13.953943313075875],[100.60570587118394,13.953947282439032],[100.60578919343176,13.953951251773324],[100.60587251567924,13.953955221078747],[100.60595526733792,13.95396032398183],[100.6060385895851,13.95396429322967],[100.60612190493548,13.953967132635318],[100.60620580559095,13.953971098005661],[100.60628912783662,13.95397506716675],[100.60637245008192,13.953979036298975],[100.60645635073625,13.953983001581916],[100.60653967298082,13.953986970656208],[100.60662356581005,13.953989806073883],[100.60668143022421,13.953992814310382],[100.60670688805975,13.95399377599413],[100.60679078871213,13.953997741160457],[100.60687468153859,13.954000576490717],[100.60695858218978,13.95400454159856],[100.60704248284058,13.954008506677129],[100.60712637658969,13.954011341913667],[100.6072102772393,13.954015306933751],[100.60729417006092,13.95401814211801],[100.60737807070936,13.95402210707961],[100.60746196352896,13.954024942205475],[100.60754644258539,13.95402890328557],[100.60763033540297,13.954031738352844],[100.60771480662848,13.954034569567526],[100.60779870727997,13.954038535286374],[100.6078826000943,13.95404137026588],[100.60796707131652,13.954044201392195],[100.60805155036881,13.954048162295072],[100.60813544410533,13.954050997180493],[100.60821991532426,13.954053828218235],[100.60830439437447,13.954057789032401],[100.60838828718228,13.954060623835973],[100.60847275839788,13.954063454785146],[100.60855723744602,13.9540674155106],[100.60864170865953,13.954070246400574],[100.60872617987181,13.954073077260976],[100.60881007267389,13.954075911917837],[100.60889455171912,13.954079872524956],[100.60897902293434,13.954082704200628],[100.60906349506749,13.954085534936763],[100.60914796627395,13.954088365649442],[100.60923243747915,13.954091196332545],[100.60931691652061,13.954095156791507],[100.60940138772374,13.954097987415416],[100.61248661043496,13.95424251396936],[100.61435579007959,13.954362308129236],[100.61553914061886,13.953762407825817],[100.61777206483627,13.952625621611162],[100.61994108654531,13.951535567409078],[100.62237658734375,13.950340902380347],[100.6245331622163,13.949297218235369],[100.62507600988594,13.948760302790909],[100.62547920512542,13.947857119112156],[100.6264458350591,13.938539558881924],[100.62651955409541,13.937998998040346],[100.63967944844184,13.93764183458121],[100.63962013829867,13.934073053934984],[100.63958418091057,13.933075641982764],[100.6395788390073,13.932646337210267],[100.63962583003571,13.93233870329033],[100.63969942416065,13.932194717661279],[100.63986511952363,13.932070449133818],[100.64001677402058,13.931923677270701],[100.64019435813431,13.931763173501597],[100.64038149949165,13.931645539323847],[100.64055158453873,13.93156982502024],[100.64110343678529,13.931418098001025],[100.64182844318749,13.931297968176231],[100.64238845886838,13.93123770153493],[100.64340059066687,13.931235395169928],[100.64367293383279,13.93122564865337],[100.64433690596667,13.931144338019894],[100.64482912350609,13.931147794664788],[100.646279646335,13.931062296942132],[100.64651359311543,13.931102519773624],[100.64773007990686,13.930964363043392],[100.64792087013117,13.930950213501644],[100.64792087013117,13.89381898495694]]]}},{"type":"Feature","properties":{"valid_date":"2026-10-01","precip_mm":2.4,"probability_pct":47,"rain_class":"light","model":"ECMWF IFS HRES","resolution_km":9.0,"source":"Open-Meteo ECMWF API","forecast_run":"2026-10-01T15:00:00+07:00","precision_note":"Approximate model-grid context; not street-level rainfall."},"geometry":{"type":"Polygon","coordinates":[[[100.72792087013117,13.89381898495694],[100.64792087013116,13.89381898495694],[100.64792087013116,13.930950213501646],[100.64821623245783,13.930928308597519],[100.6486947519617,13.930957836461213],[100.64930092511943,13.930963901369532],[100.65003787414089,13.930979248373028],[100.65038536079831,13.930963336171567],[100.6508845563697,13.930891034135401],[100.65133713178398,13.930850681731561],[100.65162164234032,13.930844233424848],[100.65194733628188,13.930854453965642],[100.65232945742709,13.930829265430512],[100.65309773248602,13.930776600445952],[100.65388929318898,13.93074524096773],[100.65423283385462,13.930744038005052],[100.65526956867207,13.930705360647837],[100.65578514051597,13.930658923715676],[100.6561595660827,13.930690273343956],[100.65677584216142,13.93073466630036],[100.65811423913652,13.930580941413869],[100.6585277906808,13.93058377517558],[100.65877478853815,13.930588872314164],[100.65878981720934,13.93058764013763],[100.6591019259626,13.930558399413963],[100.66130758621127,13.93052754973152],[100.66182714675728,13.93047316412661],[100.66286365706829,13.930403950718471],[100.66384163319378,13.93031818439686],[100.6664455036233,13.930329763198463],[100.66720849499544,13.930348268704284],[100.6679281770546,13.930376107900836],[100.6686715950103,13.930407171841212],[100.66958913154602,13.930442689268814],[100.67007068565277,13.930492490121246],[100.67075456941507,13.930448257288116],[100.67127219374187,13.930446966061698],[100.67196669589079,13.930512250303666],[100.67251545948595,13.9305785323299],[100.67318510355919,13.930564895791981],[100.67403994359894,13.930568061969002],[100.67458140826422,13.930584677055688],[100.67507382150998,13.93061631689083],[100.67549742872234,13.930650687753165],[100.67595160682102,13.930593331641996],[100.67626182849622,13.930623962868614],[100.67674446615892,13.930663574434076],[100.67711279042081,13.930650870332004],[100.67747807589423,13.930698068230464],[100.67803747753997,13.930715681864816],[100.67849873337885,13.930757697747465],[100.67900412984821,13.93074517601867],[100.6796884252253,13.930758536349222],[100.6800981861078,13.930797513874788],[100.6804558964129,13.930836850697915],[100.68084606587907,13.930805913054927],[100.68114451681966,13.930808372699467],[100.68144524834477,13.930806296942702],[100.68187327869738,13.930812381369012],[100.68229206295678,13.930819657816349],[100.6828943012486,13.930842614372997],[100.68374056170785,13.930859363475003],[100.68421152636019,13.930884353047341],[100.68492644031309,13.93089296757278],[100.68554956367267,13.930924810700427],[100.68638442820092,13.930965355638097],[100.68685981528047,13.93096206390915],[100.68768770780368,13.93099813333961],[100.68822381817853,13.9309944191024],[100.68857414643438,13.930972783831402],[100.68906732884588,13.930951287322696],[100.68953301509335,13.93096613564873],[100.68965558772283,13.930960766146203],[100.68970910111665,13.930923110915174],[100.6897670061634,13.930773573165723],[100.68978133947462,13.930597222028698],[100.68976956195226,13.930329535808413],[100.68975627038726,13.930092366090154],[100.68976322514355,13.929935273049338],[100.68975758330166,13.929716127357],[100.68973663886901,13.929540020013961],[100.68971005910024,13.929384289393305],[100.68970924055317,13.929032921430474],[100.689665105894,13.928849067080856],[100.6895142887,13.928071666922754],[100.68941997412813,13.92750854035435],[100.6893571922001,13.926986998349458],[100.68934269465639,13.926424448918949],[100.68932645057893,13.926099172704095],[100.68928732485587,13.925888167763814],[100.6892343077919,13.92575521664332],[100.68913451298208,13.92563162833523],[100.68895464824487,13.92547243985616],[100.68885087116819,13.925357917559127],[100.68873615933363,13.925171162532475],[100.68865457565809,13.92500677334583],[100.68860733376327,13.92471334759808],[100.68858200742294,13.924490948607193],[100.68856520325427,13.924327241181762],[100.68854790682323,13.92409574706914],[100.68850999240846,13.92397172959616],[100.68846836624634,13.923894060444004],[100.68838451109056,13.92373533682488],[100.68824700858627,13.923515973631929],[100.68815177621155,13.923383314574865],[100.68805728629853,13.923273246727593],[100.68798610106373,13.923186743641788],[100.68791914049504,13.923044850077774],[100.68783766916135,13.922816059915853],[100.68776148868969,13.9226787494173],[100.68768013634711,13.922545993979758],[100.68763016847443,13.922434487770815],[100.68756974723262,13.922237186667875],[100.68745364826017,13.921938588089326],[100.68740010424904,13.921812418894408],[100.68726836693033,13.921510538073045],[100.68722501950894,13.92135492288846],[100.68719514982931,13.921143853175657],[100.68714673352555,13.92092726182048],[100.68710275526301,13.920684654748626],[100.68709180326468,13.92037064035252],[100.68710553245836,13.920110686523465],[100.68710463096056,13.919986411560055],[100.68715262120168,13.919586122803471],[100.68719283742901,13.919310168150778],[100.68730972768832,13.919319527474288],[100.68851439570781,13.919400442710868],[100.68880486601456,13.91942102691051],[100.70022265695414,13.920194676718587],[100.71014820914664,13.92086640539589],[100.7105850639087,13.920896104359636],[100.71231164969949,13.921012780804416],[100.71243662821931,13.92102094123087],[100.71282043053898,13.921071346284473],[100.72792087013117,13.923055813861104],[100.72792087013117,13.89381898495694]]]}},{"type":"Feature","properties":{"valid_date":"2026-10-01","precip_mm":2.4,"probability_pct":47,"rain_class":"light","model":"ECMWF IFS HRES","resolution_km":9.0,"source":"Open-Meteo ECMWF API","forecast_run":"2026-10-01T15:00:00+07:00","precision_note":"Approximate model-grid context; not street-level rainfall."},"geometry":{"type":"Polygon","coordinates":[[[100.80792087013117,13.89381898495694],[100.72792087013116,13.89381898495694],[100.72792087013116,13.923055813861103],[100.7283792562353,13.923116053985616],[100.72846724968048,13.923127857693832],[100.72855060836021,13.923138564444212],[100.7423800565075,13.924906510552068],[100.75217362272328,13.926158143667582],[100.75224192985966,13.926166690728234],[100.770285325027,13.928470947716828],[100.77047809578731,13.928495531660959],[100.78088892421857,13.929823961823082],[100.7811199070761,13.929853906557595],[100.78679830630644,13.930578307487735],[100.79115625125641,13.931133782205015],[100.79201429521889,13.931333088744456],[100.7924238016174,13.931489373076875],[100.79259981316167,13.93151519203616],[100.79326108393592,13.931621041931926],[100.7939948157813,13.931748950593615],[100.7956085290289,13.932070340576145],[100.79700956353106,13.93233567085707],[100.79834052998996,13.932589082730253],[100.79973751198436,13.932853295837125],[100.8011727086109,13.933122867620428],[100.80242895809928,13.93336099115733],[100.80379414009033,13.933625416153767],[100.80521366682339,13.93388716986231],[100.8064241749099,13.93411770349522],[100.80671723365987,13.93417201718905],[100.80792087013117,13.93440067425395],[100.80792087013117,13.89381898495694]]]}},{"type":"Feature","properties":{"valid_date":"2026-10-01","precip_mm":2.4,"probability_pct":47,"rain_class":"light","model":"ECMWF IFS HRES","resolution_km":9.0,"source":"Open-Meteo ECMWF API","forecast_run":"2026-10-01T15:00:00+07:00","precision_note":"Approximate model-grid context; not street-level rainfall."},"geometry":{"type":"Polygon","coordinates":[[[100.88792087013117,13.89381898495694],[100.80792087013116,13.89381898495694],[100.80792087013116,13.934400674253949],[100.80990509592475,13.934777621327987],[100.81491967508602,13.935720927462645],[100.81769113083044,13.936248185247688],[100.8182778526639,13.936359039760356],[100.81870123647403,13.936438349300163],[100.81879680655312,13.936456841139774],[100.81942235494296,13.936577570463632],[100.8203079408824,13.936744933272866],[100.82087381901958,13.936852547821523],[100.82099893585817,13.936877596265985],[100.82127868955017,13.936930861373384],[100.82246429949161,13.9371547192247],[100.82357927833084,13.937368931454927],[100.82392506572654,13.93743525571836],[100.8250947974446,13.937698760177975],[100.82780108021096,13.938317895075075],[100.82989960080862,13.938798089194357],[100.83097610217798,13.939045318415504],[100.83205023856635,13.939285781047797],[100.83257111532875,13.939406132828884],[100.83314469750871,13.939536253298439],[100.83391841902177,13.939670514224758],[100.83527931847767,13.939898634534416],[100.83637504344036,13.940089205797095],[100.83748985364166,13.940279627840152],[100.83851378173777,13.940459434538472],[100.83947631211029,13.940627272723155],[100.84002643574837,13.940715753169451],[100.84064294924436,13.94078904462584],[100.84154239736812,13.94087826981179],[100.84197765000013,13.940921295584216],[100.8423005950446,13.940950484970308],[100.84256167138489,13.940981271099403],[100.84291419072424,13.941020403387856],[100.84345370882019,13.941084101951628],[100.84456333463172,13.941203356332952],[100.84561970210648,13.94131623096108],[100.84678262182877,13.941446369059324],[100.84789856460951,13.94155991121729],[100.84809994943787,13.941575328164143],[100.84939419941472,13.94171123460091],[100.85055133786857,13.941841397207982],[100.85158386221698,13.941937480562974],[100.85269931871639,13.942062301113394],[100.85381535406292,13.94218711199323],[100.85490723656665,13.942329048508435],[100.85589262151078,13.942460493902109],[100.85700296592424,13.942596630377672],[100.85823152009883,13.942761231971335],[100.85916930517287,13.942870432563351],[100.86040358966387,13.943028201601324],[100.86140685997421,13.943153838569701],[100.86295598000551,13.943338558838114],[100.86398865448463,13.943452662504487],[100.86512845176077,13.943582886524018],[100.86580447345183,13.94364774817837],[100.86640997946529,13.943717666709658],[100.86746058285593,13.943831618617018],[100.86858810106713,13.943944974381166],[100.86993502421346,13.944084881946333],[100.87121708790443,13.94421398430886],[100.87291421389872,13.944391852596983],[100.87431511287507,13.94455504387977],[100.87554898775825,13.944660769007337],[100.8772705513038,13.944856493165979],[100.87870653830007,13.94499566463783],[100.88003611726974,13.94513564865785],[100.88090200953751,13.945221594482796],[100.88220797992047,13.945374176529043],[100.88324051565948,13.945470121850056],[100.88439188797162,13.94560016344383],[100.88547212966262,13.945730750612595],[100.88658804306623,13.94583846296887],[100.88763243108502,13.945969318238738],[100.88792087013117,13.94600315499928],[100.88792087013117,13.89381898495694]]]}},{"type":"Feature","properties":{"valid_date":"2026-10-01","precip_mm":2.2,"probability_pct":57,"rain_class":"light","model":"ECMWF IFS HRES","resolution_km":9.0,"source":"Open-Meteo ECMWF API","forecast_run":"2026-10-01T15:00:00+07:00","precision_note":"Approximate model-grid context; not street-level rainfall."},"geometry":{"type":"Polygon","coordinates":[[[100.88792087013115,13.89381898495694],[100.88792087013115,13.946003154999278],[100.88929442996958,13.94616428718982],[100.88989999627775,13.946240923324583],[100.8913124716545,13.946403924812552],[100.89343720029314,13.946676606118269],[100.8955184267569,13.946862620828982],[100.89871463744869,13.947183390813088],[100.90100847436821,13.94741288614558],[100.90325773652036,13.947637058574276],[100.90556989595453,13.947843772439063],[100.90781687576302,13.948071308577292],[100.90990748365064,13.94827180956882],[100.91169825397576,13.948440756711122],[100.91398973922564,13.948664495495255],[100.91412111584997,13.948675888467635],[100.91413474652497,13.94829507457907],[100.91413563279436,13.9473506430632],[100.91409773517441,13.946542079811891],[100.91408504654515,13.946055280828663],[100.91402835183564,13.945492009722537],[100.91390601010359,13.94440168610514],[100.9138731246797,13.944200859253266],[100.9138416491705,13.9439604820145],[100.91377781284275,13.94330237160108],[100.91365352179568,13.942466244802263],[100.91360375921712,13.941971829151676],[100.91356674700262,13.941550744229664],[100.91346509091814,13.94093472946388],[100.91332217295856,13.939802768536676],[100.91324802030087,13.938944782612465],[100.91318540893057,13.938434651810592],[100.9130798386706,13.937834482944877],[100.91297204285245,13.936683040305793],[100.91283422239977,13.935677563940134],[100.91267615833213,13.934531033477139],[100.91253056557142,13.933423944927725],[100.91234890324195,13.93214994340526],[100.9122464016422,13.931148707190664],[100.91210140273459,13.930042742643323],[100.91193293197568,13.928895162321043],[100.91189780125069,13.928491006804585],[100.91187278786002,13.928191833608723],[100.91184302686136,13.92787801069927],[100.91182993084688,13.927621672404946],[100.9117626676006,13.927318311026436],[100.91177485107617,13.927252693025343],[100.91175660459128,13.927073214477891],[100.91168315751104,13.926791366697095],[100.91155961519671,13.925762051845402],[100.91153162958463,13.925382692415376],[100.91139664062514,13.924508235473933],[100.91127641618628,13.923389647917858],[100.91099125800893,13.921270310130403],[100.9109558081627,13.921037870427662],[100.91092909686812,13.92081326917046],[100.91091445425899,13.9205795366012],[100.91084787190162,13.919936130122734],[100.91072299605769,13.918954271206331],[100.91061801692106,13.918141710760693],[100.91058966186506,13.917998461374202],[100.91042717667214,13.91680225312538],[100.91029042935122,13.915712035339508],[100.9100196892848,13.91358467216692],[100.90985680516346,13.912338759710854],[100.90976273866178,13.911304691334493],[100.90957804707547,13.910219365254413],[100.90953944552936,13.90988414683821],[100.9095282051284,13.909571308169044],[100.90946119868558,13.909227273581147],[100.90940468992288,13.90875324134256],[100.90936863362279,13.9084462453646],[100.90936566656235,13.90829601857181],[100.90929209880753,13.907715928001137],[100.90917618322385,13.907119223276766],[100.90913799192195,13.90683370816343],[100.90909736118087,13.906462354940308],[100.90902613197541,13.905955676247538],[100.90897501333863,13.905362982932028],[100.90892411487938,13.905008655415143],[100.90882176389123,13.904232221694528],[100.90874659114371,13.903738000235384],[100.90865226458011,13.902741211912762],[100.90855012765309,13.901708334055598],[100.90844626621723,13.90053538568109],[100.9083752110241,13.89955536024895],[100.90835017701778,13.899040412460812],[100.9082981633127,13.898831823587974],[100.90824649214515,13.898665031846447],[100.90818113393397,13.898309687035713],[100.90811834839897,13.897844740164686],[100.90808274603128,13.897521923981975],[100.90804123798988,13.897113295750533],[100.90798974761188,13.89661550001777],[100.90789283660351,13.896643369381126],[100.90788079668015,13.896514677540996],[100.90789347481885,13.896438888472574],[100.90789167089422,13.896359823485016],[100.90788762829477,13.896289813602973],[100.90788306303456,13.8962265860125],[100.90787893718725,13.896146409468324],[100.90787667537263,13.896082034173103],[100.90786737467225,13.89600528717375],[100.90785631079096,13.895925164848455],[100.90785111188526,13.895855163998013],[100.90784827191378,13.895790792314441],[100.90784590836938,13.8957139910964],[100.90784423400498,13.895650740907692],[100.90785006660722,13.895586302351138],[100.90784423405277,13.895509528241579],[100.90783607032553,13.895430512945886],[100.90782446533937,13.895354913645217],[100.90781929422903,13.895288301675388],[100.90780883635036,13.895211563706138],[100.90780600567952,13.89514832254917],[100.90779854966007,13.895085117536219],[100.90778530270818,13.895020828073273],[100.90777486428117,13.89494634844535],[100.90777305122694,13.894866153812007],[100.90777591902108,13.894792700809642],[100.90777180255161,13.894713653875948],[100.90776428182592,13.89464254145263],[100.90776074353766,13.894563489999168],[100.90774909241095,13.894482242535176],[100.90773231178153,13.89441007276207],[100.9077259659223,13.894341210556213],[100.90772080415022,13.894275728201817],[100.9077138893852,13.894208000140873],[100.90771265455119,13.894127800077815],[100.90771209038209,13.89405889269296],[100.90771214137686,13.893994499307261],[100.90770865863685,13.893922225621228],[100.90770044976597,13.893837562144585],[100.90769663482004,13.89381898495694],[100.88792087013115,13.89381898495694]]]}}]}